Prscrbr_NPI,Prscrbr_Last_Org_Name,Prscrbr_First_Name,Prscrbr_City,Prscrbr_State_Abrvtn,Prscrbr_State_FIPS,Prscrbr_Type,Prscrbr_Type_Src,Brnd_Name,Gnrc_Name,Tot_Clms,Tot_30day_Fills,Tot_Day_Suply,Tot_Drug_Cst,Tot_Benes,GE65_Sprsn_Flag,GE65_Tot_Clms,GE65_Tot_30day_Fills,GE65_Tot_Drug_Cst,GE65_Tot_Day_Suply,GE65_Bene_Sprsn_Flag,GE65_Tot_Benes
1003001363,Stevens,Charles,El Centro,CA,06,Pain Management,Claim-Specialty,Acetaminophen-Codeine,Acetaminophen With Codeine,32,32,661,610.44,16,,21,21,275.47,414,#,
1003001363,Stevens,Charles,El Centro,CA,06,Pain Management,Claim-Specialty,Amitriptyline Hcl,Amitriptyline Hcl,87,103,3082,1564.91,40,,32,38,431.97,1140,,19
1003001363,Stevens,Charles,El Centro,CA,06,Pain Management,Claim-Specialty,Baclofen,Baclofen,132,138,4140,3390.42,58,,87,89,2172.46,2670,,38
1003001363,Stevens,Charles,El Centro,CA,06,Pain Management,Claim-Specialty,Buprenorphine,Buprenorphine,23,23,650,9206.49,13,#,,,,,*,
1003001363,Stevens,Charles,El Centro,CA,06,Pain Management,Claim-Specialty,Buprenorphine-Naloxone,Buprenorphine Hcl/Naloxone Hcl,13,13,390,3256.54,,*,,,,,*,
1003001363,Stevens,Charles,El Centro,CA,06,Pain Management,Claim-Specialty,Butalbital-Acetaminophen-Caffe,Butalb/Acetaminophen/Caffeine,17,17,510,487.63,,*,,,,,*,
1003001363,Stevens,Charles,El Centro,CA,06,Pain Management,Claim-Specialty,Celecoxib,Celecoxib,38,42,1260,1523.04,15,,23,27,666.63,810,#,
1003001363,Stevens,Charles,El Centro,CA,06,Pain Management,Claim-Specialty,Cephalexin,Cephalexin,23,23,203,210.74,21,#,,,,,#,
1003001363,Stevens,Charles,El Centro,CA,06,Pain Management,Claim-Specialty,Cyclobenzaprine Hcl,Cyclobenzaprine Hcl,151,153,4545,1641.11,61,,94,94,738.91,2820,,36
1003001363,Stevens,Charles,El Centro,CA,06,Pain Management,Claim-Specialty,Diclofenac Sodium,Diclofenac Sodium,226,265.6,6801,6502.47,102,,145,164.4,4057.25,4187,,67
1003001363,Stevens,Charles,El Centro,CA,06,Pain Management,Claim-Specialty,Duloxetine Hcl,Duloxetine Hcl,53,63,1890,1629.68,23,,28,30,524.54,900,#,
1003001363,Stevens,Charles,El Centro,CA,06,Pain Management,Claim-Specialty,Eszopiclone,Eszopiclone,11,11,330,147.72,,*,,,,,*,
1003001363,Stevens,Charles,El Centro,CA,06,Pain Management,Claim-Specialty,Fentanyl,Fentanyl,43,43,1290,5031.01,20,,32,32,3276.02,960,#,
1003001363,Stevens,Charles,El Centro,CA,06,Pain Management,Claim-Specialty,Gabapentin,Gabapentin,577,649.7,19421,10945.83,268,,399,458,7288.96,13671,,198
1003001363,Stevens,Charles,El Centro,CA,06,Pain Management,Claim-Specialty,Hydrocodone-Acetaminophen,Hydrocodone/Acetaminophen,1103,1103,31748,36461.34,498,,823,823,26360.77,23736,,371
1003001363,Stevens,Charles,El Centro,CA,06,Pain Management,Claim-Specialty,Hydromorphone Hcl,Hydromorphone Hcl,60,60,1605,1028.66,32,,25,25,529.46,681,,14
1003001363,Stevens,Charles,El Centro,CA,06,Pain Management,Claim-Specialty,Ibuprofen,Ibuprofen,120,126,3705,1441.11,64,,59,65,722.81,1950,,35
1003001363,Stevens,Charles,El Centro,CA,06,Pain Management,Claim-Specialty,Lansoprazole,Lansoprazole,15,15,375,520.36,,#,,,,,*,
1003001363,Stevens,Charles,El Centro,CA,06,Pain Management,Claim-Specialty,Lidocaine,Lidocaine,56,63,1757,5735.92,32,,29,36,2649.23,995,,19
1003001363,Stevens,Charles,El Centro,CA,06,Pain Management,Claim-Specialty,Meloxicam,Meloxicam,146,176,5281,1204.83,73,,106,126,865.37,3781,,54
1003001363,Stevens,Charles,El Centro,CA,06,Pain Management,Claim-Specialty,Methocarbamol,Methocarbamol,29,31,910,399.69,16,,12,14,69.03,420,*,
1003001363,Stevens,Charles,El Centro,CA,06,Pain Management,Claim-Specialty,Morphine Sulfate,Morphine Sulfate,47,47,1407,1732.25,26,,24,24,828.31,720,*,
1003001363,Stevens,Charles,El Centro,CA,06,Pain Management,Claim-Specialty,Morphine Sulfate Er,Morphine Sulfate,241,241,7099,6193.85,112,,178,178,4554.55,5287,,78
1003001363,Stevens,Charles,El Centro,CA,06,Pain Management,Claim-Specialty,Movantik,Naloxegol Oxalate,22,24,720,9966.47,,#,,,,,*,
1003001363,Stevens,Charles,El Centro,CA,06,Pain Management,Claim-Specialty,Naloxone Hcl,Naloxone Hcl,300,377.7,7636,24256.58,284,,201,256.3,16530.47,5229,,191
1003001363,Stevens,Charles,El Centro,CA,06,Pain Management,Claim-Specialty,Naproxen,Naproxen,34,38,1140,1251.69,16,,21,25,1146.77,750,*,
1003001363,Stevens,Charles,El Centro,CA,06,Pain Management,Claim-Specialty,Omeprazole,Omeprazole,55,67,2010,729.95,15,,43,51,498.58,1530,#,
1003001363,Stevens,Charles,El Centro,CA,06,Pain Management,Claim-Specialty,Ondansetron Odt,Ondansetron,35,35,1012,760.56,15,#,,,,,#,
1003001363,Stevens,Charles,El Centro,CA,06,Pain Management,Claim-Specialty,Oxycodone Hcl,Oxycodone Hcl,523,523,15227,13399.73,235,,339,339,8589.34,9949,,152
1003001363,Stevens,Charles,El Centro,CA,06,Pain Management,Claim-Specialty,Oxycodone-Acetaminophen,Oxycodone Hcl/Acetaminophen,486,486,13885,21251.45,222,,335,335,14054.01,9542,,157
1003001363,Stevens,Charles,El Centro,CA,06,Pain Management,Claim-Specialty,Oxycontin,Oxycodone Hcl,30,30,847,21081.38,11,#,,,,,*,
1003001363,Stevens,Charles,El Centro,CA,06,Pain Management,Claim-Specialty,Pantoprazole Sodium,Pantoprazole Sodium,14,18,540,162.2,,*,,,,,*,
1003001363,Stevens,Charles,El Centro,CA,06,Pain Management,Claim-Specialty,Pregabalin,Pregabalin,220,227,6797,7141.27,104,,109,116,3007.13,3480,,56
1003001363,Stevens,Charles,El Centro,CA,06,Pain Management,Claim-Specialty,Relistor,Methylnaltrexone Bromide,33,33,990,78499.16,15,#,,,,,*,
1003001363,Stevens,Charles,El Centro,CA,06,Pain Management,Claim-Specialty,Ropinirole Hcl,Ropinirole Hcl,31,39,1170,563,15,#,,,,,#,
1003001363,Stevens,Charles,El Centro,CA,06,Pain Management,Claim-Specialty,Tizanidine Hcl,Tizanidine Hcl,89,91,2475,1047.5,41,,63,63,809.59,1698,,24
1003001363,Stevens,Charles,El Centro,CA,06,Pain Management,Claim-Specialty,Topiramate,Topiramate,37,45,1310,602.96,18,,19,19,132.77,530,*,
1003001363,Stevens,Charles,El Centro,CA,06,Pain Management,Claim-Specialty,Tramadol Hcl,Tramadol Hcl,301,301,7815,3701.47,142,,270,270,3278.11,6908,,124
1003001363,Stevens,Charles,El Centro,CA,06,Pain Management,Claim-Specialty,Tramadol Hcl Er,Tramadol Hcl,23,23,689,1724.24,,#,,,,,*,
1003001363,Stevens,Charles,El Centro,CA,06,Pain Management,Claim-Specialty,Trazodone Hcl,Trazodone Hcl,111,127,3790,1084.29,38,,78,88,801.5,2640,,26
1003001363,Stevens,Charles,El Centro,CA,06,Pain Management,Claim-Specialty,Xtampza Er,Oxycodone Myristate,32,32,922,14851.66,12,,13,13,8611.07,367,*,
1003001645,Trivedi,Vinod,Sacramento,CA,06,Infectious Disease,Claim-Specialty,Amoxicillin,Amoxicillin,51,63,1598,345.8,,,51,63,345.8,1598,*,
1003001645,Trivedi,Vinod,Sacramento,CA,06,Infectious Disease,Claim-Specialty,Amoxicillin-Clavulanate Potass,Amoxicillin/Potassium Clav,15,15,401,574.82,,#,,,,,*,
1003001645,Trivedi,Vinod,Sacramento,CA,06,Infectious Disease,Claim-Specialty,Azithromycin,Azithromycin,56,82,2286,1437.83,14,#,,,,,#,
1003001645,Trivedi,Vinod,Sacramento,CA,06,Infectious Disease,Claim-Specialty,Biktarvy,Bictegrav/Emtricit/Tenofov Ala,119,133,3990,531623.88,13,,55,69,269358.1,2070,*,
1003001645,Trivedi,Vinod,Sacramento,CA,06,Infectious Disease,Claim-Specialty,Cefadroxil,Cefadroxil,18,18,316,1436.38,,,18,18,1436.38,316,*,
1003001645,Trivedi,Vinod,Sacramento,CA,06,Infectious Disease,Claim-Specialty,Cefepime Hcl,Cefepime Hcl,25,25,141,6141.85,,,12,12,2366.32,58,*,
1003001645,Trivedi,Vinod,Sacramento,CA,06,Infectious Disease,Claim-Specialty,Cefpodoxime Proxetil,Cefpodoxime Proxetil,16,16,443,1743.73,,#,,,,,*,
1003001645,Trivedi,Vinod,Sacramento,CA,06,Infectious Disease,Claim-Specialty,Ceftriaxone,Ceftriaxone Sodium,19,19,117,1119.58,,#,,,,,*,
1003001645,Trivedi,Vinod,Sacramento,CA,06,Infectious Disease,Claim-Specialty,Cephalexin,Cephalexin,53,65,1740,770.97,11,,53,65,770.97,1740,,11
1003001645,Trivedi,Vinod,Sacramento,CA,06,Infectious Disease,Claim-Specialty,Ciprofloxacin Hcl,Ciprofloxacin Hcl,18,18,326,294.31,,#,,,,,*,
1003001645,Trivedi,Vinod,Sacramento,CA,06,Infectious Disease,Claim-Specialty,Daptomycin,Daptomycin,17,17,93,6690,,#,,,,,*,
1003001645,Trivedi,Vinod,Sacramento,CA,06,Infectious Disease,Claim-Specialty,Descovy,Emtricitabine/Tenofov Alafenam,12,12,360,25418.4,,,12,12,25418.4,360,*,
1003001645,Trivedi,Vinod,Sacramento,CA,06,Infectious Disease,Claim-Specialty,Doxycycline Monohydrate,Doxycycline Monohydrate,40,56,1536,1803.45,11,#,,,,,*,
1003001645,Trivedi,Vinod,Sacramento,CA,06,Infectious Disease,Claim-Specialty,Ethambutol Hcl,Ethambutol Hcl,37,47,1335,2000.89,,#,,,,,*,
1003001645,Trivedi,Vinod,Sacramento,CA,06,Infectious Disease,Claim-Specialty,Fluconazole,Fluconazole,22,40,1200,789.53,,,22,40,789.53,1200,*,
1003001645,Trivedi,Vinod,Sacramento,CA,06,Infectious Disease,Claim-Specialty,Fosfomycin Tromethamine,Fosfomycin Tromethamine,12,12,147,1116.63,,*,,,,,*,
1003001645,Trivedi,Vinod,Sacramento,CA,06,Infectious Disease,Claim-Specialty,Gemtesa,Vibegron,12,12,360,6275.75,,,12,12,6275.75,360,*,
1003001645,Trivedi,Vinod,Sacramento,CA,06,Infectious Disease,Claim-Specialty,Genvoya,Elviteg/Cob/Emtri/Tenof Alafen,19,27,810,113062.28,,,19,27,113062.28,810,*,
1003001645,Trivedi,Vinod,Sacramento,CA,06,Infectious Disease,Claim-Specialty,Isoniazid,Isoniazid,12,13.8,404,50.19,,*,,,,,*,
1003001645,Trivedi,Vinod,Sacramento,CA,06,Infectious Disease,Claim-Specialty,Juluca,Dolutegravir/Rilpivirine,11,11,330,38952.1,,,0,0,0,0,#,
1003001645,Trivedi,Vinod,Sacramento,CA,06,Infectious Disease,Claim-Specialty,Levofloxacin,Levofloxacin,11,11,257,466.97,,*,,,,,*,
1003001645,Trivedi,Vinod,Sacramento,CA,06,Infectious Disease,Claim-Specialty,Nitrofurantoin Mono-Macro,Nitrofurantoin Monohyd/M-Cryst,19,19,452,366.85,,,19,19,366.85,452,*,
1003001645,Trivedi,Vinod,Sacramento,CA,06,Infectious Disease,Claim-Specialty,Posaconazole,Posaconazole,11,11,330,58286.97,,*,,,,,*,
1003001645,Trivedi,Vinod,Sacramento,CA,06,Infectious Disease,Claim-Specialty,Pravastatin Sodium,Pravastatin Sodium,11,11,330,76.7,,,11,11,76.7,330,*,
1003001645,Trivedi,Vinod,Sacramento,CA,06,Infectious Disease,Claim-Specialty,Rifampin,Rifampin,44,64,1795,2916.93,11,#,,,,,*,
1003001645,Trivedi,Vinod,Sacramento,CA,06,Infectious Disease,Claim-Specialty,Sulfamethoxazole-Trimethoprim,Sulfamethoxazole/Trimethoprim,54,64,1828,660.52,,,38,48,423.14,1348,*,
1003001645,Trivedi,Vinod,Sacramento,CA,06,Infectious Disease,Claim-Specialty,Symtuza,Darunavir/Cob/Emtri/Tenof Alaf,11,11,330,48957.73,,,0,0,0,0,#,
1003001645,Trivedi,Vinod,Sacramento,CA,06,Infectious Disease,Claim-Specialty,Tivicay,Dolutegravir Sodium,13,13,390,27451.41,,,13,13,27451.41,390,*,
1003001645,Trivedi,Vinod,Sacramento,CA,06,Infectious Disease,Claim-Specialty,Vancomycin Hcl,Vancomycin Hcl,39,39,219,7098.39,,*,,,,,*,
1003002049,Srinivasan,Lakshmi,Fremont,CA,06,Endocrinology,Claim-Specialty,Alendronate Sodium,Alendronate Sodium,22,58.9,1764,294.26,,,22,58.9,294.26,1764,*,
1003002049,Srinivasan,Lakshmi,Fremont,CA,06,Endocrinology,Claim-Specialty,Amlodipine Besylate,Amlodipine Besylate,42,96,2880,469.73,,#,,,,,*,
1003002049,Srinivasan,Lakshmi,Fremont,CA,06,Endocrinology,Claim-Specialty,Atorvastatin Calcium,Atorvastatin Calcium,70,162.2,4865,618.43,17,,47,139,407.25,4170,#,
1003002049,Srinivasan,Lakshmi,Fremont,CA,06,Endocrinology,Claim-Specialty,Basaglar Kwikpen U-100,"Insulin Glargine,hum.Rec.Anlog",15,34,1020,7067.5,,*,,,,,*,
1003002049,Srinivasan,Lakshmi,Fremont,CA,06,Endocrinology,Claim-Specialty,Benazepril Hcl,Benazepril Hcl,12,36,1080,123.19,,,12,36,123.19,1080,*,
1003002049,Srinivasan,Lakshmi,Fremont,CA,06,Endocrinology,Claim-Specialty,Comfort Ez Pen Needle,"Pen Needle, Diabetic",14,21.5,596,1235.21,,,14,21.5,1235.21,596,*,
1003002049,Srinivasan,Lakshmi,Fremont,CA,06,Endocrinology,Claim-Specialty,Droplet Pen Needle,"Pen Needle, Diabetic",14,40.7,1220,1024.61,,,14,40.7,1024.61,1220,*,
1003002049,Srinivasan,Lakshmi,Fremont,CA,06,Endocrinology,Claim-Specialty,Forteo,Teriparatide,14,15.8,448,72120.33,,#,,,,,*,
1003002049,Srinivasan,Lakshmi,Fremont,CA,06,Endocrinology,Claim-Specialty,Glipizide,Glipizide,83,249,7470,1544.07,27,#,,,,,#,
1003002049,Srinivasan,Lakshmi,Fremont,CA,06,Endocrinology,Claim-Specialty,Humalog Kwikpen U-100,Insulin Lispro,11,30.8,920,15224.11,,,11,30.8,15224.11,920,*,
1003002049,Srinivasan,Lakshmi,Fremont,CA,06,Endocrinology,Claim-Specialty,Hydrochlorothiazide,Hydrochlorothiazide,12,36,1080,134.58,,,12,36,134.58,1080,*,
1003002049,Srinivasan,Lakshmi,Fremont,CA,06,Endocrinology,Claim-Specialty,Janumet,Sitagliptin Phos/Metformin Hcl,17,43,1290,24437.29,,,17,43,24437.29,1290,*,
1003002049,Srinivasan,Lakshmi,Fremont,CA,06,Endocrinology,Claim-Specialty,Januvia,Sitagliptin Phosphate,43,123,3690,69535.04,13,#,,,,,#,
1003002049,Srinivasan,Lakshmi,Fremont,CA,06,Endocrinology,Claim-Specialty,Jardiance,Empagliflozin,71,197,5910,118588.37,21,#,,,,,#,
1003002049,Srinivasan,Lakshmi,Fremont,CA,06,Endocrinology,Claim-Specialty,Lantus Solostar,"Insulin Glargine,hum.Rec.Anlog",14,42.3,1264,14553.73,,,14,42.3,14553.73,1264,*,
1003002049,Srinivasan,Lakshmi,Fremont,CA,06,Endocrinology,Claim-Specialty,Levothyroxine Sodium,Levothyroxine Sodium,166,460.6,13776,2991.86,43,,144,421.8,2486.2,12614,#,
1003002049,Srinivasan,Lakshmi,Fremont,CA,06,Endocrinology,Claim-Specialty,Levoxyl,Levothyroxine Sodium,13,38.4,1152,120.98,,,13,38.4,120.98,1152,*,
1003002049,Srinivasan,Lakshmi,Fremont,CA,06,Endocrinology,Claim-Specialty,Lisinopril,Lisinopril,16,24.2,725,45.6,,*,,,,,*,
1003002049,Srinivasan,Lakshmi,Fremont,CA,06,Endocrinology,Claim-Specialty,Losartan Potassium,Losartan Potassium,11,33,990,175.73,,,11,33,175.73,990,*,
1003002049,Srinivasan,Lakshmi,Fremont,CA,06,Endocrinology,Claim-Specialty,Metformin Hcl,Metformin Hcl,79,213.5,6390,872.87,25,#,,,,,#,
1003002049,Srinivasan,Lakshmi,Fremont,CA,06,Endocrinology,Claim-Specialty,Metformin Hcl Er,Metformin Hcl,98,253.5,7500,1925.93,26,,83,232.5,1500.58,6975,#,
1003002049,Srinivasan,Lakshmi,Fremont,CA,06,Endocrinology,Claim-Specialty,Nano 2nd Gen Pen Needle,"Pen Needle, Diabetic",26,63.3,1900,2690,,#,,,,,*,
1003002049,Srinivasan,Lakshmi,Fremont,CA,06,Endocrinology,Claim-Specialty,Novolog Flexpen,Insulin Aspart,48,99.6,2966,74999.87,15,#,,,,,#,
1003002049,Srinivasan,Lakshmi,Fremont,CA,06,Endocrinology,Claim-Specialty,Ozempic,Semaglutide,113,230.7,6828,236624.18,25,,98,203.1,207499.84,6016,#,
1003002049,Srinivasan,Lakshmi,Fremont,CA,06,Endocrinology,Claim-Specialty,Pioglitazone Hcl,Pioglitazone Hcl,21,63,1890,492.94,,,21,63,492.94,1890,*,
1003002049,Srinivasan,Lakshmi,Fremont,CA,06,Endocrinology,Claim-Specialty,Repaglinide,Repaglinide,29,86.2,2586,1787.52,,,29,86.2,1787.52,2586,*,
1003002049,Srinivasan,Lakshmi,Fremont,CA,06,Endocrinology,Claim-Specialty,Rosuvastatin Calcium,Rosuvastatin Calcium,14,42,1260,1151.63,,*,,,,,*,
1003002049,Srinivasan,Lakshmi,Fremont,CA,06,Endocrinology,Claim-Specialty,Synthroid,Levothyroxine Sodium,23,62.4,1872,2820.98,,,23,62.4,2820.98,1872,*,
1003002049,Srinivasan,Lakshmi,Fremont,CA,06,Endocrinology,Claim-Specialty,Toujeo Solostar,"Insulin Glargine,hum.Rec.Anlog",13,38.6,1158,7529.24,,,13,38.6,7529.24,1158,*,
1003002049,Srinivasan,Lakshmi,Fremont,CA,06,Endocrinology,Claim-Specialty,Tresiba Flextouch U-100,Insulin Degludec,33,83.1,2494,21463.41,11,#,,,,,*,
1003002049,Srinivasan,Lakshmi,Fremont,CA,06,Endocrinology,Claim-Specialty,Tresiba Flextouch U-200,Insulin Degludec,16,41.7,1251,22753.5,,,16,41.7,22753.5,1251,*,
1003002049,Srinivasan,Lakshmi,Fremont,CA,06,Endocrinology,Claim-Specialty,Trulicity,Dulaglutide,19,36.1,1070,37491.42,,,19,36.1,37491.42,1070,*,
1003002049,Srinivasan,Lakshmi,Fremont,CA,06,Endocrinology,Claim-Specialty,Ultra-Fine Mini Pen Needle,"Pen Needle, Diabetic",19,56.3,1690,2893.5,,#,,,,,*,
1003002718,La,Trang,Oakland,CA,06,Radiation Oncology,Claim-Specialty,Bicalutamide,Bicalutamide,11,11,310,212.91,11,*,,,,,*,
1003002718,La,Trang,Oakland,CA,06,Radiation Oncology,Claim-Specialty,Ciprofloxacin Hcl,Ciprofloxacin Hcl,11,11,11,57.61,,*,,,,,*,
1003002718,La,Trang,Oakland,CA,06,Radiation Oncology,Claim-Specialty,Hydrocodone-Acetaminophen,Hydrocodone/Acetaminophen,15,15,138,538.84,11,,15,15,538.84,138,,11
1003002718,La,Trang,Oakland,CA,06,Radiation Oncology,Claim-Specialty,Lidocaine Hcl Viscous,Lidocaine Hcl,24,24,315,274.17,,,24,24,274.17,315,*,
1003002718,La,Trang,Oakland,CA,06,Radiation Oncology,Claim-Specialty,Tamsulosin Hcl,Tamsulosin Hcl,30,54.7,1640,438.4,13,,30,54.7,438.4,1640,,13
1003003641,Partnoff,Ryan,Pasadena,CA,06,Dentist,NPPES-Specialty,Amoxicillin,Amoxicillin,24,24,164,92.11,20,,24,24,92.11,164,,20
1003003781,Choti,Supak,Burney,CA,06,Dentist,NPPES-Specialty,Amoxicillin,Amoxicillin,52,52,325,190.59,45,#,,,,,#,
1003005075,Vu,Tom,Sherman Oaks,CA,06,Dentist,NPPES-Specialty,Amoxicillin,Amoxicillin,31,31,182,127.94,27,#,,,,,#,
1003008590,Chirumamilla,Radha,Modesto,CA,06,Internal Medicine,Claim-Specialty,Eliquis,Apixaban,14,14,405,8064.63,14,,14,14,8064.63,405,,14
1003008590,Chirumamilla,Radha,Modesto,CA,06,Internal Medicine,Claim-Specialty,Furosemide,Furosemide,11,11,315,41.17,11,,11,11,41.17,315,,11
1003008590,Chirumamilla,Radha,Modesto,CA,06,Internal Medicine,Claim-Specialty,Hydrocodone-Acetaminophen,Hydrocodone/Acetaminophen,12,12,48,111.87,11,*,,,,,*,
1003008590,Chirumamilla,Radha,Modesto,CA,06,Internal Medicine,Claim-Specialty,Levofloxacin,Levofloxacin,17,17,72,88.39,17,#,,,,,#,
1003008590,Chirumamilla,Radha,Modesto,CA,06,Internal Medicine,Claim-Specialty,Naloxone Hcl,Naloxone Hcl,17,17,135,1473.46,15,#,,,,,#,
1003008855,Lee,Alisia,Exeter,CA,06,Physician Assistant,NPPES-Specialty,Advair Diskus,Fluticasone Propion/Salmeterol,16,16,480,7450.8,,,16,16,7450.8,480,*,
1003008855,Lee,Alisia,Exeter,CA,06,Physician Assistant,NPPES-Specialty,Albuterol Sulfate Hfa,Albuterol Sulfate,33,37.9,897,988.41,14,#,,,,,#,
1003008855,Lee,Alisia,Exeter,CA,06,Physician Assistant,NPPES-Specialty,Alendronate Sodium,Alendronate Sodium,25,36.2,1048,313.86,,,25,36.2,313.86,1048,*,
1003008855,Lee,Alisia,Exeter,CA,06,Physician Assistant,NPPES-Specialty,Allopurinol,Allopurinol,23,43,1290,561.22,,#,,,,,*,
1003008855,Lee,Alisia,Exeter,CA,06,Physician Assistant,NPPES-Specialty,Amlodipine Besylate,Amlodipine Besylate,96,160,4800,952.81,25,,83,143,812.55,4290,#,
1003008855,Lee,Alisia,Exeter,CA,06,Physician Assistant,NPPES-Specialty,Atorvastatin Calcium,Atorvastatin Calcium,105,237,7110,2749.37,39,,72,172,1992.03,5160,#,
1003008855,Lee,Alisia,Exeter,CA,06,Physician Assistant,NPPES-Specialty,Basaglar Kwikpen U-100,"Insulin Glargine,hum.Rec.Anlog",13,17.2,515,5105.11,,#,,,,,*,
1003008855,Lee,Alisia,Exeter,CA,06,Physician Assistant,NPPES-Specialty,Benazepril Hcl,Benazepril Hcl,23,43,1290,357.42,,,23,43,357.42,1290,*,
1003008855,Lee,Alisia,Exeter,CA,06,Physician Assistant,NPPES-Specialty,Clopidogrel,Clopidogrel Bisulfate,25,43,1290,378.09,,#,,,,,*,
1003008855,Lee,Alisia,Exeter,CA,06,Physician Assistant,NPPES-Specialty,Combivent Respimat,Ipratropium/Albuterol Sulfate,23,23,675,12161.6,,#,,,,,*,
1003008855,Lee,Alisia,Exeter,CA,06,Physician Assistant,NPPES-Specialty,Cyclobenzaprine Hcl,Cyclobenzaprine Hcl,23,29,870,511.19,,,12,12,156.84,360,*,
1003008855,Lee,Alisia,Exeter,CA,06,Physician Assistant,NPPES-Specialty,Diclofenac Sodium,Diclofenac Sodium,41,41.5,1207,969.57,,#,,,,,*,
1003008855,Lee,Alisia,Exeter,CA,06,Physician Assistant,NPPES-Specialty,Duloxetine Hcl,Duloxetine Hcl,14,16,480,251.1,,,14,16,251.1,480,*,
1003008855,Lee,Alisia,Exeter,CA,06,Physician Assistant,NPPES-Specialty,Escitalopram Oxalate,Escitalopram Oxalate,14,22,660,424.9,,*,,,,,*,
1003008855,Lee,Alisia,Exeter,CA,06,Physician Assistant,NPPES-Specialty,Esomeprazole Magnesium,Esomeprazole Magnesium,20,20,600,613.52,,#,,,,,*,
1003008855,Lee,Alisia,Exeter,CA,06,Physician Assistant,NPPES-Specialty,Famotidine,Famotidine,20,28,840,468.88,,#,,,,,*,
1003008855,Lee,Alisia,Exeter,CA,06,Physician Assistant,NPPES-Specialty,Fenofibrate,Fenofibrate,14,18,540,242.84,,,14,18,242.84,540,*,
1003008855,Lee,Alisia,Exeter,CA,06,Physician Assistant,NPPES-Specialty,Fluoxetine Hcl,Fluoxetine Hcl,17,35,1050,518.02,,,0,0,0,0,#,
1003008855,Lee,Alisia,Exeter,CA,06,Physician Assistant,NPPES-Specialty,Fluticasone Propionate,Fluticasone Propionate,21,35,1050,329.24,12,#,,,,,*,
1003008855,Lee,Alisia,Exeter,CA,06,Physician Assistant,NPPES-Specialty,Furosemide,Furosemide,26,36,1080,124.86,,,15,25,95.73,750,*,
1003008855,Lee,Alisia,Exeter,CA,06,Physician Assistant,NPPES-Specialty,Gabapentin,Gabapentin,30,30,900,263.62,,#,,,,,*,
1003008855,Lee,Alisia,Exeter,CA,06,Physician Assistant,NPPES-Specialty,Glipizide,Glipizide,11,15,450,27.56,,*,,,,,*,
1003008855,Lee,Alisia,Exeter,CA,06,Physician Assistant,NPPES-Specialty,Hydrochlorothiazide,Hydrochlorothiazide,45,65,1926,186.48,12,#,,,,,#,
1003008855,Lee,Alisia,Exeter,CA,06,Physician Assistant,NPPES-Specialty,Hydroxyzine Hcl,Hydroxyzine Hcl,11,11,290,155.24,,*,,,,,*,
1003008855,Lee,Alisia,Exeter,CA,06,Physician Assistant,NPPES-Specialty,Ibuprofen,Ibuprofen,21,22.3,571,163.75,,#,,,,,*,
1003008855,Lee,Alisia,Exeter,CA,06,Physician Assistant,NPPES-Specialty,Januvia,Sitagliptin Phosphate,44,62,1853,35713.1,,,33,51,29113.39,1523,*,
1003008855,Lee,Alisia,Exeter,CA,06,Physician Assistant,NPPES-Specialty,Jardiance,Empagliflozin,53,61,1830,38880.34,11,,35,41,26072.47,1230,*,
1003008855,Lee,Alisia,Exeter,CA,06,Physician Assistant,NPPES-Specialty,Levothyroxine Sodium,Levothyroxine Sodium,71,129,3870,1020.11,15,#,,,,,#,
1003008855,Lee,Alisia,Exeter,CA,06,Physician Assistant,NPPES-Specialty,Lisinopril,Lisinopril,134,230,6900,1424.03,33,,111,187,1087.89,5610,#,
1003008855,Lee,Alisia,Exeter,CA,06,Physician Assistant,NPPES-Specialty,Losartan Potassium,Losartan Potassium,44,75,2250,601.16,15,#,,,,,#,
1003008855,Lee,Alisia,Exeter,CA,06,Physician Assistant,NPPES-Specialty,Lovastatin,Lovastatin,18,29.8,895,291.36,,,18,29.8,291.36,895,*,
1003008855,Lee,Alisia,Exeter,CA,06,Physician Assistant,NPPES-Specialty,Meloxicam,Meloxicam,13,15,450,151.35,,,13,15,151.35,450,*,
1003008855,Lee,Alisia,Exeter,CA,06,Physician Assistant,NPPES-Specialty,Metformin Hcl,Metformin Hcl,126,198.3,5950,1117.62,26,,105,167.3,892.37,5020,#,
1003008855,Lee,Alisia,Exeter,CA,06,Physician Assistant,NPPES-Specialty,Metformin Hcl Er,Metformin Hcl,47,99,2970,359.51,,#,,,,,*,
1003008855,Lee,Alisia,Exeter,CA,06,Physician Assistant,NPPES-Specialty,Metoclopramide Hcl,Metoclopramide Hcl,12,12,360,169.56,,,12,12,169.56,360,*,
1003008855,Lee,Alisia,Exeter,CA,06,Physician Assistant,NPPES-Specialty,Metoprolol Succinate,Metoprolol Succinate,42,52,1560,438.81,,,27,35,326.37,1050,*,
1003008855,Lee,Alisia,Exeter,CA,06,Physician Assistant,NPPES-Specialty,Metoprolol Tartrate,Metoprolol Tartrate,11,21,630,96.77,,,11,21,96.77,630,*,
1003008855,Lee,Alisia,Exeter,CA,06,Physician Assistant,NPPES-Specialty,Montelukast Sodium,Montelukast Sodium,25,42.8,1285,829.16,,*,,,,,*,
1003008855,Lee,Alisia,Exeter,CA,06,Physician Assistant,NPPES-Specialty,Omega-3 Acid Ethyl Esters,Omega-3 Acid Ethyl Esters,13,28,840,809.26,,*,,,,,*,
1003008855,Lee,Alisia,Exeter,CA,06,Physician Assistant,NPPES-Specialty,Omeprazole,Omeprazole,27,49,1470,569.78,,#,,,,,*,
1003008855,Lee,Alisia,Exeter,CA,06,Physician Assistant,NPPES-Specialty,Ozempic,Semaglutide,13,13,364,12816.48,,*,,,,,*,
1003008855,Lee,Alisia,Exeter,CA,06,Physician Assistant,NPPES-Specialty,Pantoprazole Sodium,Pantoprazole Sodium,16,42,1260,461.66,,#,,,,,*,
1003008855,Lee,Alisia,Exeter,CA,06,Physician Assistant,NPPES-Specialty,Paroxetine Hcl,Paroxetine Hcl,11,19,570,380.7,,,11,19,380.7,570,*,
1003008855,Lee,Alisia,Exeter,CA,06,Physician Assistant,NPPES-Specialty,Pravastatin Sodium,Pravastatin Sodium,31,70,2100,835.75,12,#,,,,,#,
1003008855,Lee,Alisia,Exeter,CA,06,Physician Assistant,NPPES-Specialty,Pregabalin,Pregabalin,15,15,430,1398.85,,*,,,,,*,
1003008855,Lee,Alisia,Exeter,CA,06,Physician Assistant,NPPES-Specialty,Simvastatin,Simvastatin,78,120,3600,595.36,12,#,,,,,*,
1003008855,Lee,Alisia,Exeter,CA,06,Physician Assistant,NPPES-Specialty,Tamsulosin Hcl,Tamsulosin Hcl,12,32,960,323.37,,,12,32,323.37,960,*,
1003008855,Lee,Alisia,Exeter,CA,06,Physician Assistant,NPPES-Specialty,Ultra-Fine Micro Pen Needle,"Pen Needle, Diabetic",11,11.7,300,598.43,,,11,11.7,598.43,300,*,
1003008855,Lee,Alisia,Exeter,CA,06,Physician Assistant,NPPES-Specialty,Ventolin Hfa,Albuterol Sulfate,20,22.3,447,1364.99,,#,,,,,*,
1003009440,Vontela,Rekha,Antioch,CA,06,Dentist,NPPES-Specialty,Amoxicillin,Amoxicillin,24,24,150,114.25,19,#,,,,,#,
1003010950,Arthur,Kristine,Fountain Valley,CA,06,Internal Medicine,Claim-Specialty,Advair Diskus,Fluticasone Propion/Salmeterol,12,12,360,5309.76,,,12,12,5309.76,360,*,
1003010950,Arthur,Kristine,Fountain Valley,CA,06,Internal Medicine,Claim-Specialty,Albuterol Sulfate Hfa,Albuterol Sulfate,39,51.9,1425,1470.75,17,,39,51.9,1470.75,1425,,17
1003010950,Arthur,Kristine,Fountain Valley,CA,06,Internal Medicine,Claim-Specialty,Alendronate Sodium,Alendronate Sodium,54,117.3,3482,874.02,15,,54,117.3,874.02,3482,,15
1003010950,Arthur,Kristine,Fountain Valley,CA,06,Internal Medicine,Claim-Specialty,Allopurinol,Allopurinol,52,126,3758,822.31,14,,52,126,822.31,3758,,14
1003010950,Arthur,Kristine,Fountain Valley,CA,06,Internal Medicine,Claim-Specialty,Alprazolam,Alprazolam,18,18.3,467,20.67,,#,,,,,*,
1003010950,Arthur,Kristine,Fountain Valley,CA,06,Internal Medicine,Claim-Specialty,Amlodipine Besylate,Amlodipine Besylate,120,282,8430,1094.98,39,,120,282,1094.98,8430,,39
1003010950,Arthur,Kristine,Fountain Valley,CA,06,Internal Medicine,Claim-Specialty,Atenolol,Atenolol,35,65.3,1960,317.87,,,35,65.3,317.87,1960,*,
1003010950,Arthur,Kristine,Fountain Valley,CA,06,Internal Medicine,Claim-Specialty,Atorvastatin Calcium,Atorvastatin Calcium,269,729.3,21854,4080.9,78,,269,729.3,4080.9,21854,,78
1003010950,Arthur,Kristine,Fountain Valley,CA,06,Internal Medicine,Claim-Specialty,Benazepril Hcl,Benazepril Hcl,26,73.3,2200,560.71,,,26,73.3,560.71,2200,*,
1003010950,Arthur,Kristine,Fountain Valley,CA,06,Internal Medicine,Claim-Specialty,Bupropion Hcl Sr,Bupropion Hcl,14,18,540,287.25,,*,,,,,*,
1003010950,Arthur,Kristine,Fountain Valley,CA,06,Internal Medicine,Claim-Specialty,Carvedilol,Carvedilol,22,40,1200,225.16,,,22,40,225.16,1200,*,
1003010950,Arthur,Kristine,Fountain Valley,CA,06,Internal Medicine,Claim-Specialty,Citalopram Hbr,Citalopram Hydrobromide,12,28,840,100.87,,,12,28,100.87,840,*,
1003010950,Arthur,Kristine,Fountain Valley,CA,06,Internal Medicine,Claim-Specialty,Clopidogrel,Clopidogrel Bisulfate,11,33,990,207.8,,,11,33,207.8,990,*,
1003010950,Arthur,Kristine,Fountain Valley,CA,06,Internal Medicine,Claim-Specialty,Combivent Respimat,Ipratropium/Albuterol Sulfate,12,12,360,6403.08,,,12,12,6403.08,360,*,
1003010950,Arthur,Kristine,Fountain Valley,CA,06,Internal Medicine,Claim-Specialty,Duloxetine Hcl,Duloxetine Hcl,12,16,467,223.02,,*,,,,,*,
1003010950,Arthur,Kristine,Fountain Valley,CA,06,Internal Medicine,Claim-Specialty,Eliquis,Apixaban,15,29,870,15879.01,,,15,29,15879.01,870,*,
1003010950,Arthur,Kristine,Fountain Valley,CA,06,Internal Medicine,Claim-Specialty,Escitalopram Oxalate,Escitalopram Oxalate,23,41,1230,389.49,,,23,41,389.49,1230,*,
1003010950,Arthur,Kristine,Fountain Valley,CA,06,Internal Medicine,Claim-Specialty,Ezetimibe,Ezetimibe,47,80.4,2410,1916.07,,,47,80.4,1916.07,2410,*,
1003010950,Arthur,Kristine,Fountain Valley,CA,06,Internal Medicine,Claim-Specialty,Famotidine,Famotidine,28,48.2,1445,374.9,,#,,,,,*,
1003010950,Arthur,Kristine,Fountain Valley,CA,06,Internal Medicine,Claim-Specialty,Farxiga,Dapagliflozin Propanediol,12,12,349,6801.87,,,12,12,6801.87,349,*,
1003010950,Arthur,Kristine,Fountain Valley,CA,06,Internal Medicine,Claim-Specialty,Felodipine Er,Felodipine,17,25,750,268.12,,,17,25,268.12,750,*,
1003010950,Arthur,Kristine,Fountain Valley,CA,06,Internal Medicine,Claim-Specialty,Fluoxetine Hcl,Fluoxetine Hcl,14,20,600,248.58,,,14,20,248.58,600,*,
1003010950,Arthur,Kristine,Fountain Valley,CA,06,Internal Medicine,Claim-Specialty,Fluticasone Propionate,Fluticasone Propionate,22,36.9,1106,181.39,,,22,36.9,181.39,1106,*,
1003010950,Arthur,Kristine,Fountain Valley,CA,06,Internal Medicine,Claim-Specialty,Gabapentin,Gabapentin,28,53,1590,385.94,,#,,,,,*,
1003010950,Arthur,Kristine,Fountain Valley,CA,06,Internal Medicine,Claim-Specialty,Glipizide,Glipizide,13,41,1230,284.9,,,13,41,284.9,1230,*,
1003010950,Arthur,Kristine,Fountain Valley,CA,06,Internal Medicine,Claim-Specialty,Glipizide Er,Glipizide,17,32,960,265.83,,,17,32,265.83,960,*,
1003010950,Arthur,Kristine,Fountain Valley,CA,06,Internal Medicine,Claim-Specialty,Hydrochlorothiazide,Hydrochlorothiazide,84,168,5013,299.79,21,,84,168,299.79,5013,,21
1003010950,Arthur,Kristine,Fountain Valley,CA,06,Internal Medicine,Claim-Specialty,Januvia,Sitagliptin Phosphate,28,48,1440,23857.05,,,28,48,23857.05,1440,*,
1003010950,Arthur,Kristine,Fountain Valley,CA,06,Internal Medicine,Claim-Specialty,Lantus Solostar,"Insulin Glargine,hum.Rec.Anlog",26,57.3,1648,14456.99,,,26,57.3,14456.99,1648,*,
1003010950,Arthur,Kristine,Fountain Valley,CA,06,Internal Medicine,Claim-Specialty,Levothyroxine Sodium,Levothyroxine Sodium,203,442.5,13187,3428.28,55,,186,397.5,3042.68,11837,#,
1003010950,Arthur,Kristine,Fountain Valley,CA,06,Internal Medicine,Claim-Specialty,Lisinopril,Lisinopril,141,381.7,11377,1306.73,40,,141,381.7,1306.73,11377,,40
1003010950,Arthur,Kristine,Fountain Valley,CA,06,Internal Medicine,Claim-Specialty,Losartan Potassium,Losartan Potassium,147,412.1,12360,2815.41,41,#,,,,,#,
1003010950,Arthur,Kristine,Fountain Valley,CA,06,Internal Medicine,Claim-Specialty,Losartan-Hydrochlorothiazide,Losartan/Hydrochlorothiazide,12,24,720,163.5,,,12,24,163.5,720,*,
1003010950,Arthur,Kristine,Fountain Valley,CA,06,Internal Medicine,Claim-Specialty,Lovastatin,Lovastatin,15,48,1440,373.62,,,15,48,373.62,1440,*,
1003010950,Arthur,Kristine,Fountain Valley,CA,06,Internal Medicine,Claim-Specialty,Meclizine Hcl,Meclizine Hcl,16,16,160,74.4,,,16,16,74.4,160,*,
1003010950,Arthur,Kristine,Fountain Valley,CA,06,Internal Medicine,Claim-Specialty,Metformin Hcl,Metformin Hcl,116,296.5,8890,1172.95,34,,116,296.5,1172.95,8890,,34
1003010950,Arthur,Kristine,Fountain Valley,CA,06,Internal Medicine,Claim-Specialty,Metformin Hcl Er,Metformin Hcl,24,44,1320,504.28,,,24,44,504.28,1320,*,
1003010950,Arthur,Kristine,Fountain Valley,CA,06,Internal Medicine,Claim-Specialty,Metoprolol Succinate,Metoprolol Succinate,52,151.3,4520,1561.33,15,,52,151.3,1561.33,4520,,15
1003010950,Arthur,Kristine,Fountain Valley,CA,06,Internal Medicine,Claim-Specialty,Metoprolol Tartrate,Metoprolol Tartrate,57,124.7,3740,389.65,14,,57,124.7,389.65,3740,,14
1003010950,Arthur,Kristine,Fountain Valley,CA,06,Internal Medicine,Claim-Specialty,Montelukast Sodium,Montelukast Sodium,17,29,870,176.13,,,17,29,176.13,870,*,
1003010950,Arthur,Kristine,Fountain Valley,CA,06,Internal Medicine,Claim-Specialty,Nifedipine Er,Nifedipine,12,26,780,348.33,,*,,,,,*,
1003010950,Arthur,Kristine,Fountain Valley,CA,06,Internal Medicine,Claim-Specialty,Nitrofurantoin Mono-Macro,Nitrofurantoin Monohyd/M-Cryst,14,14,90,189.82,12,,14,14,189.82,90,,12
1003010950,Arthur,Kristine,Fountain Valley,CA,06,Internal Medicine,Claim-Specialty,Omeprazole,Omeprazole,103,203.7,6110,1345.32,27,,103,203.7,1345.32,6110,,27
1003010950,Arthur,Kristine,Fountain Valley,CA,06,Internal Medicine,Claim-Specialty,Ondansetron Hcl,Ondansetron Hcl,11,11,68,38.28,,*,,,,,*,
1003010950,Arthur,Kristine,Fountain Valley,CA,06,Internal Medicine,Claim-Specialty,Oxybutynin Chloride,Oxybutynin Chloride,12,28,840,340.08,,,12,28,340.08,840,*,
1003010950,Arthur,Kristine,Fountain Valley,CA,06,Internal Medicine,Claim-Specialty,Pantoprazole Sodium,Pantoprazole Sodium,74,160,4785,1044.86,18,,74,160,1044.86,4785,,18
1003010950,Arthur,Kristine,Fountain Valley,CA,06,Internal Medicine,Claim-Specialty,Potassium Chloride,Potassium Chloride,25,63.3,1890,847.07,,,25,63.3,847.07,1890,*,
1003010950,Arthur,Kristine,Fountain Valley,CA,06,Internal Medicine,Claim-Specialty,Pravastatin Sodium,Pravastatin Sodium,30,96.3,2890,550.45,11,,30,96.3,550.45,2890,,11
1003010950,Arthur,Kristine,Fountain Valley,CA,06,Internal Medicine,Claim-Specialty,Rosuvastatin Calcium,Rosuvastatin Calcium,103,273.9,8210,4566.11,30,#,,,,,#,
1003010950,Arthur,Kristine,Fountain Valley,CA,06,Internal Medicine,Claim-Specialty,Sertraline Hcl,Sertraline Hcl,33,84,2520,454.75,,,33,84,454.75,2520,*,
1003010950,Arthur,Kristine,Fountain Valley,CA,06,Internal Medicine,Claim-Specialty,Simvastatin,Simvastatin,67,158.2,4680,654.09,17,,67,158.2,654.09,4680,,17
1003010950,Arthur,Kristine,Fountain Valley,CA,06,Internal Medicine,Claim-Specialty,Sumatriptan Succinate,Sumatriptan Succinate,14,14,406,124.39,,,14,14,124.39,406,*,
1003010950,Arthur,Kristine,Fountain Valley,CA,06,Internal Medicine,Claim-Specialty,Synthroid,Levothyroxine Sodium,42,107,3210,1888.35,,#,,,,,*,
1003010950,Arthur,Kristine,Fountain Valley,CA,06,Internal Medicine,Claim-Specialty,Tamsulosin Hcl,Tamsulosin Hcl,37,77.3,2320,385.52,11,,37,77.3,385.52,2320,,11
1003010950,Arthur,Kristine,Fountain Valley,CA,06,Internal Medicine,Claim-Specialty,Telmisartan,Telmisartan,17,28,840,343.78,,#,,,,,*,
1003010950,Arthur,Kristine,Fountain Valley,CA,06,Internal Medicine,Claim-Specialty,Tramadol Hcl,Tramadol Hcl,15,15,221,45.41,,,15,15,45.41,221,*,
1003010950,Arthur,Kristine,Fountain Valley,CA,06,Internal Medicine,Claim-Specialty,Trazodone Hcl,Trazodone Hcl,40,52.2,1565,235.96,,,40,52.2,235.96,1565,*,
1003010950,Arthur,Kristine,Fountain Valley,CA,06,Internal Medicine,Claim-Specialty,Valsartan,Valsartan,15,40,1200,385.07,,,15,40,385.07,1200,*,
1003010950,Arthur,Kristine,Fountain Valley,CA,06,Internal Medicine,Claim-Specialty,Venlafaxine Hcl Er,Venlafaxine Hcl,16,40,1200,2286.32,,,16,40,2286.32,1200,*,
1003011172,Khullar,Sonia,Los Angeles,CA,06,Dentist,NPPES-Specialty,Amoxicillin,Amoxicillin,21,21,155,124.55,16,#,,,,,#,
1003011172,Khullar,Sonia,Los Angeles,CA,06,Dentist,NPPES-Specialty,Chlorhexidine Gluconate,Chlorhexidine Gluconate,18,18.2,470,124.8,15,#,,,,,#,
1003011172,Khullar,Sonia,Los Angeles,CA,06,Dentist,NPPES-Specialty,Ibuprofen,Ibuprofen,12,12,67,46.85,11,*,,,,,*,
1003011941,Jung,Edward,West Covina,CA,06,Radiation Oncology,Claim-Specialty,Oxycodone-Acetaminophen,Oxycodone Hcl/Acetaminophen,13,13,322,391.45,,,13,13,391.45,322,*,
1003012402,Chittaphong,Lam,San Diego,CA,06,Dentist,NPPES-Taxonomy,Amoxicillin-Clavulanate Potass,Amoxicillin/Potassium Clav,49,49,354,449.2,41,#,,,,,#,
1003012402,Chittaphong,Lam,San Diego,CA,06,Dentist,NPPES-Taxonomy,Chlorhexidine Gluconate,Chlorhexidine Gluconate,11,11,179,66.41,,,11,11,66.41,179,*,
1003012402,Chittaphong,Lam,San Diego,CA,06,Dentist,NPPES-Taxonomy,Dexamethasone,Dexamethasone,47,47,287,333.41,43,#,,,,,#,
1003012733,Gannon,Lauren,Pleasant Hill,CA,06,Internal Medicine,Claim-Specialty,Albuterol Sulfate Hfa,Albuterol Sulfate,31,40.1,994,1299.3,17,#,,,,,#,
1003012733,Gannon,Lauren,Pleasant Hill,CA,06,Internal Medicine,Claim-Specialty,Alendronate Sodium,Alendronate Sodium,26,72.8,2184,425.69,,,26,72.8,425.69,2184,*,
1003012733,Gannon,Lauren,Pleasant Hill,CA,06,Internal Medicine,Claim-Specialty,Allopurinol,Allopurinol,24,70,2080,517.53,,,24,70,517.53,2080,*,
1003012733,Gannon,Lauren,Pleasant Hill,CA,06,Internal Medicine,Claim-Specialty,Amlodipine Besylate,Amlodipine Besylate,105,303,9090,1270.43,35,#,,,,,#,
1003012733,Gannon,Lauren,Pleasant Hill,CA,06,Internal Medicine,Claim-Specialty,Atenolol,Atenolol,37,83.5,2453,499.03,,,24,70.3,278.43,2110,*,
1003012733,Gannon,Lauren,Pleasant Hill,CA,06,Internal Medicine,Claim-Specialty,Atorvastatin Calcium,Atorvastatin Calcium,162,480,14360,1816.05,52,#,,,,,#,
1003012733,Gannon,Lauren,Pleasant Hill,CA,06,Internal Medicine,Claim-Specialty,Azelastine Hcl,Azelastine Hcl,11,13,343,504.93,,*,,,,,*,
1003012733,Gannon,Lauren,Pleasant Hill,CA,06,Internal Medicine,Claim-Specialty,Baclofen,Baclofen,61,86.5,2268,412.37,21,,48,65.5,342.18,1638,#,
1003012733,Gannon,Lauren,Pleasant Hill,CA,06,Internal Medicine,Claim-Specialty,Bupropion Xl,Bupropion Hcl,29,79.9,2398,1219.91,,,29,79.9,1219.91,2398,*,
1003012733,Gannon,Lauren,Pleasant Hill,CA,06,Internal Medicine,Claim-Specialty,Carvedilol,Carvedilol,17,45,1350,207.8,,,17,45,207.8,1350,*,
1003012733,Gannon,Lauren,Pleasant Hill,CA,06,Internal Medicine,Claim-Specialty,Cephalexin,Cephalexin,22,22,152,112.51,20,#,,,,,#,
1003012733,Gannon,Lauren,Pleasant Hill,CA,06,Internal Medicine,Claim-Specialty,Chlorthalidone,Chlorthalidone,14,38,1140,299.51,,,14,38,299.51,1140,*,
1003012733,Gannon,Lauren,Pleasant Hill,CA,06,Internal Medicine,Claim-Specialty,Citalopram Hbr,Citalopram Hydrobromide,28,68.6,2057,167.86,,,28,68.6,167.86,2057,*,
1003012733,Gannon,Lauren,Pleasant Hill,CA,06,Internal Medicine,Claim-Specialty,Clopidogrel,Clopidogrel Bisulfate,16,44,1304,386.75,,,16,44,386.75,1304,*,
1003012733,Gannon,Lauren,Pleasant Hill,CA,06,Internal Medicine,Claim-Specialty,Cyclobenzaprine Hcl,Cyclobenzaprine Hcl,12,14,420,145.9,,,12,14,145.9,420,*,
1003012733,Gannon,Lauren,Pleasant Hill,CA,06,Internal Medicine,Claim-Specialty,Diclofenac Sodium,Diclofenac Sodium,11,11,215,306.2,,*,,,,,*,
1003012733,Gannon,Lauren,Pleasant Hill,CA,06,Internal Medicine,Claim-Specialty,Doxycycline Monohydrate,Doxycycline Monohydrate,12,12,185,273.77,,*,,,,,*,
1003012733,Gannon,Lauren,Pleasant Hill,CA,06,Internal Medicine,Claim-Specialty,Duloxetine Hcl,Duloxetine Hcl,16,36,1080,504.09,,,16,36,504.09,1080,*,
1003012733,Gannon,Lauren,Pleasant Hill,CA,06,Internal Medicine,Claim-Specialty,Escitalopram Oxalate,Escitalopram Oxalate,59,151.6,4478,1056.8,21,,46,131.8,950.38,3954,#,
1003012733,Gannon,Lauren,Pleasant Hill,CA,06,Internal Medicine,Claim-Specialty,Estradiol,Estradiol,19,44.1,1324,2065.57,,,19,44.1,2065.57,1324,*,
1003012733,Gannon,Lauren,Pleasant Hill,CA,06,Internal Medicine,Claim-Specialty,Famotidine,Famotidine,11,27.5,825,316.84,,,11,27.5,316.84,825,*,
1003012733,Gannon,Lauren,Pleasant Hill,CA,06,Internal Medicine,Claim-Specialty,Fluconazole,Fluconazole,12,12,33,44.37,,,12,12,44.37,33,*,
1003012733,Gannon,Lauren,Pleasant Hill,CA,06,Internal Medicine,Claim-Specialty,Fluoxetine Hcl,Fluoxetine Hcl,18,52,1560,859.21,,,18,52,859.21,1560,*,
1003012733,Gannon,Lauren,Pleasant Hill,CA,06,Internal Medicine,Claim-Specialty,Fluticasone Propionate,Fluticasone Propionate,34,78,2340,1086.98,18,,34,78,1086.98,2340,,18
1003012733,Gannon,Lauren,Pleasant Hill,CA,06,Internal Medicine,Claim-Specialty,Furosemide,Furosemide,23,57,1710,144.24,,,23,57,144.24,1710,*,
1003012733,Gannon,Lauren,Pleasant Hill,CA,06,Internal Medicine,Claim-Specialty,Gabapentin,Gabapentin,48,117.5,3525,1245.46,19,#,,,,,#,
1003012733,Gannon,Lauren,Pleasant Hill,CA,06,Internal Medicine,Claim-Specialty,Glipizide,Glipizide,14,42,1260,226.2,,,14,42,226.2,1260,*,
1003012733,Gannon,Lauren,Pleasant Hill,CA,06,Internal Medicine,Claim-Specialty,Hydrochlorothiazide,Hydrochlorothiazide,30,90.3,2710,97.51,,,30,90.3,97.51,2710,*,
1003012733,Gannon,Lauren,Pleasant Hill,CA,06,Internal Medicine,Claim-Specialty,Hydrocodone-Acetaminophen,Hydrocodone/Acetaminophen,55,55,708,487.83,15,,55,55,487.83,708,,15
1003012733,Gannon,Lauren,Pleasant Hill,CA,06,Internal Medicine,Claim-Specialty,Lantus Solostar,"Insulin Glargine,hum.Rec.Anlog",11,20.5,608,8688.09,,,11,20.5,8688.09,608,*,
1003012733,Gannon,Lauren,Pleasant Hill,CA,06,Internal Medicine,Claim-Specialty,Levothyroxine Sodium,Levothyroxine Sodium,185,491.9,14750,3343.63,49,,185,491.9,3343.63,14750,,49
1003012733,Gannon,Lauren,Pleasant Hill,CA,06,Internal Medicine,Claim-Specialty,Lisinopril,Lisinopril,91,262.3,7835,902.19,29,,91,262.3,902.19,7835,,29
1003012733,Gannon,Lauren,Pleasant Hill,CA,06,Internal Medicine,Claim-Specialty,Lorazepam,Lorazepam,36,38,863,115.14,19,#,,,,,#,
1003012733,Gannon,Lauren,Pleasant Hill,CA,06,Internal Medicine,Claim-Specialty,Losartan Potassium,Losartan Potassium,95,275.3,8260,1094.41,30,#,,,,,#,
1003012733,Gannon,Lauren,Pleasant Hill,CA,06,Internal Medicine,Claim-Specialty,Meloxicam,Meloxicam,29,56,1679,212.44,,,29,56,212.44,1679,*,
1003012733,Gannon,Lauren,Pleasant Hill,CA,06,Internal Medicine,Claim-Specialty,Metformin Hcl,Metformin Hcl,37,112,3360,486.97,12,#,,,,,#,
1003012733,Gannon,Lauren,Pleasant Hill,CA,06,Internal Medicine,Claim-Specialty,Metformin Hcl Er,Metformin Hcl,28,84.3,2530,255.58,,,28,84.3,255.58,2530,*,
1003012733,Gannon,Lauren,Pleasant Hill,CA,06,Internal Medicine,Claim-Specialty,Metoprolol Succinate,Metoprolol Succinate,32,92,2760,501.38,13,#,,,,,#,
1003012733,Gannon,Lauren,Pleasant Hill,CA,06,Internal Medicine,Claim-Specialty,Metoprolol Tartrate,Metoprolol Tartrate,21,60,1800,97.76,,#,,,,,*,
1003012733,Gannon,Lauren,Pleasant Hill,CA,06,Internal Medicine,Claim-Specialty,Montelukast Sodium,Montelukast Sodium,21,63,1890,412.16,,,21,63,412.16,1890,*,
1003012733,Gannon,Lauren,Pleasant Hill,CA,06,Internal Medicine,Claim-Specialty,Olmesartan Medoxomil,Olmesartan Medoxomil,20,60.3,1810,336.28,,,20,60.3,336.28,1810,*,
1003012733,Gannon,Lauren,Pleasant Hill,CA,06,Internal Medicine,Claim-Specialty,Omeprazole,Omeprazole,44,130,3900,829.55,18,#,,,,,#,
1003012733,Gannon,Lauren,Pleasant Hill,CA,06,Internal Medicine,Claim-Specialty,Pantoprazole Sodium,Pantoprazole Sodium,47,121,3630,660.99,15,,47,121,660.99,3630,,15
1003012733,Gannon,Lauren,Pleasant Hill,CA,06,Internal Medicine,Claim-Specialty,Paroxetine Hcl,Paroxetine Hcl,11,31,903,210.95,,,11,31,210.95,903,*,
1003012733,Gannon,Lauren,Pleasant Hill,CA,06,Internal Medicine,Claim-Specialty,Pravastatin Sodium,Pravastatin Sodium,14,42,1260,180.48,,,14,42,180.48,1260,*,
1003012733,Gannon,Lauren,Pleasant Hill,CA,06,Internal Medicine,Claim-Specialty,Propranolol Hcl,Propranolol Hcl,20,48.3,1450,672.36,,,20,48.3,672.36,1450,*,
1003012733,Gannon,Lauren,Pleasant Hill,CA,06,Internal Medicine,Claim-Specialty,Rosuvastatin Calcium,Rosuvastatin Calcium,60,179,5370,1638.81,21,,60,179,1638.81,5370,,21
1003012733,Gannon,Lauren,Pleasant Hill,CA,06,Internal Medicine,Claim-Specialty,Sertraline Hcl,Sertraline Hcl,23,55.2,1656,226.22,,#,,,,,*,
1003012733,Gannon,Lauren,Pleasant Hill,CA,06,Internal Medicine,Claim-Specialty,Simvastatin,Simvastatin,31,93.3,2800,294.89,11,,31,93.3,294.89,2800,,11
1003012733,Gannon,Lauren,Pleasant Hill,CA,06,Internal Medicine,Claim-Specialty,Synthroid,Levothyroxine Sodium,29,77,2310,3258.64,,,29,77,3258.64,2310,*,
1003012733,Gannon,Lauren,Pleasant Hill,CA,06,Internal Medicine,Claim-Specialty,Tamsulosin Hcl,Tamsulosin Hcl,16,46,1359,407.89,,,16,46,407.89,1359,*,
1003012733,Gannon,Lauren,Pleasant Hill,CA,06,Internal Medicine,Claim-Specialty,Tramadol Hcl,Tramadol Hcl,19,25,453,50.83,,,19,25,50.83,453,*,
1003012733,Gannon,Lauren,Pleasant Hill,CA,06,Internal Medicine,Claim-Specialty,Trazodone Hcl,Trazodone Hcl,61,126,3771,663.27,25,,61,126,663.27,3771,,25
1003012733,Gannon,Lauren,Pleasant Hill,CA,06,Internal Medicine,Claim-Specialty,Valacyclovir,Valacyclovir Hcl,16,26,537,603.82,12,#,,,,,*,
1003012733,Gannon,Lauren,Pleasant Hill,CA,06,Internal Medicine,Claim-Specialty,Zolpidem Tartrate,Zolpidem Tartrate,16,16,420,46.62,,,16,16,46.62,420,*,
1003012857,Hussainy,Mirwais,Santa Ana,CA,06,Oral Surgery (Dentist only),NPPES-Specialty,Acetaminophen-Codeine,Acetaminophen With Codeine,21,21,110,231.79,21,#,,,,,#,
1003012857,Hussainy,Mirwais,Santa Ana,CA,06,Oral Surgery (Dentist only),NPPES-Specialty,Amoxicillin,Amoxicillin,139,139,1132,715.88,125,#,,,,,#,
1003012857,Hussainy,Mirwais,Santa Ana,CA,06,Oral Surgery (Dentist only),NPPES-Specialty,Chlorhexidine Gluconate,Chlorhexidine Gluconate,81,81.1,1313,513.58,69,#,,,,,#,
1003012857,Hussainy,Mirwais,Santa Ana,CA,06,Oral Surgery (Dentist only),NPPES-Specialty,Clindamycin Hcl,Clindamycin Hcl,36,36,258,264.78,31,#,,,,,#,
1003012857,Hussainy,Mirwais,Santa Ana,CA,06,Oral Surgery (Dentist only),NPPES-Specialty,Hydrocodone-Acetaminophen,Hydrocodone/Acetaminophen,126,126,763,902.27,115,#,,,,,#,
1003012857,Hussainy,Mirwais,Santa Ana,CA,06,Oral Surgery (Dentist only),NPPES-Specialty,Ibuprofen,Ibuprofen,112,112,806,536.17,104,#,,,,,#,
1003012931,Lopez,Niceto,Walnut Creek,CA,06,Internal Medicine,Claim-Specialty,Acarbose,Acarbose,12,12.4,372,717.32,,,12,12.4,717.32,372,*,
1003012931,Lopez,Niceto,Walnut Creek,CA,06,Internal Medicine,Claim-Specialty,Albuterol Sulfate,Albuterol Sulfate,15,15,177,774.48,,#,,,,,*,
1003012931,Lopez,Niceto,Walnut Creek,CA,06,Internal Medicine,Claim-Specialty,Albuterol Sulfate Hfa,Albuterol Sulfate,22,22.7,538,1015.91,14,#,,,,,#,
1003012931,Lopez,Niceto,Walnut Creek,CA,06,Internal Medicine,Claim-Specialty,Alendronate Sodium,Alendronate Sodium,28,28,793,305.78,,,28,28,305.78,793,*,
1003012931,Lopez,Niceto,Walnut Creek,CA,06,Internal Medicine,Claim-Specialty,Allopurinol,Allopurinol,61,61.3,1105,610.08,,,61,61.3,610.08,1105,*,
1003012931,Lopez,Niceto,Walnut Creek,CA,06,Internal Medicine,Claim-Specialty,Alogliptin,Alogliptin Benzoate,11,11,154,1063.94,,,11,11,1063.94,154,*,
1003012931,Lopez,Niceto,Walnut Creek,CA,06,Internal Medicine,Claim-Specialty,Alprazolam,Alprazolam,37,37,935,242.34,,,37,37,242.34,935,*,
1003012931,Lopez,Niceto,Walnut Creek,CA,06,Internal Medicine,Claim-Specialty,Amiodarone Hcl,Amiodarone Hcl,38,38.2,835,875.73,,,38,38.2,875.73,835,*,
1003012931,Lopez,Niceto,Walnut Creek,CA,06,Internal Medicine,Claim-Specialty,Amitriptyline Hcl,Amitriptyline Hcl,25,25,366,162.92,,,25,25,162.92,366,*,
1003012931,Lopez,Niceto,Walnut Creek,CA,06,Internal Medicine,Claim-Specialty,Amlodipine Besylate,Amlodipine Besylate,420,430.5,10538,3385.33,70,,386,396,3094.97,9572,#,
1003012931,Lopez,Niceto,Walnut Creek,CA,06,Internal Medicine,Claim-Specialty,Atenolol,Atenolol,15,15,419,69.72,,,15,15,69.72,419,*,
1003012931,Lopez,Niceto,Walnut Creek,CA,06,Internal Medicine,Claim-Specialty,Atorvastatin Calcium,Atorvastatin Calcium,445,455.4,11683,6604.13,78,,386,396.1,5884.39,10227,#,
1003012931,Lopez,Niceto,Walnut Creek,CA,06,Internal Medicine,Claim-Specialty,Azithromycin,Azithromycin,14,14,111,138.54,,,14,14,138.54,111,*,
1003012931,Lopez,Niceto,Walnut Creek,CA,06,Internal Medicine,Claim-Specialty,Baclofen,Baclofen,28,28,441,387.07,,*,,,,,*,
1003012931,Lopez,Niceto,Walnut Creek,CA,06,Internal Medicine,Claim-Specialty,Basaglar Kwikpen U-100,"Insulin Glargine,hum.Rec.Anlog",34,36.2,728,3845.82,,#,,,,,*,
1003012931,Lopez,Niceto,Walnut Creek,CA,06,Internal Medicine,Claim-Specialty,Benztropine Mesylate,Benztropine Mesylate,75,75.7,1515,821.83,,,59,59.7,728.13,1286,*,
1003012931,Lopez,Niceto,Walnut Creek,CA,06,Internal Medicine,Claim-Specialty,Breo Ellipta,Fluticasone/Vilanterol,36,36,680,8251.78,,,36,36,8251.78,680,*,
1003012931,Lopez,Niceto,Walnut Creek,CA,06,Internal Medicine,Claim-Specialty,Brilinta,Ticagrelor,23,23,431,6622.17,,#,,,,,*,
1003012931,Lopez,Niceto,Walnut Creek,CA,06,Internal Medicine,Claim-Specialty,Bumetanide,Bumetanide,21,21,340,498.45,,,21,21,498.45,340,*,
1003012931,Lopez,Niceto,Walnut Creek,CA,06,Internal Medicine,Claim-Specialty,Buspirone Hcl,Buspirone Hcl,32,32,477,254.67,,,32,32,254.67,477,*,
1003012931,Lopez,Niceto,Walnut Creek,CA,06,Internal Medicine,Claim-Specialty,Calcium Acetate,Calcium Acetate,31,31.1,533,1006.83,,#,,,,,*,
1003012931,Lopez,Niceto,Walnut Creek,CA,06,Internal Medicine,Claim-Specialty,Carvedilol,Carvedilol,197,200.7,4433,1380.59,33,,184,187.7,1307.26,4218,#,
1003012931,Lopez,Niceto,Walnut Creek,CA,06,Internal Medicine,Claim-Specialty,Cephalexin,Cephalexin,14,14,94,220.57,13,#,,,,,#,
1003012931,Lopez,Niceto,Walnut Creek,CA,06,Internal Medicine,Claim-Specialty,Chlorthalidone,Chlorthalidone,20,20.1,386,295.1,,*,,,,,*,
1003012931,Lopez,Niceto,Walnut Creek,CA,06,Internal Medicine,Claim-Specialty,Ciprofloxacin Hcl,Ciprofloxacin Hcl,16,16,112,188.06,14,#,,,,,#,
1003012931,Lopez,Niceto,Walnut Creek,CA,06,Internal Medicine,Claim-Specialty,Citalopram Hbr,Citalopram Hydrobromide,19,19.2,545,199.38,,,19,19.2,199.38,545,*,
1003012931,Lopez,Niceto,Walnut Creek,CA,06,Internal Medicine,Claim-Specialty,Clonazepam,Clonazepam,11,11,315,45.04,,*,,,,,*,
1003012931,Lopez,Niceto,Walnut Creek,CA,06,Internal Medicine,Claim-Specialty,Clonidine Hcl,Clonidine Hcl,33,33.2,416,188.38,15,#,,,,,#,
1003012931,Lopez,Niceto,Walnut Creek,CA,06,Internal Medicine,Claim-Specialty,Clopidogrel,Clopidogrel Bisulfate,81,81.5,2128,1140.88,14,,60,60.5,627.55,1562,#,
1003012931,Lopez,Niceto,Walnut Creek,CA,06,Internal Medicine,Claim-Specialty,Creon,Lipase/Protease/Amylase,29,29,384,9830.48,,,29,29,9830.48,384,*,
1003012931,Lopez,Niceto,Walnut Creek,CA,06,Internal Medicine,Claim-Specialty,Dexlansoprazole Dr,Dexlansoprazole,16,16.1,396,3278.66,,,16,16.1,3278.66,396,*,
1003012931,Lopez,Niceto,Walnut Creek,CA,06,Internal Medicine,Claim-Specialty,Diclofenac Sodium,Diclofenac Sodium,52,52.1,1046,2122.62,17,,39,39.1,1650.52,783,#,
1003012931,Lopez,Niceto,Walnut Creek,CA,06,Internal Medicine,Claim-Specialty,Digoxin,Digoxin,29,29.2,632,483.31,,,17,17.2,281.03,488,*,
1003012931,Lopez,Niceto,Walnut Creek,CA,06,Internal Medicine,Claim-Specialty,Diltiazem Hcl,Diltiazem Hcl,22,22.4,605,762.11,,,22,22.4,762.11,605,*,
1003012931,Lopez,Niceto,Walnut Creek,CA,06,Internal Medicine,Claim-Specialty,Divalproex Sodium,Divalproex Sodium,36,36.3,929,1466.54,,#,,,,,*,
1003012931,Lopez,Niceto,Walnut Creek,CA,06,Internal Medicine,Claim-Specialty,Divalproex Sodium Er,Divalproex Sodium,30,30.3,676,1481.49,,,19,19.3,1180.82,522,*,
1003012931,Lopez,Niceto,Walnut Creek,CA,06,Internal Medicine,Claim-Specialty,Donepezil Hcl,Donepezil Hcl,119,121,3318,2449.76,17,,119,121,2449.76,3318,,17
1003012931,Lopez,Niceto,Walnut Creek,CA,06,Internal Medicine,Claim-Specialty,Dorzolamide-Timolol,Dorzolamide Hcl/Timolol Maleat,15,15.1,428,825.8,,,15,15.1,825.8,428,*,
1003012931,Lopez,Niceto,Walnut Creek,CA,06,Internal Medicine,Claim-Specialty,Doxycycline Hyclate,Doxycycline Hyclate,13,13,109,393.94,11,#,,,,,*,
1003012931,Lopez,Niceto,Walnut Creek,CA,06,Internal Medicine,Claim-Specialty,Duloxetine Hcl,Duloxetine Hcl,33,33.6,936,1917.42,,#,,,,,*,
1003012931,Lopez,Niceto,Walnut Creek,CA,06,Internal Medicine,Claim-Specialty,Eliquis,Apixaban,298,298.1,4109,82072.41,46,,266,266.1,74270.1,3718,#,
1003012931,Lopez,Niceto,Walnut Creek,CA,06,Internal Medicine,Claim-Specialty,Enoxaparin Sodium,Enoxaparin Sodium,16,16,135,1326.52,,*,,,,,*,
1003012931,Lopez,Niceto,Walnut Creek,CA,06,Internal Medicine,Claim-Specialty,Entresto,Sacubitril/Valsartan,48,48,892,19900.39,,#,,,,,*,
1003012931,Lopez,Niceto,Walnut Creek,CA,06,Internal Medicine,Claim-Specialty,Epogen,Epoetin Alfa,35,35,247,24018.58,,,35,35,24018.58,247,*,
1003012931,Lopez,Niceto,Walnut Creek,CA,06,Internal Medicine,Claim-Specialty,Escitalopram Oxalate,Escitalopram Oxalate,59,59.5,1553,644.02,11,#,,,,,*,
1003012931,Lopez,Niceto,Walnut Creek,CA,06,Internal Medicine,Claim-Specialty,Esomeprazole Magnesium,Esomeprazole Magnesium,32,32.1,875,542.79,,,32,32.1,542.79,875,*,
1003012931,Lopez,Niceto,Walnut Creek,CA,06,Internal Medicine,Claim-Specialty,Famotidine,Famotidine,263,265.1,5901,2432.16,45,,198,200,1930.23,4809,#,
1003012931,Lopez,Niceto,Walnut Creek,CA,06,Internal Medicine,Claim-Specialty,Farxiga,Dapagliflozin Propanediol,34,34,526,10453.71,,#,,,,,*,
1003012931,Lopez,Niceto,Walnut Creek,CA,06,Internal Medicine,Claim-Specialty,Finasteride,Finasteride,34,34.2,865,829.88,,,34,34.2,829.88,865,*,
1003012931,Lopez,Niceto,Walnut Creek,CA,06,Internal Medicine,Claim-Specialty,Fludrocortisone Acetate,Fludrocortisone Acetate,27,27,394,283.22,,,27,27,283.22,394,*,
1003012931,Lopez,Niceto,Walnut Creek,CA,06,Internal Medicine,Claim-Specialty,Fluoxetine Hcl,Fluoxetine Hcl,47,47.4,885,525.25,,,34,34.4,445.31,704,*,
1003012931,Lopez,Niceto,Walnut Creek,CA,06,Internal Medicine,Claim-Specialty,Fluticasone Propionate,Fluticasone Propionate,41,41,1221,972.21,14,#,,,,,#,
1003012931,Lopez,Niceto,Walnut Creek,CA,06,Internal Medicine,Claim-Specialty,Folic Acid,Folic Acid,20,20.1,424,110.94,,,20,20.1,110.94,424,*,
1003012931,Lopez,Niceto,Walnut Creek,CA,06,Internal Medicine,Claim-Specialty,Furosemide,Furosemide,245,254.7,5420,1493.29,39,,221,230.7,1363.78,5054,#,
1003012931,Lopez,Niceto,Walnut Creek,CA,06,Internal Medicine,Claim-Specialty,Gabapentin,Gabapentin,330,333.8,7817,4076.43,49,,302,305.6,3774.38,7171,#,
1003012931,Lopez,Niceto,Walnut Creek,CA,06,Internal Medicine,Claim-Specialty,Glipizide,Glipizide,123,124,2952,1206.67,17,#,,,,,#,
1003012931,Lopez,Niceto,Walnut Creek,CA,06,Internal Medicine,Claim-Specialty,Glipizide Er,Glipizide,20,20.1,586,200.73,,,20,20.1,200.73,586,*,
1003012931,Lopez,Niceto,Walnut Creek,CA,06,Internal Medicine,Claim-Specialty,Glucagon Emergency Kit,Glucagon Hcl,13,13,380,3893.11,,,13,13,3893.11,380,*,
1003012931,Lopez,Niceto,Walnut Creek,CA,06,Internal Medicine,Claim-Specialty,Glycopyrrolate,Glycopyrrolate,11,11.1,317,347.64,,,11,11.1,347.64,317,*,
1003012931,Lopez,Niceto,Walnut Creek,CA,06,Internal Medicine,Claim-Specialty,Heparin Sodium,"Heparin Sodium,porcine",52,52,696,3468.01,,#,,,,,*,
1003012931,Lopez,Niceto,Walnut Creek,CA,06,Internal Medicine,Claim-Specialty,Humalog Kwikpen U-100,Insulin Lispro,23,26.5,504,3428.76,,#,,,,,*,
1003012931,Lopez,Niceto,Walnut Creek,CA,06,Internal Medicine,Claim-Specialty,Humulin N Kwikpen,Insulin Nph Human Isophane,14,17.7,365,2670.86,,,14,17.7,2670.86,365,*,
1003012931,Lopez,Niceto,Walnut Creek,CA,06,Internal Medicine,Claim-Specialty,Humulin R,"Insulin Regular, Human",50,50,628,3147.3,,,50,50,3147.3,628,*,
1003012931,Lopez,Niceto,Walnut Creek,CA,06,Internal Medicine,Claim-Specialty,Hydralazine Hcl,Hydralazine Hcl,213,214.1,4204,4084.73,34,,181,181.9,3541.72,3657,#,
1003012931,Lopez,Niceto,Walnut Creek,CA,06,Internal Medicine,Claim-Specialty,Hydrochlorothiazide,Hydrochlorothiazide,31,31.2,707,165.73,,#,,,,,*,
1003012931,Lopez,Niceto,Walnut Creek,CA,06,Internal Medicine,Claim-Specialty,Hydrocodone-Acetaminophen,Hydrocodone/Acetaminophen,107,107,1249,1994.27,25,#,,,,,#,
1003012931,Lopez,Niceto,Walnut Creek,CA,06,Internal Medicine,Claim-Specialty,Hydroxychloroquine Sulfate,Hydroxychloroquine Sulfate,29,29,486,2018.21,,,29,29,2018.21,486,*,
1003012931,Lopez,Niceto,Walnut Creek,CA,06,Internal Medicine,Claim-Specialty,Ibuprofen,Ibuprofen,19,19,188,139.67,,#,,,,,*,
1003012931,Lopez,Niceto,Walnut Creek,CA,06,Internal Medicine,Claim-Specialty,Imipramine Hcl,Imipramine Hcl,11,11.2,273,101.07,,,11,11.2,101.07,273,*,
1003012931,Lopez,Niceto,Walnut Creek,CA,06,Internal Medicine,Claim-Specialty,Insulin Glargine-Yfgn,Insulin Glargine-Yfgn,23,23,358,2644.04,,*,,,,,*,
1003012931,Lopez,Niceto,Walnut Creek,CA,06,Internal Medicine,Claim-Specialty,Insulin Lispro,Insulin Lispro,13,13,275,716.69,,*,,,,,*,
1003012931,Lopez,Niceto,Walnut Creek,CA,06,Internal Medicine,Claim-Specialty,Insulin Lispro Kwikpen U-100,Insulin Lispro,92,96,950,4462.18,20,,74,78,3315.19,795,#,
1003012931,Lopez,Niceto,Walnut Creek,CA,06,Internal Medicine,Claim-Specialty,Ipratropium-Albuterol,Ipratropium/Albuterol Sulfate,50,50,458,1134.36,22,#,,,,,#,
1003012931,Lopez,Niceto,Walnut Creek,CA,06,Internal Medicine,Claim-Specialty,Isosorbide Dinitrate,Isosorbide Dinitrate,24,24.5,642,1148.43,,,24,24.5,1148.43,642,*,
1003012931,Lopez,Niceto,Walnut Creek,CA,06,Internal Medicine,Claim-Specialty,Isosorbide Mononitrate,Isosorbide Mononitrate,16,16.2,353,686.29,,,16,16.2,686.29,353,*,
1003012931,Lopez,Niceto,Walnut Creek,CA,06,Internal Medicine,Claim-Specialty,Isosorbide Mononitrate Er,Isosorbide Mononitrate,11,11.1,222,134.29,,*,,,,,*,
1003012931,Lopez,Niceto,Walnut Creek,CA,06,Internal Medicine,Claim-Specialty,Januvia,Sitagliptin Phosphate,21,21,328,6420.93,,,21,21,6420.93,328,*,
1003012931,Lopez,Niceto,Walnut Creek,CA,06,Internal Medicine,Claim-Specialty,Jardiance,Empagliflozin,103,105,1525,32032.62,15,#,,,,,#,
1003012931,Lopez,Niceto,Walnut Creek,CA,06,Internal Medicine,Claim-Specialty,Labetalol Hcl,Labetalol Hcl,31,31.1,545,612.84,,,31,31.1,612.84,545,*,
1003012931,Lopez,Niceto,Walnut Creek,CA,06,Internal Medicine,Claim-Specialty,Lacosamide,Lacosamide,13,13,300,2472.53,,,13,13,2472.53,300,*,
1003012931,Lopez,Niceto,Walnut Creek,CA,06,Internal Medicine,Claim-Specialty,Lactulose,Lactulose,23,23,277,425.95,,#,,,,,*,
1003012931,Lopez,Niceto,Walnut Creek,CA,06,Internal Medicine,Claim-Specialty,Lantus Solostar,"Insulin Glargine,hum.Rec.Anlog",64,69.4,1497,9294.24,20,,51,54.1,7553.55,1151,#,
1003012931,Lopez,Niceto,Walnut Creek,CA,06,Internal Medicine,Claim-Specialty,Latanoprost,Latanoprost,39,39,971,867.53,,#,,,,,*,
1003012931,Lopez,Niceto,Walnut Creek,CA,06,Internal Medicine,Claim-Specialty,Letrozole,Letrozole,11,11.2,334,289.39,,,11,11.2,289.39,334,*,
1003012931,Lopez,Niceto,Walnut Creek,CA,06,Internal Medicine,Claim-Specialty,Levemir Flexpen,Insulin Detemir,17,22.5,475,4347.71,,,17,22.5,4347.71,475,*,
1003012931,Lopez,Niceto,Walnut Creek,CA,06,Internal Medicine,Claim-Specialty,Levetiracetam,Levetiracetam,138,141.4,3612,5077.35,19,,111,114.2,4389.67,3030,#,
1003012931,Lopez,Niceto,Walnut Creek,CA,06,Internal Medicine,Claim-Specialty,Levofloxacin,Levofloxacin,17,17,103,152.49,14,#,,,,,#,
1003012931,Lopez,Niceto,Walnut Creek,CA,06,Internal Medicine,Claim-Specialty,Levothyroxine Sodium,Levothyroxine Sodium,268,269.3,5566,3321,36,,244,245.2,3068.61,5060,#,
1003012931,Lopez,Niceto,Walnut Creek,CA,06,Internal Medicine,Claim-Specialty,Lidocaine,Lidocaine,17,17,360,1670.51,,,17,17,1670.51,360,*,
1003012931,Lopez,Niceto,Walnut Creek,CA,06,Internal Medicine,Claim-Specialty,Lisinopril,Lisinopril,78,86.7,2051,496.2,17,,66,74.5,411.28,1709,#,
1003012931,Lopez,Niceto,Walnut Creek,CA,06,Internal Medicine,Claim-Specialty,Lokelma,Sodium Zirconium Cyclosilicate,30,30,418,7891.97,,,30,30,7891.97,418,*,
1003012931,Lopez,Niceto,Walnut Creek,CA,06,Internal Medicine,Claim-Specialty,Lorazepam,Lorazepam,26,26,295,249.2,,#,,,,,*,
1003012931,Lopez,Niceto,Walnut Creek,CA,06,Internal Medicine,Claim-Specialty,Losartan Potassium,Losartan Potassium,104,104.8,2369,951.51,18,,89,89.6,809.7,1962,#,
1003012931,Lopez,Niceto,Walnut Creek,CA,06,Internal Medicine,Claim-Specialty,Lumigan,Bimatoprost,22,22,549,6649.41,,,22,22,6649.41,549,*,
1003012931,Lopez,Niceto,Walnut Creek,CA,06,Internal Medicine,Claim-Specialty,Meclizine Hcl,Meclizine Hcl,14,14,160,132.47,,*,,,,,*,
1003012931,Lopez,Niceto,Walnut Creek,CA,06,Internal Medicine,Claim-Specialty,Megestrol Acetate,Megestrol Acetate,13,13,266,846.44,,,13,13,846.44,266,*,
1003012931,Lopez,Niceto,Walnut Creek,CA,06,Internal Medicine,Claim-Specialty,Memantine Hcl,Memantine Hcl,70,71,2009,4852.8,11,#,,,,,*,
1003012931,Lopez,Niceto,Walnut Creek,CA,06,Internal Medicine,Claim-Specialty,Metformin Hcl,Metformin Hcl,156,156.8,3425,996.19,27,,118,118.8,788.38,2797,#,
1003012931,Lopez,Niceto,Walnut Creek,CA,06,Internal Medicine,Claim-Specialty,Methenamine Hippurate,Methenamine Hippurate,11,11.2,334,1228.19,,,11,11.2,1228.19,334,*,
1003012931,Lopez,Niceto,Walnut Creek,CA,06,Internal Medicine,Claim-Specialty,Methocarbamol,Methocarbamol,17,17.1,276,180.45,,*,,,,,*,
1003012931,Lopez,Niceto,Walnut Creek,CA,06,Internal Medicine,Claim-Specialty,Metoclopramide Hcl,Metoclopramide Hcl,25,25.2,402,238.52,,,25,25.2,238.52,402,*,
1003012931,Lopez,Niceto,Walnut Creek,CA,06,Internal Medicine,Claim-Specialty,Metolazone,Metolazone,25,25.6,712,1205.68,,,25,25.6,1205.68,712,*,
1003012931,Lopez,Niceto,Walnut Creek,CA,06,Internal Medicine,Claim-Specialty,Metoprolol Succinate,Metoprolol Succinate,53,55.6,1529,934.13,14,#,,,,,#,
1003012931,Lopez,Niceto,Walnut Creek,CA,06,Internal Medicine,Claim-Specialty,Metoprolol Tartrate,Metoprolol Tartrate,197,198.8,4637,1313.91,29,,166,167.5,1112.81,4038,#,
1003012931,Lopez,Niceto,Walnut Creek,CA,06,Internal Medicine,Claim-Specialty,Midodrine Hcl,Midodrine Hcl,38,38.3,788,2153.99,12,,21,21.1,1045.92,399,*,
1003012931,Lopez,Niceto,Walnut Creek,CA,06,Internal Medicine,Claim-Specialty,Mirtazapine,Mirtazapine,137,138.2,3380,2949.14,19,,125,126.2,2473.45,3035,#,
1003012931,Lopez,Niceto,Walnut Creek,CA,06,Internal Medicine,Claim-Specialty,Montelukast Sodium,Montelukast Sodium,31,31.2,617,394.97,,,31,31.2,394.97,617,*,
1003012931,Lopez,Niceto,Walnut Creek,CA,06,Internal Medicine,Claim-Specialty,Morphine Sulfate Er,Morphine Sulfate,14,14,266,342.73,,,14,14,342.73,266,*,
1003012931,Lopez,Niceto,Walnut Creek,CA,06,Internal Medicine,Claim-Specialty,Movantik,Naloxegol Oxalate,15,15,196,2762.44,,,15,15,2762.44,196,*,
1003012931,Lopez,Niceto,Walnut Creek,CA,06,Internal Medicine,Claim-Specialty,Mupirocin,Mupirocin,13,13,159,246.81,,#,,,,,*,
1003012931,Lopez,Niceto,Walnut Creek,CA,06,Internal Medicine,Claim-Specialty,Mycophenolate Mofetil,Mycophenolate Mofetil,13,13.4,403,1657.5,,,13,13.4,1657.5,403,*,
1003012931,Lopez,Niceto,Walnut Creek,CA,06,Internal Medicine,Claim-Specialty,Myrbetriq,Mirabegron,27,27,364,5679.21,,,27,27,5679.21,364,*,
1003012931,Lopez,Niceto,Walnut Creek,CA,06,Internal Medicine,Claim-Specialty,Nifedipine Er,Nifedipine,62,62.8,1476,1780.19,,,42,42.8,1390.64,1118,*,
1003012931,Lopez,Niceto,Walnut Creek,CA,06,Internal Medicine,Claim-Specialty,Nitrofurantoin Mono-Macro,Nitrofurantoin Monohyd/M-Cryst,13,13,70,347.53,,#,,,,,*,
1003012931,Lopez,Niceto,Walnut Creek,CA,06,Internal Medicine,Claim-Specialty,Nitroglycerin,Nitroglycerin,14,14,138,258.23,,,14,14,258.23,138,*,
1003012931,Lopez,Niceto,Walnut Creek,CA,06,Internal Medicine,Claim-Specialty,Nortriptyline Hcl,Nortriptyline Hcl,12,12,344,113.36,,,12,12,113.36,344,*,
1003012931,Lopez,Niceto,Walnut Creek,CA,06,Internal Medicine,Claim-Specialty,Novofine Autocover,"Pen Needle, Diabetic, Safety",16,16,480,1448.58,,#,,,,,*,
1003012931,Lopez,Niceto,Walnut Creek,CA,06,Internal Medicine,Claim-Specialty,Novolin R,"Insulin Regular, Human",35,35,895,5120.93,,,35,35,5120.93,895,*,
1003012931,Lopez,Niceto,Walnut Creek,CA,06,Internal Medicine,Claim-Specialty,Novolin R Flexpen,"Insulin Regular, Human",13,13,354,988.59,,,13,13,988.59,354,*,
1003012931,Lopez,Niceto,Walnut Creek,CA,06,Internal Medicine,Claim-Specialty,Novolog Flexpen,Insulin Aspart,36,38.8,522,5758.28,11,#,,,,,*,
1003012931,Lopez,Niceto,Walnut Creek,CA,06,Internal Medicine,Claim-Specialty,Nystatin,Nystatin,23,23,380,645.41,11,,23,23,645.41,380,,11
1003012931,Lopez,Niceto,Walnut Creek,CA,06,Internal Medicine,Claim-Specialty,Nystatin-Triamcinolone,Nystatin/Triamcinolone Acet,11,11,198,303.4,,,11,11,303.4,198,*,
1003012931,Lopez,Niceto,Walnut Creek,CA,06,Internal Medicine,Claim-Specialty,Nystop,Nystatin,11,11,179,340.01,,,11,11,340.01,179,*,
1003012931,Lopez,Niceto,Walnut Creek,CA,06,Internal Medicine,Claim-Specialty,Olanzapine,Olanzapine,60,61.1,1720,3714.1,,,60,61.1,3714.1,1720,*,
1003012931,Lopez,Niceto,Walnut Creek,CA,06,Internal Medicine,Claim-Specialty,Olmesartan Medoxomil,Olmesartan Medoxomil,25,25,445,1091.7,,*,,,,,*,
1003012931,Lopez,Niceto,Walnut Creek,CA,06,Internal Medicine,Claim-Specialty,Omeprazole,Omeprazole,71,71.8,1951,1209.55,23,#,,,,,#,
1003012931,Lopez,Niceto,Walnut Creek,CA,06,Internal Medicine,Claim-Specialty,Ondansetron Hcl,Ondansetron Hcl,58,58,359,1361.63,25,#,,,,,#,
1003012931,Lopez,Niceto,Walnut Creek,CA,06,Internal Medicine,Claim-Specialty,Oxybutynin Chloride Er,Oxybutynin Chloride,23,23.2,669,859.21,,#,,,,,*,
1003012931,Lopez,Niceto,Walnut Creek,CA,06,Internal Medicine,Claim-Specialty,Oxycodone Hcl,Oxycodone Hcl,28,28,318,351.02,,,28,28,351.02,318,*,
1003012931,Lopez,Niceto,Walnut Creek,CA,06,Internal Medicine,Claim-Specialty,Oxycodone-Acetaminophen,Oxycodone Hcl/Acetaminophen,139,139,1034,3059.55,,,139,139,3059.55,1034,*,
1003012931,Lopez,Niceto,Walnut Creek,CA,06,Internal Medicine,Claim-Specialty,Pantoprazole Sodium,Pantoprazole Sodium,281,283.2,6158,7095.6,44,,263,265,6945.67,5724,#,
1003012931,Lopez,Niceto,Walnut Creek,CA,06,Internal Medicine,Claim-Specialty,Paroxetine Hcl,Paroxetine Hcl,15,15.4,464,175.13,,,15,15.4,175.13,464,*,
1003012931,Lopez,Niceto,Walnut Creek,CA,06,Internal Medicine,Claim-Specialty,Pentoxifylline,Pentoxifylline,15,15.4,462,240.63,,,15,15.4,240.63,462,*,
1003012931,Lopez,Niceto,Walnut Creek,CA,06,Internal Medicine,Claim-Specialty,Perphenazine,Perphenazine,25,25,350,1226.22,,,25,25,1226.22,350,*,
1003012931,Lopez,Niceto,Walnut Creek,CA,06,Internal Medicine,Claim-Specialty,Potassium Chloride,Potassium Chloride,94,96.9,2067,6446.83,20,#,,,,,#,
1003012931,Lopez,Niceto,Walnut Creek,CA,06,Internal Medicine,Claim-Specialty,Pravastatin Sodium,Pravastatin Sodium,50,50.8,1286,1311.52,,,39,39.6,863.55,952,*,
1003012931,Lopez,Niceto,Walnut Creek,CA,06,Internal Medicine,Claim-Specialty,Pregabalin,Pregabalin,27,27,582,2439.38,,#,,,,,*,
1003012931,Lopez,Niceto,Walnut Creek,CA,06,Internal Medicine,Claim-Specialty,Procrit,Epoetin Alfa,11,11,99,4636.45,,,11,11,4636.45,99,*,
1003012931,Lopez,Niceto,Walnut Creek,CA,06,Internal Medicine,Claim-Specialty,Quetiapine Fumarate,Quetiapine Fumarate,130,130.9,2414,3256.88,18,,109,109.9,2867.39,2041,#,
1003012931,Lopez,Niceto,Walnut Creek,CA,06,Internal Medicine,Claim-Specialty,Risperidone,Risperidone,87,88.4,2150,1514.59,16,,74,75.4,1436.14,1972,#,
1003012931,Lopez,Niceto,Walnut Creek,CA,06,Internal Medicine,Claim-Specialty,Rosuvastatin Calcium,Rosuvastatin Calcium,53,55.6,1510,2757.65,12,#,,,,,#,
1003012931,Lopez,Niceto,Walnut Creek,CA,06,Internal Medicine,Claim-Specialty,Santyl,Collagenase Clostridium Hist.,33,33,863,102688.57,18,#,,,,,#,
1003012931,Lopez,Niceto,Walnut Creek,CA,06,Internal Medicine,Claim-Specialty,Sertraline Hcl,Sertraline Hcl,61,61.7,1451,442.2,,,42,42.5,286.23,951,*,
1003012931,Lopez,Niceto,Walnut Creek,CA,06,Internal Medicine,Claim-Specialty,Sevelamer Carbonate,Sevelamer Carbonate,38,38.1,493,11647.51,,,13,13,1413.72,150,*,
1003012931,Lopez,Niceto,Walnut Creek,CA,06,Internal Medicine,Claim-Specialty,Sevelamer Hcl,Sevelamer Hcl,55,55,784,30519.39,,,55,55,30519.39,784,*,
1003012931,Lopez,Niceto,Walnut Creek,CA,06,Internal Medicine,Claim-Specialty,Simvastatin,Simvastatin,35,35.6,996,312.32,,#,,,,,*,
1003012931,Lopez,Niceto,Walnut Creek,CA,06,Internal Medicine,Claim-Specialty,Sodium Chloride,0.9 % Sodium Chloride,27,27,88,774.94,16,#,,,,,#,
1003012931,Lopez,Niceto,Walnut Creek,CA,06,Internal Medicine,Claim-Specialty,Spironolactone,Spironolactone,18,18.1,347,121.48,,#,,,,,*,
1003012931,Lopez,Niceto,Walnut Creek,CA,06,Internal Medicine,Claim-Specialty,Sucralfate,Sucralfate,16,16.2,433,859.6,,,16,16.2,859.6,433,*,
1003012931,Lopez,Niceto,Walnut Creek,CA,06,Internal Medicine,Claim-Specialty,Sulfamethoxazole-Trimethoprim,Sulfamethoxazole/Trimethoprim,11,11,83,75.66,,*,,,,,*,
1003012931,Lopez,Niceto,Walnut Creek,CA,06,Internal Medicine,Claim-Specialty,Tamsulosin Hcl,Tamsulosin Hcl,135,138.8,3788,2744.41,34,#,,,,,#,
1003012931,Lopez,Niceto,Walnut Creek,CA,06,Internal Medicine,Claim-Specialty,Telmisartan,Telmisartan,13,13.3,374,4202.85,,,13,13.3,4202.85,374,*,
1003012931,Lopez,Niceto,Walnut Creek,CA,06,Internal Medicine,Claim-Specialty,Temazepam,Temazepam,23,23,540,182.08,,,23,23,182.08,540,*,
1003012931,Lopez,Niceto,Walnut Creek,CA,06,Internal Medicine,Claim-Specialty,Terazosin Hcl,Terazosin Hcl,22,22.1,608,320.83,,,22,22.1,320.83,608,*,
1003012931,Lopez,Niceto,Walnut Creek,CA,06,Internal Medicine,Claim-Specialty,Timolol Maleate,Timolol Maleate,17,17,414,725.9,,#,,,,,*,
1003012931,Lopez,Niceto,Walnut Creek,CA,06,Internal Medicine,Claim-Specialty,Tizanidine Hcl,Tizanidine Hcl,20,20.2,437,197.64,,#,,,,,*,
1003012931,Lopez,Niceto,Walnut Creek,CA,06,Internal Medicine,Claim-Specialty,Torsemide,Torsemide,24,24,650,322.29,,,24,24,322.29,650,*,
1003012931,Lopez,Niceto,Walnut Creek,CA,06,Internal Medicine,Claim-Specialty,Tradjenta,Linagliptin,36,36,512,9646.55,,,36,36,9646.55,512,*,
1003012931,Lopez,Niceto,Walnut Creek,CA,06,Internal Medicine,Claim-Specialty,Tramadol Hcl,Tramadol Hcl,90,90,1341,814.45,18,#,,,,,#,
1003012931,Lopez,Niceto,Walnut Creek,CA,06,Internal Medicine,Claim-Specialty,Trazodone Hcl,Trazodone Hcl,68,68.8,1564,684.75,,,50,50.5,367.33,1028,*,
1003012931,Lopez,Niceto,Walnut Creek,CA,06,Internal Medicine,Claim-Specialty,Triamcinolone Acetonide,Triamcinolone Acetonide,23,23,288,293.03,11,,23,23,293.03,288,,11
1003012931,Lopez,Niceto,Walnut Creek,CA,06,Internal Medicine,Claim-Specialty,Valproic Acid,Valproic Acid (As Sodium Salt),20,20.1,445,881,,*,,,,,*,
1003012931,Lopez,Niceto,Walnut Creek,CA,06,Internal Medicine,Claim-Specialty,Valsartan,Valsartan,16,16.1,290,309.08,,,16,16.1,309.08,290,*,
1003012931,Lopez,Niceto,Walnut Creek,CA,06,Internal Medicine,Claim-Specialty,Victoza 3-Pak,Liraglutide,16,16,260,8714.33,,#,,,,,*,
1003012931,Lopez,Niceto,Walnut Creek,CA,06,Internal Medicine,Claim-Specialty,Warfarin Sodium,Warfarin Sodium,39,39,189,178.6,,,0,0,0,0,#,
1003012931,Lopez,Niceto,Walnut Creek,CA,06,Internal Medicine,Claim-Specialty,Xarelto,Rivaroxaban,47,49,747,14505.81,,,47,49,14505.81,747,*,
1003012931,Lopez,Niceto,Walnut Creek,CA,06,Internal Medicine,Claim-Specialty,Zolpidem Tartrate,Zolpidem Tartrate,57,57,1313,491.49,,,57,57,491.49,1313,*,
1003013269,Chelson,Jillian,Santa Cruz,CA,06,Physician Assistant,Claim-Specialty,Albuterol Sulfate Hfa,Albuterol Sulfate,26,30.8,812,744.66,13,#,,,,,#,
1003013269,Chelson,Jillian,Santa Cruz,CA,06,Physician Assistant,Claim-Specialty,Armour Thyroid,"Thyroid,pork",12,18,540,592.14,,,12,18,592.14,540,*,
1003013269,Chelson,Jillian,Santa Cruz,CA,06,Physician Assistant,Claim-Specialty,Atorvastatin Calcium,Atorvastatin Calcium,30,72,2160,548.96,13,,30,72,548.96,2160,,13
1003013269,Chelson,Jillian,Santa Cruz,CA,06,Physician Assistant,Claim-Specialty,Estradiol,Estradiol,20,44.9,1346,1719.03,12,,20,44.9,1719.03,1346,,12
1003013269,Chelson,Jillian,Santa Cruz,CA,06,Physician Assistant,Claim-Specialty,Fluoxetine Hcl,Fluoxetine Hcl,12,29,870,82.83,,,12,29,82.83,870,*,
1003013269,Chelson,Jillian,Santa Cruz,CA,06,Physician Assistant,Claim-Specialty,Fluticasone Propionate,Fluticasone Propionate,13,23,675,372.29,,,13,23,372.29,675,*,
1003013269,Chelson,Jillian,Santa Cruz,CA,06,Physician Assistant,Claim-Specialty,Gabapentin,Gabapentin,20,24,612,274.9,,#,,,,,*,
1003013269,Chelson,Jillian,Santa Cruz,CA,06,Physician Assistant,Claim-Specialty,Hydrochlorothiazide,Hydrochlorothiazide,28,64,1920,167.69,,,28,64,167.69,1920,*,
1003013269,Chelson,Jillian,Santa Cruz,CA,06,Physician Assistant,Claim-Specialty,Hydrocodone-Acetaminophen,Hydrocodone/Acetaminophen,13,13,260,241.33,12,#,,,,,#,
1003013269,Chelson,Jillian,Santa Cruz,CA,06,Physician Assistant,Claim-Specialty,Levothyroxine Sodium,Levothyroxine Sodium,38,82,2460,1059.3,17,#,,,,,#,
1003013269,Chelson,Jillian,Santa Cruz,CA,06,Physician Assistant,Claim-Specialty,Lisinopril,Lisinopril,48,91,2730,480.85,16,#,,,,,#,
1003013269,Chelson,Jillian,Santa Cruz,CA,06,Physician Assistant,Claim-Specialty,Lorazepam,Lorazepam,11,11,174,35.8,,*,,,,,*,
1003013269,Chelson,Jillian,Santa Cruz,CA,06,Physician Assistant,Claim-Specialty,Losartan Potassium,Losartan Potassium,44,100,3000,869.68,13,,44,100,869.68,3000,,13
1003013269,Chelson,Jillian,Santa Cruz,CA,06,Physician Assistant,Claim-Specialty,Meloxicam,Meloxicam,12,18,510,112.25,,*,,,,,*,
1003013269,Chelson,Jillian,Santa Cruz,CA,06,Physician Assistant,Claim-Specialty,Metformin Hcl Er,Metformin Hcl,52,82,2460,690.4,19,,52,82,690.4,2460,,19
1003013269,Chelson,Jillian,Santa Cruz,CA,06,Physician Assistant,Claim-Specialty,Ozempic,Semaglutide,30,30.9,872,29981.93,,#,,,,,*,
1003013269,Chelson,Jillian,Santa Cruz,CA,06,Physician Assistant,Claim-Specialty,Paxlovid (Eua),Nirmatrelvir/Ritonavir,13,13,65,125.79,13,#,,,,,#,
1003013269,Chelson,Jillian,Santa Cruz,CA,06,Physician Assistant,Claim-Specialty,Rosuvastatin Calcium,Rosuvastatin Calcium,18,40,1200,398.13,,#,,,,,*,
1003013269,Chelson,Jillian,Santa Cruz,CA,06,Physician Assistant,Claim-Specialty,Trazodone Hcl,Trazodone Hcl,17,29,838,217.12,,#,,,,,*,
1003013269,Chelson,Jillian,Santa Cruz,CA,06,Physician Assistant,Claim-Specialty,Triamcinolone Acetonide,Triamcinolone Acetonide,13,19,462,386.08,11,#,,,,,*,
1003013269,Chelson,Jillian,Santa Cruz,CA,06,Physician Assistant,Claim-Specialty,Trulicity,Dulaglutide,14,14.1,398,13972.97,,,14,14.1,13972.97,398,*,
1003013269,Chelson,Jillian,Santa Cruz,CA,06,Physician Assistant,Claim-Specialty,Valacyclovir,Valacyclovir Hcl,13,15,198,804.81,,,13,15,804.81,198,*,
1003013335,Sarti,Juan,Stockton,CA,06,Anesthesiology,Claim-Specialty,Alprazolam,Alprazolam,12,12,360,39.44,,,12,12,39.44,360,*,
1003013335,Sarti,Juan,Stockton,CA,06,Anesthesiology,Claim-Specialty,Cephalexin,Cephalexin,89,89.3,659,1001.37,71,,78,78.3,800.22,582,#,
1003013335,Sarti,Juan,Stockton,CA,06,Anesthesiology,Claim-Specialty,Gabapentin,Gabapentin,24,26.3,789,440.7,,#,,,,,*,
1003013335,Sarti,Juan,Stockton,CA,06,Anesthesiology,Claim-Specialty,Hydrocodone-Acetaminophen,Hydrocodone/Acetaminophen,52,52,1388,1492.77,,,52,52,1492.77,1388,*,
1003013715,Wang,Roberta,Vallejo,CA,06,Physical Medicine and Rehabilitation,Claim-Specialty,Baclofen,Baclofen,26,28,820,850.09,,,14,16,458.13,480,*,
1003013715,Wang,Roberta,Vallejo,CA,06,Physical Medicine and Rehabilitation,Claim-Specialty,Dantrolene Sodium,Dantrolene Sodium,17,25,750,2813.9,,#,,,,,*,
1003013715,Wang,Roberta,Vallejo,CA,06,Physical Medicine and Rehabilitation,Claim-Specialty,Gabapentin,Gabapentin,14,14,380,400.86,,*,,,,,*,
1003013715,Wang,Roberta,Vallejo,CA,06,Physical Medicine and Rehabilitation,Claim-Specialty,Tizanidine Hcl,Tizanidine Hcl,11,19,570,240.18,,,0,0,0,0,#,
1003015215,Tin,Maung,South San Francisco,CA,06,Internal Medicine,NPPES-Taxonomy,Atorvastatin Calcium,Atorvastatin Calcium,20,20,600,382.61,,,20,20,382.61,600,*,
1003015215,Tin,Maung,South San Francisco,CA,06,Internal Medicine,NPPES-Taxonomy,Bupropion Hcl,Bupropion Hcl,12,12,360,308.85,,,12,12,308.85,360,*,
1003015215,Tin,Maung,South San Francisco,CA,06,Internal Medicine,NPPES-Taxonomy,Furosemide,Furosemide,30,30.1,364,165.63,,,30,30.1,165.63,364,*,
1003015215,Tin,Maung,South San Francisco,CA,06,Internal Medicine,NPPES-Taxonomy,Gabapentin,Gabapentin,43,43.1,906,857.87,,,43,43.1,857.87,906,*,
1003015215,Tin,Maung,South San Francisco,CA,06,Internal Medicine,NPPES-Taxonomy,Glipizide Er,Glipizide,23,23.1,405,328.23,,,23,23.1,328.23,405,*,
1003015215,Tin,Maung,South San Francisco,CA,06,Internal Medicine,NPPES-Taxonomy,Lamotrigine,Lamotrigine,19,19,570,816.82,,,19,19,816.82,570,*,
1003015215,Tin,Maung,South San Francisco,CA,06,Internal Medicine,NPPES-Taxonomy,Levothyroxine Sodium,Levothyroxine Sodium,30,30,676,357.1,,,30,30,357.1,676,*,
1003015215,Tin,Maung,South San Francisco,CA,06,Internal Medicine,NPPES-Taxonomy,Losartan Potassium,Losartan Potassium,11,11,330,316.74,,,11,11,316.74,330,*,
1003015215,Tin,Maung,South San Francisco,CA,06,Internal Medicine,NPPES-Taxonomy,Pradaxa,Dabigatran Etexilate Mesylate,16,16,224,3681.17,,,16,16,3681.17,224,*,
1003015215,Tin,Maung,South San Francisco,CA,06,Internal Medicine,NPPES-Taxonomy,Tamsulosin Hcl,Tamsulosin Hcl,15,15,392,303.41,,,15,15,303.41,392,*,
1003015215,Tin,Maung,South San Francisco,CA,06,Internal Medicine,NPPES-Taxonomy,Warfarin Sodium,Warfarin Sodium,33,33,40,45.11,,,33,33,45.11,40,*,
1003015462,Chang,Chun,Modesto,CA,06,Emergency Medicine,Claim-Specialty,Albuterol Sulfate Hfa,Albuterol Sulfate,22,24,514,622.47,21,#,,,,,#,
1003015462,Chang,Chun,Modesto,CA,06,Emergency Medicine,Claim-Specialty,Amoxicillin,Amoxicillin,12,12,117,97.37,12,,12,12,97.37,117,,12
1003015462,Chang,Chun,Modesto,CA,06,Emergency Medicine,Claim-Specialty,Amoxicillin-Clavulanate Potass,Amoxicillin/Potassium Clav,18,18,161,163.78,18,#,,,,,#,
1003015462,Chang,Chun,Modesto,CA,06,Emergency Medicine,Claim-Specialty,Azithromycin,Azithromycin,45,45,222,231.35,44,#,,,,,#,
1003015462,Chang,Chun,Modesto,CA,06,Emergency Medicine,Claim-Specialty,Cephalexin,Cephalexin,54,54.3,528,692.05,54,,43,43,574.16,396,,43
1003015462,Chang,Chun,Modesto,CA,06,Emergency Medicine,Claim-Specialty,Ciprofloxacin Hcl,Ciprofloxacin Hcl,18,18,177,188.07,18,#,,,,,#,
1003015462,Chang,Chun,Modesto,CA,06,Emergency Medicine,Claim-Specialty,Cyclobenzaprine Hcl,Cyclobenzaprine Hcl,36,36,262,175.17,36,,25,25,99.6,182,,25
1003015462,Chang,Chun,Modesto,CA,06,Emergency Medicine,Claim-Specialty,Furosemide,Furosemide,20,20,194,59.03,20,#,,,,,#,
1003015462,Chang,Chun,Modesto,CA,06,Emergency Medicine,Claim-Specialty,Hydrocodone-Acetaminophen,Hydrocodone/Acetaminophen,70,70,285,366.06,69,#,,,,,#,
1003015462,Chang,Chun,Modesto,CA,06,Emergency Medicine,Claim-Specialty,Ibuprofen,Ibuprofen,97,97,896,470.1,96,,74,74,355.3,672,,73
1003015462,Chang,Chun,Modesto,CA,06,Emergency Medicine,Claim-Specialty,Lorazepam,Lorazepam,13,13,58,25.56,13,*,,,,,*,
1003015462,Chang,Chun,Modesto,CA,06,Emergency Medicine,Claim-Specialty,Meclizine Hcl,Meclizine Hcl,12,12,137,78.33,12,#,,,,,#,
1003015462,Chang,Chun,Modesto,CA,06,Emergency Medicine,Claim-Specialty,Methylprednisolone,Methylprednisolone,59,59,371,584.83,59,,44,44,470.84,281,,44
1003015462,Chang,Chun,Modesto,CA,06,Emergency Medicine,Claim-Specialty,Ondansetron Hcl,Ondansetron Hcl,26,27,224,209.07,26,#,,,,,#,
1003015462,Chang,Chun,Modesto,CA,06,Emergency Medicine,Claim-Specialty,Ondansetron Odt,Ondansetron,60,60,308,658.42,59,#,,,,,#,
1003015462,Chang,Chun,Modesto,CA,06,Emergency Medicine,Claim-Specialty,Pantoprazole Sodium,Pantoprazole Sodium,26,28,745,162,26,#,,,,,#,
1003015462,Chang,Chun,Modesto,CA,06,Emergency Medicine,Claim-Specialty,Prednisone,Prednisone,44,44,252,175.84,43,#,,,,,#,
1003015462,Chang,Chun,Modesto,CA,06,Emergency Medicine,Claim-Specialty,Sulfamethoxazole-Trimethoprim,Sulfamethoxazole/Trimethoprim,19,19,187,127.88,19,#,,,,,#,
1003015462,Chang,Chun,Modesto,CA,06,Emergency Medicine,Claim-Specialty,Tramadol Hcl,Tramadol Hcl,17,17,99,45.17,17,*,,,,,*,
1003016023,Motarjemi,Ramin,San Diego,CA,06,Internal Medicine,Claim-Specialty,Atorvastatin Calcium,Atorvastatin Calcium,14,20,577,570.77,,,14,20,570.77,577,*,
1003016023,Motarjemi,Ramin,San Diego,CA,06,Internal Medicine,Claim-Specialty,Eliquis,Apixaban,13,25,750,14879.5,,,13,25,14879.5,750,*,
1003016023,Motarjemi,Ramin,San Diego,CA,06,Internal Medicine,Claim-Specialty,Gabapentin,Gabapentin,13,15,402,330.83,,,13,15,330.83,402,*,
1003017666,Nitzel,Cory,Ventura,CA,06,Cardiology,Claim-Specialty,Amlodipine Besylate,Amlodipine Besylate,36,66,1980,257.73,,#,,,,,*,
1003017666,Nitzel,Cory,Ventura,CA,06,Cardiology,Claim-Specialty,Atorvastatin Calcium,Atorvastatin Calcium,42,104,3120,688.03,13,,42,104,688.03,3120,,13
1003017666,Nitzel,Cory,Ventura,CA,06,Cardiology,Claim-Specialty,Carvedilol,Carvedilol,57,123,3690,705.57,15,#,,,,,#,
1003017666,Nitzel,Cory,Ventura,CA,06,Cardiology,Claim-Specialty,Digoxin,Digoxin,12,12,360,127.96,,,0,0,0,0,#,
1003017666,Nitzel,Cory,Ventura,CA,06,Cardiology,Claim-Specialty,Diltiazem 24hr Er (Cd),Diltiazem Hcl,12,12,360,97.08,,,12,12,97.08,360,*,
1003017666,Nitzel,Cory,Ventura,CA,06,Cardiology,Claim-Specialty,Eliquis,Apixaban,99,127,3810,76553.99,14,#,,,,,#,
1003017666,Nitzel,Cory,Ventura,CA,06,Cardiology,Claim-Specialty,Furosemide,Furosemide,40,70,2100,256.61,,,40,70,256.61,2100,*,
1003017666,Nitzel,Cory,Ventura,CA,06,Cardiology,Claim-Specialty,Hydralazine Hcl,Hydralazine Hcl,11,20,580,165.26,,*,,,,,*,
1003017666,Nitzel,Cory,Ventura,CA,06,Cardiology,Claim-Specialty,Isosorbide Mononitrate Er,Isosorbide Mononitrate,22,40,1200,338.4,,,22,40,338.4,1200,*,
1003017666,Nitzel,Cory,Ventura,CA,06,Cardiology,Claim-Specialty,Lisinopril,Lisinopril,30,48,1440,248.56,,#,,,,,*,
1003017666,Nitzel,Cory,Ventura,CA,06,Cardiology,Claim-Specialty,Losartan Potassium,Losartan Potassium,44,101.3,3038,695.6,,,28,77.3,488.89,2318,*,
1003017666,Nitzel,Cory,Ventura,CA,06,Cardiology,Claim-Specialty,Metoprolol Succinate,Metoprolol Succinate,94,154,4620,1553.62,19,,71,127,1247.53,3810,#,
1003017666,Nitzel,Cory,Ventura,CA,06,Cardiology,Claim-Specialty,Metoprolol Tartrate,Metoprolol Tartrate,35,67,2010,380.97,,,19,49,253.77,1470,*,
1003017666,Nitzel,Cory,Ventura,CA,06,Cardiology,Claim-Specialty,Nifedipine Er,Nifedipine,38,66.4,1992,1668.02,,,23,45,750.68,1350,*,
1003017666,Nitzel,Cory,Ventura,CA,06,Cardiology,Claim-Specialty,Nitroglycerin,Nitroglycerin,18,30,808,791.75,,#,,,,,*,
1003017666,Nitzel,Cory,Ventura,CA,06,Cardiology,Claim-Specialty,Rosuvastatin Calcium,Rosuvastatin Calcium,36,80,2400,1166.81,,#,,,,,*,
1003017666,Nitzel,Cory,Ventura,CA,06,Cardiology,Claim-Specialty,Spironolactone,Spironolactone,25,58,1740,213.84,,,25,58,213.84,1740,*,
1003017666,Nitzel,Cory,Ventura,CA,06,Cardiology,Claim-Specialty,Xarelto,Rivaroxaban,12,24,720,14235.54,,,12,24,14235.54,720,*,
1003017906,Burzell,Linden,Oceanside,CA,06,Family Practice,Claim-Specialty,Acyclovir,Acyclovir,33,35,352,258.72,16,,18,20,213.68,277,#,
1003017906,Burzell,Linden,Oceanside,CA,06,Family Practice,Claim-Specialty,Albuterol Sulfate Hfa,Albuterol Sulfate,91,106.4,2532,2682.89,44,#,,,,,#,
1003017906,Burzell,Linden,Oceanside,CA,06,Family Practice,Claim-Specialty,Alendronate Sodium,Alendronate Sodium,58,139.2,4150,858.04,16,#,,,,,#,
1003017906,Burzell,Linden,Oceanside,CA,06,Family Practice,Claim-Specialty,Allopurinol,Allopurinol,49,116.3,3490,958.18,15,#,,,,,#,
1003017906,Burzell,Linden,Oceanside,CA,06,Family Practice,Claim-Specialty,Alprazolam,Alprazolam,74,74,2091,785.42,15,,42,42,394.73,1131,#,
1003017906,Burzell,Linden,Oceanside,CA,06,Family Practice,Claim-Specialty,Amiodarone Hcl,Amiodarone Hcl,16,39,1170,158.74,,#,,,,,*,
1003017906,Burzell,Linden,Oceanside,CA,06,Family Practice,Claim-Specialty,Amlodipine Besylate,Amlodipine Besylate,157,421.9,12637,1013.61,50,,144,382.9,887,11467,#,
1003017906,Burzell,Linden,Oceanside,CA,06,Family Practice,Claim-Specialty,Amoxicillin-Clavulanate Potass,Amoxicillin/Potassium Clav,56,56,504,525.66,39,#,,,,,#,
1003017906,Burzell,Linden,Oceanside,CA,06,Family Practice,Claim-Specialty,Atenolol,Atenolol,28,84.6,2540,249.72,,#,,,,,*,
1003017906,Burzell,Linden,Oceanside,CA,06,Family Practice,Claim-Specialty,Atorvastatin Calcium,Atorvastatin Calcium,255,773.4,23184,3531.31,80,,239,722.1,3281.58,21644,#,
1003017906,Burzell,Linden,Oceanside,CA,06,Family Practice,Claim-Specialty,Azithromycin,Azithromycin,37,37,185,102.59,31,#,,,,,#,
1003017906,Burzell,Linden,Oceanside,CA,06,Family Practice,Claim-Specialty,Baclofen,Baclofen,19,47,1385,801.06,,*,,,,,*,
1003017906,Burzell,Linden,Oceanside,CA,06,Family Practice,Claim-Specialty,Basaglar Kwikpen U-100,"Insulin Glargine,hum.Rec.Anlog",13,13.8,395,3528.88,,,13,13.8,3528.88,395,*,
1003017906,Burzell,Linden,Oceanside,CA,06,Family Practice,Claim-Specialty,Belsomra,Suvorexant,11,11,330,5044.99,,*,,,,,*,
1003017906,Burzell,Linden,Oceanside,CA,06,Family Practice,Claim-Specialty,Benazepril Hcl,Benazepril Hcl,19,58.3,1750,379.86,,,19,58.3,379.86,1750,*,
1003017906,Burzell,Linden,Oceanside,CA,06,Family Practice,Claim-Specialty,Benztropine Mesylate,Benztropine Mesylate,12,12,360,120.64,,,0,0,0,0,#,
1003017906,Burzell,Linden,Oceanside,CA,06,Family Practice,Claim-Specialty,Breo Ellipta,Fluticasone/Vilanterol,18,18,540,7760.33,,,18,18,7760.33,540,*,
1003017906,Burzell,Linden,Oceanside,CA,06,Family Practice,Claim-Specialty,Bupropion Hcl Sr,Bupropion Hcl,13,31.8,955,396.57,,*,,,,,*,
1003017906,Burzell,Linden,Oceanside,CA,06,Family Practice,Claim-Specialty,Bupropion Xl,Bupropion Hcl,38,66.7,1941,1158.11,,#,,,,,*,
1003017906,Burzell,Linden,Oceanside,CA,06,Family Practice,Claim-Specialty,Carbamazepine,Carbamazepine,12,12,360,688.76,,,0,0,0,0,#,
1003017906,Burzell,Linden,Oceanside,CA,06,Family Practice,Claim-Specialty,Carvedilol,Carvedilol,64,171.3,5109,967.33,19,,52,134,636.6,3989,#,
1003017906,Burzell,Linden,Oceanside,CA,06,Family Practice,Claim-Specialty,Chlorthalidone,Chlorthalidone,18,53,1590,408.33,,,18,53,408.33,1590,*,
1003017906,Burzell,Linden,Oceanside,CA,06,Family Practice,Claim-Specialty,Ciprofloxacin Hcl,Ciprofloxacin Hcl,55,55,280,301.04,41,#,,,,,#,
1003017906,Burzell,Linden,Oceanside,CA,06,Family Practice,Claim-Specialty,Citalopram Hbr,Citalopram Hydrobromide,27,53.3,1568,431.99,,,27,53.3,431.99,1568,*,
1003017906,Burzell,Linden,Oceanside,CA,06,Family Practice,Claim-Specialty,Clonazepam,Clonazepam,19,19,450,177.38,,*,,,,,*,
1003017906,Burzell,Linden,Oceanside,CA,06,Family Practice,Claim-Specialty,Clonidine Hcl,Clonidine Hcl,26,50,1500,150.18,,#,,,,,*,
1003017906,Burzell,Linden,Oceanside,CA,06,Family Practice,Claim-Specialty,Clopidogrel,Clopidogrel Bisulfate,24,47,1410,661.8,,,24,47,661.8,1410,*,
1003017906,Burzell,Linden,Oceanside,CA,06,Family Practice,Claim-Specialty,Cyclobenzaprine Hcl,Cyclobenzaprine Hcl,49,61.3,1495,258.77,15,,32,40.3,169.89,930,#,
1003017906,Burzell,Linden,Oceanside,CA,06,Family Practice,Claim-Specialty,Diazepam,Diazepam,18,18,461,73.67,,*,,,,,*,
1003017906,Burzell,Linden,Oceanside,CA,06,Family Practice,Claim-Specialty,Diclofenac Sodium,Diclofenac Sodium,31,50.3,1385,603,,,31,50.3,603,1385,*,
1003017906,Burzell,Linden,Oceanside,CA,06,Family Practice,Claim-Specialty,Divalproex Sodium Er,Divalproex Sodium,11,11,330,244.86,,,11,11,244.86,330,*,
1003017906,Burzell,Linden,Oceanside,CA,06,Family Practice,Claim-Specialty,Donepezil Hcl,Donepezil Hcl,15,41.7,1250,189.47,,,15,41.7,189.47,1250,*,
1003017906,Burzell,Linden,Oceanside,CA,06,Family Practice,Claim-Specialty,Doxazosin Mesylate,Doxazosin Mesylate,18,50.3,1510,447.94,,#,,,,,*,
1003017906,Burzell,Linden,Oceanside,CA,06,Family Practice,Claim-Specialty,Duloxetine Hcl,Duloxetine Hcl,21,61.7,1850,880.17,,#,,,,,*,
1003017906,Burzell,Linden,Oceanside,CA,06,Family Practice,Claim-Specialty,Eliquis,Apixaban,48,64.5,1917,38659.1,13,#,,,,,#,
1003017906,Burzell,Linden,Oceanside,CA,06,Family Practice,Claim-Specialty,Enalapril Maleate,Enalapril Maleate,21,39,1170,1063.47,,,21,39,1063.47,1170,*,
1003017906,Burzell,Linden,Oceanside,CA,06,Family Practice,Claim-Specialty,Entresto,Sacubitril/Valsartan,13,15,450,10595.51,,#,,,,,*,
1003017906,Burzell,Linden,Oceanside,CA,06,Family Practice,Claim-Specialty,Escitalopram Oxalate,Escitalopram Oxalate,50,120.6,3620,741.2,13,#,,,,,#,
1003017906,Burzell,Linden,Oceanside,CA,06,Family Practice,Claim-Specialty,Famotidine,Famotidine,19,25,742,1930.04,,,19,25,1930.04,742,*,
1003017906,Burzell,Linden,Oceanside,CA,06,Family Practice,Claim-Specialty,Farxiga,Dapagliflozin Propanediol,13,39,1170,23157.18,,,13,39,23157.18,1170,*,
1003017906,Burzell,Linden,Oceanside,CA,06,Family Practice,Claim-Specialty,Finasteride,Finasteride,14,40,1194,243.5,,*,,,,,*,
1003017906,Burzell,Linden,Oceanside,CA,06,Family Practice,Claim-Specialty,Fluoxetine Hcl,Fluoxetine Hcl,30,60,1800,402.61,,#,,,,,*,
1003017906,Burzell,Linden,Oceanside,CA,06,Family Practice,Claim-Specialty,Fluticasone Propionate,Fluticasone Propionate,32,60,1800,741.24,11,#,,,,,*,
1003017906,Burzell,Linden,Oceanside,CA,06,Family Practice,Claim-Specialty,Fluticasone-Salmeterol,Fluticasone Propion/Salmeterol,21,27,810,6797.24,,,21,27,6797.24,810,*,
1003017906,Burzell,Linden,Oceanside,CA,06,Family Practice,Claim-Specialty,Furosemide,Furosemide,64,122,3472,397.67,18,#,,,,,#,
1003017906,Burzell,Linden,Oceanside,CA,06,Family Practice,Claim-Specialty,Gabapentin,Gabapentin,145,295.4,8763,3090.6,44,,122,242.7,2157.06,7203,#,
1003017906,Burzell,Linden,Oceanside,CA,06,Family Practice,Claim-Specialty,Glipizide,Glipizide,49,141,4230,1117.35,15,#,,,,,#,
1003017906,Burzell,Linden,Oceanside,CA,06,Family Practice,Claim-Specialty,Glipizide Er,Glipizide,13,38.7,1160,298.34,,*,,,,,*,
1003017906,Burzell,Linden,Oceanside,CA,06,Family Practice,Claim-Specialty,Humalog Kwikpen U-100,Insulin Lispro,25,36.5,1031,16220.34,,,25,36.5,16220.34,1031,*,
1003017906,Burzell,Linden,Oceanside,CA,06,Family Practice,Claim-Specialty,Hydralazine Hcl,Hydralazine Hcl,11,34.3,1030,294.07,,,11,34.3,294.07,1030,*,
1003017906,Burzell,Linden,Oceanside,CA,06,Family Practice,Claim-Specialty,Hydrochlorothiazide,Hydrochlorothiazide,120,305.3,9126,598.95,37,,101,251.3,390.87,7506,#,
1003017906,Burzell,Linden,Oceanside,CA,06,Family Practice,Claim-Specialty,Hydrocodone-Acetaminophen,Hydrocodone/Acetaminophen,157,157,3740,4517.76,27,,115,115,3664.57,2596,#,
1003017906,Burzell,Linden,Oceanside,CA,06,Family Practice,Claim-Specialty,Hydroxyzine Hcl,Hydroxyzine Hcl,11,21.7,650,297.68,,*,,,,,*,
1003017906,Burzell,Linden,Oceanside,CA,06,Family Practice,Claim-Specialty,Ibuprofen,Ibuprofen,41,55.7,1301,632.02,14,#,,,,,#,
1003017906,Burzell,Linden,Oceanside,CA,06,Family Practice,Claim-Specialty,Lantus Solostar,"Insulin Glargine,hum.Rec.Anlog",27,65.7,1970,16774.58,,#,,,,,*,
1003017906,Burzell,Linden,Oceanside,CA,06,Family Practice,Claim-Specialty,Levothyroxine Sodium,Levothyroxine Sodium,209,599.2,17955,3903.28,62,,189,539.6,3472.94,16165,#,
1003017906,Burzell,Linden,Oceanside,CA,06,Family Practice,Claim-Specialty,Lidocaine,Lidocaine,11,13,379,1381.78,,,11,13,1381.78,379,*,
1003017906,Burzell,Linden,Oceanside,CA,06,Family Practice,Claim-Specialty,Lisinopril,Lisinopril,312,894.8,26784,2682.51,93,,287,820.1,2388.33,24544,#,
1003017906,Burzell,Linden,Oceanside,CA,06,Family Practice,Claim-Specialty,Lisinopril-Hydrochlorothiazide,Lisinopril/Hydrochlorothiazide,29,53.3,1600,433.26,,,29,53.3,433.26,1600,*,
1003017906,Burzell,Linden,Oceanside,CA,06,Family Practice,Claim-Specialty,Lorazepam,Lorazepam,46,46.7,1240,307.72,,#,,,,,*,
1003017906,Burzell,Linden,Oceanside,CA,06,Family Practice,Claim-Specialty,Losartan Potassium,Losartan Potassium,117,318.9,9510,1962.51,29,#,,,,,#,
1003017906,Burzell,Linden,Oceanside,CA,06,Family Practice,Claim-Specialty,Losartan-Hydrochlorothiazide,Losartan/Hydrochlorothiazide,15,48,1440,570.35,,,15,48,570.35,1440,*,
1003017906,Burzell,Linden,Oceanside,CA,06,Family Practice,Claim-Specialty,Lovastatin,Lovastatin,16,49.3,1480,301.08,,,16,49.3,301.08,1480,*,
1003017906,Burzell,Linden,Oceanside,CA,06,Family Practice,Claim-Specialty,Meclizine Hcl,Meclizine Hcl,31,40.7,1065,294.03,,#,,,,,*,
1003017906,Burzell,Linden,Oceanside,CA,06,Family Practice,Claim-Specialty,Metformin Hcl,Metformin Hcl,149,407.9,12230,1580.8,45,,133,363,1390.65,10890,#,
1003017906,Burzell,Linden,Oceanside,CA,06,Family Practice,Claim-Specialty,Methylprednisolone,Methylprednisolone,12,12,72,145.67,,*,,,,,*,
1003017906,Burzell,Linden,Oceanside,CA,06,Family Practice,Claim-Specialty,Metoprolol Succinate,Metoprolol Succinate,95,242.8,7285,2051.07,36,#,,,,,#,
1003017906,Burzell,Linden,Oceanside,CA,06,Family Practice,Claim-Specialty,Metoprolol Tartrate,Metoprolol Tartrate,78,208.7,6253,742.29,21,,64,172.4,551.6,5173,#,
1003017906,Burzell,Linden,Oceanside,CA,06,Family Practice,Claim-Specialty,Montelukast Sodium,Montelukast Sodium,11,34.3,1030,229.37,,,11,34.3,229.37,1030,*,
1003017906,Burzell,Linden,Oceanside,CA,06,Family Practice,Claim-Specialty,Mupirocin,Mupirocin,11,11,86,116.03,,*,,,,,*,
1003017906,Burzell,Linden,Oceanside,CA,06,Family Practice,Claim-Specialty,Nitrofurantoin Mono-Macro,Nitrofurantoin Monohyd/M-Cryst,17,17,113,312.4,11,,17,17,312.4,113,,11
1003017906,Burzell,Linden,Oceanside,CA,06,Family Practice,Claim-Specialty,Novolog Flexpen,Insulin Aspart,11,11,110,1185.8,,,11,11,1185.8,110,*,
1003017906,Burzell,Linden,Oceanside,CA,06,Family Practice,Claim-Specialty,Nystatin,Nystatin,47,59,1532,1524.15,20,#,,,,,#,
1003017906,Burzell,Linden,Oceanside,CA,06,Family Practice,Claim-Specialty,Omeprazole,Omeprazole,108,320,9584,2295.54,37,,91,268.3,1677.59,8034,#,
1003017906,Burzell,Linden,Oceanside,CA,06,Family Practice,Claim-Specialty,Oxybutynin Chloride,Oxybutynin Chloride,26,62,1860,742.29,,#,,,,,*,
1003017906,Burzell,Linden,Oceanside,CA,06,Family Practice,Claim-Specialty,Oxycodone-Acetaminophen,Oxycodone Hcl/Acetaminophen,13,13,104,152,,#,,,,,*,
1003017906,Burzell,Linden,Oceanside,CA,06,Family Practice,Claim-Specialty,Pantoprazole Sodium,Pantoprazole Sodium,52,111.3,3326,716.73,15,#,,,,,#,
1003017906,Burzell,Linden,Oceanside,CA,06,Family Practice,Claim-Specialty,Paxlovid (Eua),Nirmatrelvir/Ritonavir,11,11,55,105.51,,*,,,,,*,
1003017906,Burzell,Linden,Oceanside,CA,06,Family Practice,Claim-Specialty,Phenytoin Sodium Extended,Phenytoin Sodium Extended,13,21,630,299.84,,,13,21,299.84,630,*,
1003017906,Burzell,Linden,Oceanside,CA,06,Family Practice,Claim-Specialty,Potassium Chloride,Potassium Chloride,35,97.3,2912,1909.72,12,#,,,,,*,
1003017906,Burzell,Linden,Oceanside,CA,06,Family Practice,Claim-Specialty,Pravastatin Sodium,Pravastatin Sodium,27,83.3,2500,398.79,,#,,,,,*,
1003017906,Burzell,Linden,Oceanside,CA,06,Family Practice,Claim-Specialty,Prednisone,Prednisone,23,25,249,55.8,13,#,,,,,#,
1003017906,Burzell,Linden,Oceanside,CA,06,Family Practice,Claim-Specialty,Quetiapine Fumarate,Quetiapine Fumarate,34,67.8,2025,968.57,,,18,42.5,672.43,1265,*,
1003017906,Burzell,Linden,Oceanside,CA,06,Family Practice,Claim-Specialty,Rosuvastatin Calcium,Rosuvastatin Calcium,42,125,3750,1314.46,12,,42,125,1314.46,3750,,12
1003017906,Burzell,Linden,Oceanside,CA,06,Family Practice,Claim-Specialty,Sertraline Hcl,Sertraline Hcl,70,159,4751,714.35,22,,51,122,574.45,3641,#,
1003017906,Burzell,Linden,Oceanside,CA,06,Family Practice,Claim-Specialty,Simvastatin,Simvastatin,131,339.6,10170,1882.94,33,,114,294.6,1596.3,8840,#,
1003017906,Burzell,Linden,Oceanside,CA,06,Family Practice,Claim-Specialty,Spironolactone,Spironolactone,11,33.3,1000,119.73,,*,,,,,*,
1003017906,Burzell,Linden,Oceanside,CA,06,Family Practice,Claim-Specialty,Sulfamethoxazole-Trimethoprim,Sulfamethoxazole/Trimethoprim,24,24,159,170.86,,#,,,,,*,
1003017906,Burzell,Linden,Oceanside,CA,06,Family Practice,Claim-Specialty,Sumatriptan Succinate,Sumatriptan Succinate,12,13.5,336,153.04,,*,,,,,*,
1003017906,Burzell,Linden,Oceanside,CA,06,Family Practice,Claim-Specialty,Symbicort,Budesonide/Formoterol Fumarate,43,68.7,2060,25662.38,13,,43,68.7,25662.38,2060,,13
1003017906,Burzell,Linden,Oceanside,CA,06,Family Practice,Claim-Specialty,Tamsulosin Hcl,Tamsulosin Hcl,112,309.9,9294,2248.32,40,#,,,,,#,
1003017906,Burzell,Linden,Oceanside,CA,06,Family Practice,Claim-Specialty,Terazosin Hcl,Terazosin Hcl,30,65.3,1908,1117.23,,,30,65.3,1117.23,1908,*,
1003017906,Burzell,Linden,Oceanside,CA,06,Family Practice,Claim-Specialty,Tramadol Hcl,Tramadol Hcl,36,36,624,304.25,,,36,36,304.25,624,*,
1003017906,Burzell,Linden,Oceanside,CA,06,Family Practice,Claim-Specialty,Trazodone Hcl,Trazodone Hcl,46,123.8,3713,930.72,18,#,,,,,#,
1003017906,Burzell,Linden,Oceanside,CA,06,Family Practice,Claim-Specialty,Trelegy Ellipta,Fluticasone/Umeclidin/Vilanter,12,14,420,9724.85,,,12,14,9724.85,420,*,
1003017906,Burzell,Linden,Oceanside,CA,06,Family Practice,Claim-Specialty,Triamcinolone Acetonide,Triamcinolone Acetonide,25,31.7,718,181.64,14,#,,,,,#,
1003017906,Burzell,Linden,Oceanside,CA,06,Family Practice,Claim-Specialty,Valsartan,Valsartan,28,62,1860,689.26,,#,,,,,*,
1003017906,Burzell,Linden,Oceanside,CA,06,Family Practice,Claim-Specialty,Venlafaxine Hcl,Venlafaxine Hcl,12,16,480,84.75,,#,,,,,*,
1003017906,Burzell,Linden,Oceanside,CA,06,Family Practice,Claim-Specialty,Ventolin Hfa,Albuterol Sulfate,23,23.4,576,1453.58,,#,,,,,*,
1003017906,Burzell,Linden,Oceanside,CA,06,Family Practice,Claim-Specialty,Wixela Inhub,Fluticasone Propion/Salmeterol,11,11,330,1615.33,,,11,11,1615.33,330,*,
1003017906,Burzell,Linden,Oceanside,CA,06,Family Practice,Claim-Specialty,Xarelto,Rivaroxaban,25,64.3,1930,36543.89,,,25,64.3,36543.89,1930,*,
1003017906,Burzell,Linden,Oceanside,CA,06,Family Practice,Claim-Specialty,Zolpidem Tartrate,Zolpidem Tartrate,88,88,2517,870.08,15,,69,69,581.21,1947,#,
1003017906,Burzell,Linden,Oceanside,CA,06,Family Practice,Claim-Specialty,Zolpidem Tartrate Er,Zolpidem Tartrate,21,21,630,499.55,,#,,,,,*,
1003017971,Tweet,Matthew,Sacramento,CA,06,Orthopedic Surgery,Claim-Specialty,Cephalexin,Cephalexin,11,11,268,516.75,,,11,11,516.75,268,*,
1003017971,Tweet,Matthew,Sacramento,CA,06,Orthopedic Surgery,Claim-Specialty,Hydrocodone-Acetaminophen,Hydrocodone/Acetaminophen,21,21,123,192.56,21,,21,21,192.56,123,,21
1003017971,Tweet,Matthew,Sacramento,CA,06,Orthopedic Surgery,Claim-Specialty,Ondansetron Hcl,Ondansetron Hcl,11,11,110,134.77,11,*,,,,,*,
1003017971,Tweet,Matthew,Sacramento,CA,06,Orthopedic Surgery,Claim-Specialty,Oxycodone Hcl,Oxycodone Hcl,144,144,966,1219.83,117,,127,127,1032.94,854,#,
1003018524,Kim,Kwang Ja,Artesia,CA,06,Pharmacist,NPPES-Taxonomy,Arexvy,Rsvpref3 Antigen/As01e/Pf,26,26,26,8225.07,26,,26,26,8225.07,26,,26
1003019365,Nguyen,Timothy,Milpitas,CA,06,Oral Surgery (Dentist only),NPPES-Specialty,Acetaminophen-Codeine,Acetaminophen With Codeine,11,11,46,89.8,11,,11,11,89.8,46,,11
1003019365,Nguyen,Timothy,Milpitas,CA,06,Oral Surgery (Dentist only),NPPES-Specialty,Amoxicillin,Amoxicillin,126,126,798,712.77,105,#,,,,,#,
1003019365,Nguyen,Timothy,Milpitas,CA,06,Oral Surgery (Dentist only),NPPES-Specialty,Amoxicillin-Clavulanate Potass,Amoxicillin/Potassium Clav,11,11,79,94.2,,,11,11,94.2,79,*,
1003019365,Nguyen,Timothy,Milpitas,CA,06,Oral Surgery (Dentist only),NPPES-Specialty,Chlorhexidine Gluconate,Chlorhexidine Gluconate,37,37,518,306.81,31,,37,37,306.81,518,,31
1003019365,Nguyen,Timothy,Milpitas,CA,06,Oral Surgery (Dentist only),NPPES-Specialty,Hydrocodone-Acetaminophen,Hydrocodone/Acetaminophen,34,34,117,240.47,30,#,,,,,#,
1003019365,Nguyen,Timothy,Milpitas,CA,06,Oral Surgery (Dentist only),NPPES-Specialty,Ibuprofen,Ibuprofen,73,73,533,361.41,64,#,,,,,#,
1003020223,Todd,David,Bishop,CA,06,Ophthalmology,NPPES-Specialty,Brimonidine Tartrate,Brimonidine Tartrate,25,29.2,775,399.11,,#,,,,,*,
1003020223,Todd,David,Bishop,CA,06,Ophthalmology,NPPES-Specialty,Latanoprost,Latanoprost,12,15.2,401,199.13,,*,,,,,*,
1003020223,Todd,David,Bishop,CA,06,Ophthalmology,NPPES-Specialty,Neomycin-Polymyxin-Dexameth,Neomycin/Polymyxin B/Dexametha,32,32,314,526.67,22,#,,,,,#,
1003021205,Amundsen,Dean,Camarillo,CA,06,Optometry,Claim-Specialty,Alphagan P,Brimonidine Tartrate,47,102.6,3021,23528.97,17,,47,102.6,23528.97,3021,,17
1003021205,Amundsen,Dean,Camarillo,CA,06,Optometry,Claim-Specialty,Brimonidine Tartrate,Brimonidine Tartrate,19,52.2,1565,349.8,,#,,,,,*,
1003021205,Amundsen,Dean,Camarillo,CA,06,Optometry,Claim-Specialty,Dorzolamide Hcl,Dorzolamide Hcl,14,34.1,1022,575.97,,,14,34.1,575.97,1022,*,
1003021205,Amundsen,Dean,Camarillo,CA,06,Optometry,Claim-Specialty,Dorzolamide-Timolol,Dorzolamide Hcl/Timolol Maleat,41,77.9,2336,879.13,,,41,77.9,879.13,2336,*,
1003021205,Amundsen,Dean,Camarillo,CA,06,Optometry,Claim-Specialty,Erythromycin,Erythromycin Base,34,39,886,404.14,21,,34,39,404.14,886,,21
1003021205,Amundsen,Dean,Camarillo,CA,06,Optometry,Claim-Specialty,Latanoprost,Latanoprost,75,174.9,5183,1550.7,30,,75,174.9,1550.7,5183,,30
1003021205,Amundsen,Dean,Camarillo,CA,06,Optometry,Claim-Specialty,Lotemax Sm,Loteprednol Etabonate,13,15.7,221,3396.1,,,13,15.7,3396.1,221,*,
1003021205,Amundsen,Dean,Camarillo,CA,06,Optometry,Claim-Specialty,Lumigan,Bimatoprost,36,99.8,2987,25693.44,17,,36,99.8,25693.44,2987,,17
1003021205,Amundsen,Dean,Camarillo,CA,06,Optometry,Claim-Specialty,Moxifloxacin,Moxifloxacin Hcl,14,14,159,433.34,,,14,14,433.34,159,*,
1003021205,Amundsen,Dean,Camarillo,CA,06,Optometry,Claim-Specialty,Prednisolone Acetate,Prednisolone Acetate,20,21.6,481,665.01,20,,20,21.6,665.01,481,,20
1003021205,Amundsen,Dean,Camarillo,CA,06,Optometry,Claim-Specialty,Simbrinza,Brinzolamide/Brimonidine Tart,11,32.3,970,3283.92,,,11,32.3,3283.92,970,*,
1003021205,Amundsen,Dean,Camarillo,CA,06,Optometry,Claim-Specialty,Tafluprost,Tafluprost/Pf,16,24,720,2802.52,,,16,24,2802.52,720,*,
1003021205,Amundsen,Dean,Camarillo,CA,06,Optometry,Claim-Specialty,Timolol Maleate,Timolol Maleate,38,95.2,2835,733.46,15,,38,95.2,733.46,2835,,15
1003021205,Amundsen,Dean,Camarillo,CA,06,Optometry,Claim-Specialty,Tobramycin-Dexamethasone,Tobramycin/Dexamethasone,19,20.3,427,924.78,19,,19,20.3,924.78,427,,19
1003021205,Amundsen,Dean,Camarillo,CA,06,Optometry,Claim-Specialty,Vyzulta,Latanoprostene Bunod,14,20.4,599,6244.53,,,14,20.4,6244.53,599,*,
1003021205,Amundsen,Dean,Camarillo,CA,06,Optometry,Claim-Specialty,Xiidra,Lifitegrast,38,96,2880,62984.26,20,,38,96,62984.26,2880,,20
1003021205,Amundsen,Dean,Camarillo,CA,06,Optometry,Claim-Specialty,Zioptan,Tafluprost/Pf,12,12,360,3140.91,,,12,12,3140.91,360,*,
1003022120,Vieira,Maureen,Modesto,CA,06,Obstetrics & Gynecology,NPPES-Specialty,Estradiol,Estradiol,24,48.5,1456,1575.68,,,24,48.5,1575.68,1456,*,
1003022120,Vieira,Maureen,Modesto,CA,06,Obstetrics & Gynecology,NPPES-Specialty,Estradiol (Twice Weekly),Estradiol,13,13,364,848.9,,*,,,,,*,
1003022120,Vieira,Maureen,Modesto,CA,06,Obstetrics & Gynecology,NPPES-Specialty,Levothyroxine Sodium,Levothyroxine Sodium,11,31,930,188.67,,*,,,,,*,
1003022211,Bolur,Steve,West Los Angeles,CA,06,Dentist,NPPES-Specialty,Amoxicillin,Amoxicillin,12,12,86,61.14,,,12,12,61.14,86,*,
1003022609,Ortiz,Jaime,Bakersfield,CA,06,Psychiatry & Neurology,NPPES-Taxonomy,Aripiprazole,Aripiprazole,42,42,1260,11367.82,,*,,,,,*,
1003022609,Ortiz,Jaime,Bakersfield,CA,06,Psychiatry & Neurology,NPPES-Taxonomy,Benztropine Mesylate,Benztropine Mesylate,21,21,630,355.49,,*,,,,,*,
1003022609,Ortiz,Jaime,Bakersfield,CA,06,Psychiatry & Neurology,NPPES-Taxonomy,Buspirone Hcl,Buspirone Hcl,38,38,1125,887.1,13,,11,11,370.58,330,*,
1003022609,Ortiz,Jaime,Bakersfield,CA,06,Psychiatry & Neurology,NPPES-Taxonomy,Divalproex Sodium Er,Divalproex Sodium,11,13,390,1391.72,,*,,,,,*,
1003022609,Ortiz,Jaime,Bakersfield,CA,06,Psychiatry & Neurology,NPPES-Taxonomy,Duloxetine Hcl,Duloxetine Hcl,11,11,330,881.15,,,11,11,881.15,330,*,
1003022609,Ortiz,Jaime,Bakersfield,CA,06,Psychiatry & Neurology,NPPES-Taxonomy,Escitalopram Oxalate,Escitalopram Oxalate,11,11,330,149.81,,*,,,,,*,
1003022609,Ortiz,Jaime,Bakersfield,CA,06,Psychiatry & Neurology,NPPES-Taxonomy,Fluoxetine Hcl,Fluoxetine Hcl,35,35,1050,213.36,,*,,,,,*,
1003022609,Ortiz,Jaime,Bakersfield,CA,06,Psychiatry & Neurology,NPPES-Taxonomy,Haloperidol,Haloperidol,22,22,660,763.11,,#,,,,,*,
1003022609,Ortiz,Jaime,Bakersfield,CA,06,Psychiatry & Neurology,NPPES-Taxonomy,Haloperidol Decanoate,Haloperidol Decanoate,12,12,360,1201.69,,,0,0,0,0,#,
1003022609,Ortiz,Jaime,Bakersfield,CA,06,Psychiatry & Neurology,NPPES-Taxonomy,Hydroxyzine Hcl,Hydroxyzine Hcl,34,36,1080,964.87,13,,14,14,380.23,420,*,
1003022609,Ortiz,Jaime,Bakersfield,CA,06,Psychiatry & Neurology,NPPES-Taxonomy,Mirtazapine,Mirtazapine,55,59,1770,737.41,15,,39,43,530.85,1290,#,
1003022609,Ortiz,Jaime,Bakersfield,CA,06,Psychiatry & Neurology,NPPES-Taxonomy,Olanzapine,Olanzapine,96,100,3000,5068.07,17,,28,28,1700.67,840,*,
1003022609,Ortiz,Jaime,Bakersfield,CA,06,Psychiatry & Neurology,NPPES-Taxonomy,Paroxetine Hcl,Paroxetine Hcl,16,18,540,198.42,,,0,0,0,0,#,
1003022609,Ortiz,Jaime,Bakersfield,CA,06,Psychiatry & Neurology,NPPES-Taxonomy,Quetiapine Fumarate,Quetiapine Fumarate,36,36,1080,2122.51,,,0,0,0,0,#,
1003022609,Ortiz,Jaime,Bakersfield,CA,06,Psychiatry & Neurology,NPPES-Taxonomy,Risperidone,Risperidone,24,24,720,362.8,,,0,0,0,0,#,
1003022609,Ortiz,Jaime,Bakersfield,CA,06,Psychiatry & Neurology,NPPES-Taxonomy,Sertraline Hcl,Sertraline Hcl,12,12,360,218.56,,,0,0,0,0,#,
1003022609,Ortiz,Jaime,Bakersfield,CA,06,Psychiatry & Neurology,NPPES-Taxonomy,Trazodone Hcl,Trazodone Hcl,17,17,510,341.08,,*,,,,,*,
1003022609,Ortiz,Jaime,Bakersfield,CA,06,Psychiatry & Neurology,NPPES-Taxonomy,Venlafaxine Hcl Er,Venlafaxine Hcl,23,23,672,470.56,,*,,,,,*,
1003022682,Shah,Maulik,Fresno,CA,06,Internal Medicine,Claim-Specialty,Clopidogrel,Clopidogrel Bisulfate,12,12,342,112.88,12,,12,12,112.88,342,,12
1003022682,Shah,Maulik,Fresno,CA,06,Internal Medicine,Claim-Specialty,Furosemide,Furosemide,14,14,404,37.74,14,,14,14,37.74,404,,14
1003022682,Shah,Maulik,Fresno,CA,06,Internal Medicine,Claim-Specialty,Hydrocodone-Acetaminophen,Hydrocodone/Acetaminophen,12,12,49,58.98,12,*,,,,,*,
1003022682,Shah,Maulik,Fresno,CA,06,Internal Medicine,Claim-Specialty,Levofloxacin,Levofloxacin,22,22,140,141.49,21,,22,22,141.49,140,,21
1003022880,Wang,James,Santa Ana,CA,06,Dentist,NPPES-Specialty,Amoxicillin,Amoxicillin,31,31,212,97.42,22,#,,,,,#,
1003025537,Clapper,Michael,Palm Springs,CA,06,Dentist,NPPES-Specialty,Amoxicillin,Amoxicillin,28,28,178,115.54,25,#,,,,,#,
1003025537,Clapper,Michael,Palm Springs,CA,06,Dentist,NPPES-Specialty,Chlorhexidine Gluconate,Chlorhexidine Gluconate,14,14,215,41.49,,,14,14,41.49,215,*,
1003025743,Gandhi,Nainesh,Fontana,CA,06,Cardiology,Claim-Specialty,Amiodarone Hcl,Amiodarone Hcl,43,130.5,3918,1176.3,17,,43,130.5,1176.3,3918,,17
1003025743,Gandhi,Nainesh,Fontana,CA,06,Cardiology,Claim-Specialty,Amlodipine Besylate,Amlodipine Besylate,42,124,3724,478.8,18,,42,124,478.8,3724,,18
1003025743,Gandhi,Nainesh,Fontana,CA,06,Cardiology,Claim-Specialty,Atorvastatin Calcium,Atorvastatin Calcium,48,150.9,4530,793.15,19,#,,,,,#,
1003025743,Gandhi,Nainesh,Fontana,CA,06,Cardiology,Claim-Specialty,Bisoprolol Fumarate,Bisoprolol Fumarate,150,457.8,13723,4581.11,57,,150,457.8,4581.11,13723,,57
1003025743,Gandhi,Nainesh,Fontana,CA,06,Cardiology,Claim-Specialty,Carvedilol,Carvedilol,57,130.3,3910,651.32,21,#,,,,,#,
1003025743,Gandhi,Nainesh,Fontana,CA,06,Cardiology,Claim-Specialty,Clopidogrel,Clopidogrel Bisulfate,23,66.6,2000,413.7,,,23,66.6,413.7,2000,*,
1003025743,Gandhi,Nainesh,Fontana,CA,06,Cardiology,Claim-Specialty,Digoxin,Digoxin,15,46,1380,401.24,,,15,46,401.24,1380,*,
1003025743,Gandhi,Nainesh,Fontana,CA,06,Cardiology,Claim-Specialty,Diltiazem 24hr Er (Cd),Diltiazem Hcl,16,48.3,1450,369.32,,,16,48.3,369.32,1450,*,
1003025743,Gandhi,Nainesh,Fontana,CA,06,Cardiology,Claim-Specialty,Eliquis,Apixaban,11,26.3,790,15229.16,,,11,26.3,15229.16,790,*,
1003025743,Gandhi,Nainesh,Fontana,CA,06,Cardiology,Claim-Specialty,Furosemide,Furosemide,85,199.7,5960,947.88,35,,85,199.7,947.88,5960,,35
1003025743,Gandhi,Nainesh,Fontana,CA,06,Cardiology,Claim-Specialty,Hydralazine Hcl,Hydralazine Hcl,23,60.3,1662,262.2,,,23,60.3,262.2,1662,*,
1003025743,Gandhi,Nainesh,Fontana,CA,06,Cardiology,Claim-Specialty,Isosorbide Mononitrate Er,Isosorbide Mononitrate,66,173.7,5214,932.44,22,#,,,,,#,
1003025743,Gandhi,Nainesh,Fontana,CA,06,Cardiology,Claim-Specialty,Lisinopril,Lisinopril,64,129.9,3896,834.28,19,,64,129.9,834.28,3896,,19
1003025743,Gandhi,Nainesh,Fontana,CA,06,Cardiology,Claim-Specialty,Losartan Potassium,Losartan Potassium,20,54,1622,221.4,,,20,54,221.4,1622,*,
1003025743,Gandhi,Nainesh,Fontana,CA,06,Cardiology,Claim-Specialty,Metoprolol Tartrate,Metoprolol Tartrate,143,398.3,11943,1304.47,56,#,,,,,#,
1003025743,Gandhi,Nainesh,Fontana,CA,06,Cardiology,Claim-Specialty,Nitroglycerin,Nitroglycerin,44,51,1466,617.15,28,#,,,,,#,
1003025743,Gandhi,Nainesh,Fontana,CA,06,Cardiology,Claim-Specialty,Potassium Chloride,Potassium Chloride,56,147,4382,1826.23,26,,56,147,1826.23,4382,,26
1003025743,Gandhi,Nainesh,Fontana,CA,06,Cardiology,Claim-Specialty,Pradaxa,Dabigatran Etexilate Mesylate,194,274,8220,29503.44,42,,194,274,29503.44,8220,,42
1003025743,Gandhi,Nainesh,Fontana,CA,06,Cardiology,Claim-Specialty,Rosuvastatin Calcium,Rosuvastatin Calcium,16,53.3,1600,186.72,,,16,53.3,186.72,1600,*,
1003025743,Gandhi,Nainesh,Fontana,CA,06,Cardiology,Claim-Specialty,Sotalol,Sotalol Hcl,15,26.7,800,352.9,,,15,26.7,352.9,800,*,
1003027558,Fong,Linda,Los Angeles,CA,06,Internal Medicine,Claim-Specialty,Amiodarone Hcl,Amiodarone Hcl,31,102.9,3090,768.13,13,,31,102.9,768.13,3090,,13
1003027558,Fong,Linda,Los Angeles,CA,06,Internal Medicine,Claim-Specialty,Amlodipine Besylate,Amlodipine Besylate,47,154.9,4650,558.5,17,,47,154.9,558.5,4650,,17
1003027558,Fong,Linda,Los Angeles,CA,06,Internal Medicine,Claim-Specialty,Atenolol,Atenolol,18,57.6,1730,221.11,,,18,57.6,221.11,1730,*,
1003027558,Fong,Linda,Los Angeles,CA,06,Internal Medicine,Claim-Specialty,Atorvastatin Calcium,Atorvastatin Calcium,59,196.5,5900,1047.36,26,#,,,,,#,
1003027558,Fong,Linda,Los Angeles,CA,06,Internal Medicine,Claim-Specialty,Bisoprolol Fumarate,Bisoprolol Fumarate,233,767.7,23035,6372.96,88,#,,,,,#,
1003027558,Fong,Linda,Los Angeles,CA,06,Internal Medicine,Claim-Specialty,Brilinta,Ticagrelor,12,36.7,1100,17420.41,,,12,36.7,17420.41,1100,*,
1003027558,Fong,Linda,Los Angeles,CA,06,Internal Medicine,Claim-Specialty,Carvedilol,Carvedilol,52,168.5,5060,625.64,22,#,,,,,#,
1003027558,Fong,Linda,Los Angeles,CA,06,Internal Medicine,Claim-Specialty,Chlorthalidone,Chlorthalidone,26,86.3,2590,496.95,12,#,,,,,#,
1003027558,Fong,Linda,Los Angeles,CA,06,Internal Medicine,Claim-Specialty,Clopidogrel,Clopidogrel Bisulfate,38,123.2,3700,748.89,22,,38,123.2,748.89,3700,,22
1003027558,Fong,Linda,Los Angeles,CA,06,Internal Medicine,Claim-Specialty,Digoxin,Digoxin,46,152.2,4571,1160.82,19,,46,152.2,1160.82,4571,,19
1003027558,Fong,Linda,Los Angeles,CA,06,Internal Medicine,Claim-Specialty,Diltiazem 24hr Er (Cd),Diltiazem Hcl,31,100.1,3005,996.06,13,,31,100.1,996.06,3005,,13
1003027558,Fong,Linda,Los Angeles,CA,06,Internal Medicine,Claim-Specialty,Eliquis,Apixaban,87,242,7260,124916.56,31,#,,,,,#,
1003027558,Fong,Linda,Los Angeles,CA,06,Internal Medicine,Claim-Specialty,Entresto,Sacubitril/Valsartan,12,36.3,1090,22929.9,,,12,36.3,22929.9,1090,*,
1003027558,Fong,Linda,Los Angeles,CA,06,Internal Medicine,Claim-Specialty,Flecainide Acetate,Flecainide Acetate,18,50,1500,570.9,,,18,50,570.9,1500,*,
1003027558,Fong,Linda,Los Angeles,CA,06,Internal Medicine,Claim-Specialty,Furosemide,Furosemide,294,768.1,23019,3591.22,144,#,,,,,#,
1003027558,Fong,Linda,Los Angeles,CA,06,Internal Medicine,Claim-Specialty,Isosorbide Mononitrate Er,Isosorbide Mononitrate,85,279.2,8383,1155.55,32,,85,279.2,1155.55,8383,,32
1003027558,Fong,Linda,Los Angeles,CA,06,Internal Medicine,Claim-Specialty,Jardiance,Empagliflozin,44,129.2,3880,26998.43,18,#,,,,,#,
1003027558,Fong,Linda,Los Angeles,CA,06,Internal Medicine,Claim-Specialty,Lisinopril,Lisinopril,63,202.8,6090,754.56,27,,63,202.8,754.56,6090,,27
1003027558,Fong,Linda,Los Angeles,CA,06,Internal Medicine,Claim-Specialty,Losartan Potassium,Losartan Potassium,45,148.2,4450,573.83,20,,45,148.2,573.83,4450,,20
1003027558,Fong,Linda,Los Angeles,CA,06,Internal Medicine,Claim-Specialty,Metolazone,Metolazone,11,11,330,670.86,,,11,11,670.86,330,*,
1003027558,Fong,Linda,Los Angeles,CA,06,Internal Medicine,Claim-Specialty,Metoprolol Succinate,Metoprolol Succinate,19,63.3,1900,440.09,,,19,63.3,440.09,1900,*,
1003027558,Fong,Linda,Los Angeles,CA,06,Internal Medicine,Claim-Specialty,Metoprolol Tartrate,Metoprolol Tartrate,158,512.1,15373,1736.03,63,#,,,,,#,
1003027558,Fong,Linda,Los Angeles,CA,06,Internal Medicine,Claim-Specialty,Multaq,Dronedarone Hcl,13,15,450,12603.28,,,13,15,12603.28,450,*,
1003027558,Fong,Linda,Los Angeles,CA,06,Internal Medicine,Claim-Specialty,Nitroglycerin,Nitroglycerin,88,109.3,3116,1341.8,44,#,,,,,#,
1003027558,Fong,Linda,Los Angeles,CA,06,Internal Medicine,Claim-Specialty,Potassium Chloride,Potassium Chloride,27,72.6,2180,2318.89,12,#,,,,,#,
1003027558,Fong,Linda,Los Angeles,CA,06,Internal Medicine,Claim-Specialty,Pradaxa,Dabigatran Etexilate Mesylate,280,789.3,23680,84536.58,98,#,,,,,#,
1003027558,Fong,Linda,Los Angeles,CA,06,Internal Medicine,Claim-Specialty,Ranolazine Er,Ranolazine,20,60,1800,1586.5,,,20,60,1586.5,1800,*,
1003027558,Fong,Linda,Los Angeles,CA,06,Internal Medicine,Claim-Specialty,Repatha Sureclick,Evolocumab,29,34.4,980,20125.2,,#,,,,,*,
1003027558,Fong,Linda,Los Angeles,CA,06,Internal Medicine,Claim-Specialty,Rosuvastatin Calcium,Rosuvastatin Calcium,57,186.3,5576,934.18,21,,57,186.3,934.18,5576,,21
1003027558,Fong,Linda,Los Angeles,CA,06,Internal Medicine,Claim-Specialty,Spironolactone,Spironolactone,46,153.2,4600,520.2,22,,46,153.2,520.2,4600,,22
1003027558,Fong,Linda,Los Angeles,CA,06,Internal Medicine,Claim-Specialty,Torsemide,Torsemide,13,31,930,220.19,,#,,,,,*,
1003027558,Fong,Linda,Los Angeles,CA,06,Internal Medicine,Claim-Specialty,Xarelto,Rivaroxaban,31,83,2490,35671.46,12,,31,83,35671.46,2490,,12
1003028556,Heidari,Neda,Oxnard,CA,06,Neurology,Claim-Specialty,Acetazolamide,Acetazolamide,16,32.5,975,803.25,,*,,,,,*,
1003028556,Heidari,Neda,Oxnard,CA,06,Neurology,Claim-Specialty,Acyclovir,Acyclovir,12,18,511,378.23,,,12,18,378.23,511,*,
1003028556,Heidari,Neda,Oxnard,CA,06,Neurology,Claim-Specialty,Aimovig Autoinjector,Erenumab-Aooe,62,72,2160,55198.42,,,50,60,45478.88,1800,*,
1003028556,Heidari,Neda,Oxnard,CA,06,Neurology,Claim-Specialty,Alprazolam,Alprazolam,75,85.3,2495,776.6,18,,55,65.3,620.41,1960,#,
1003028556,Heidari,Neda,Oxnard,CA,06,Neurology,Claim-Specialty,Amantadine,Amantadine Hcl,22,43,1290,2543.85,,#,,,,,*,
1003028556,Heidari,Neda,Oxnard,CA,06,Neurology,Claim-Specialty,Amitriptyline Hcl,Amitriptyline Hcl,65,105,3150,1586.57,12,,47,73,1091.55,2190,*,
1003028556,Heidari,Neda,Oxnard,CA,06,Neurology,Claim-Specialty,Amlodipine Besylate,Amlodipine Besylate,12,12,345,97,,,12,12,97,345,*,
1003028556,Heidari,Neda,Oxnard,CA,06,Neurology,Claim-Specialty,Aptiom,Eslicarbazepine Acetate,11,11,330,13703.36,,,0,0,0,0,#,
1003028556,Heidari,Neda,Oxnard,CA,06,Neurology,Claim-Specialty,Aripiprazole,Aripiprazole,45,67.1,1995,4514.93,13,#,,,,,#,
1003028556,Heidari,Neda,Oxnard,CA,06,Neurology,Claim-Specialty,Atorvastatin Calcium,Atorvastatin Calcium,29,81.1,2432,659.8,11,#,,,,,*,
1003028556,Heidari,Neda,Oxnard,CA,06,Neurology,Claim-Specialty,Austedo,Deutetrabenazine,23,23,690,149320.33,,#,,,,,*,
1003028556,Heidari,Neda,Oxnard,CA,06,Neurology,Claim-Specialty,Baclofen,Baclofen,43,65.3,1957,1107.99,,,21,25.1,535.08,752,*,
1003028556,Heidari,Neda,Oxnard,CA,06,Neurology,Claim-Specialty,Botox,Onabotulinumtoxina,13,35.1,1054,31454.02,,*,,,,,*,
1003028556,Heidari,Neda,Oxnard,CA,06,Neurology,Claim-Specialty,Carbamazepine,Carbamazepine,18,44,1320,2807.59,,#,,,,,*,
1003028556,Heidari,Neda,Oxnard,CA,06,Neurology,Claim-Specialty,Carbidopa-Levodopa,Carbidopa/Levodopa,514,987.5,29501,17923.72,120,,484,955.5,16737.77,28586,#,
1003028556,Heidari,Neda,Oxnard,CA,06,Neurology,Claim-Specialty,Carbidopa-Levodopa Er,Carbidopa/Levodopa,63,114,3420,3950.2,14,#,,,,,#,
1003028556,Heidari,Neda,Oxnard,CA,06,Neurology,Claim-Specialty,Clonazepam,Clonazepam,54,55,1559,911.25,,,22,23,276.34,600,*,
1003028556,Heidari,Neda,Oxnard,CA,06,Neurology,Claim-Specialty,Clopidogrel,Clopidogrel Bisulfate,35,53,1590,384.8,,,35,53,384.8,1590,*,
1003028556,Heidari,Neda,Oxnard,CA,06,Neurology,Claim-Specialty,Cyclobenzaprine Hcl,Cyclobenzaprine Hcl,50,52,1350,694.87,,,33,35,364.7,840,*,
1003028556,Heidari,Neda,Oxnard,CA,06,Neurology,Claim-Specialty,Divalproex Sodium,Divalproex Sodium,40,62,1860,2902.32,,,23,37,1029.77,1110,*,
1003028556,Heidari,Neda,Oxnard,CA,06,Neurology,Claim-Specialty,Donepezil Hcl,Donepezil Hcl,493,892.2,26702,9487.77,128,#,,,,,#,
1003028556,Heidari,Neda,Oxnard,CA,06,Neurology,Claim-Specialty,Doxepin Hcl,Doxepin Hcl,12,12,360,345.18,,,12,12,345.18,360,*,
1003028556,Heidari,Neda,Oxnard,CA,06,Neurology,Claim-Specialty,Duloxetine Hcl,Duloxetine Hcl,156,210.4,6312,5982.26,39,,135,177.3,4253.45,5319,#,
1003028556,Heidari,Neda,Oxnard,CA,06,Neurology,Claim-Specialty,Escitalopram Oxalate,Escitalopram Oxalate,225,349.5,10471,4851.38,52,,199,317.1,4073.72,9499,#,
1003028556,Heidari,Neda,Oxnard,CA,06,Neurology,Claim-Specialty,Gabapentin,Gabapentin,886,1267.1,37437,19161.32,224,,826,1197.7,17115.1,35355,,211
1003028556,Heidari,Neda,Oxnard,CA,06,Neurology,Claim-Specialty,Gammagard Liquid,Immun Glob G(Igg)/Gly/Iga Ov50,23,27.8,789,218079.57,,,23,27.8,218079.57,789,*,
1003028556,Heidari,Neda,Oxnard,CA,06,Neurology,Claim-Specialty,Gamunex-C,Immune Globul G/Gly/Iga Avg 46,28,28,840,146209.82,,,28,28,146209.82,840,*,
1003028556,Heidari,Neda,Oxnard,CA,06,Neurology,Claim-Specialty,Ingrezza,Valbenazine Tosylate,13,13,390,110129.24,,,13,13,110129.24,390,*,
1003028556,Heidari,Neda,Oxnard,CA,06,Neurology,Claim-Specialty,Kesimpta Pen,Ofatumumab,12,12,340,106103.04,,,0,0,0,0,#,
1003028556,Heidari,Neda,Oxnard,CA,06,Neurology,Claim-Specialty,Lacosamide,Lacosamide,23,23,690,11862.57,,*,,,,,*,
1003028556,Heidari,Neda,Oxnard,CA,06,Neurology,Claim-Specialty,Lamotrigine,Lamotrigine,123,236.2,7088,5413.63,27,,81,162,3017.16,4860,#,
1003028556,Heidari,Neda,Oxnard,CA,06,Neurology,Claim-Specialty,Levetiracetam,Levetiracetam,338,584.6,17472,10783.08,68,,286,508.5,8387.96,15188,#,
1003028556,Heidari,Neda,Oxnard,CA,06,Neurology,Claim-Specialty,Levetiracetam Er,Levetiracetam,68,108.6,3244,3683.78,16,,53,82.5,2612.3,2460,#,
1003028556,Heidari,Neda,Oxnard,CA,06,Neurology,Claim-Specialty,Lorazepam,Lorazepam,46,48.2,1157,405.79,17,,23,23,83.96,487,*,
1003028556,Heidari,Neda,Oxnard,CA,06,Neurology,Claim-Specialty,Memantine Hcl,Memantine Hcl,170,296,8880,8724.32,38,#,,,,,#,
1003028556,Heidari,Neda,Oxnard,CA,06,Neurology,Claim-Specialty,Methylprednisolone,Methylprednisolone,11,11,67,158.97,,*,,,,,*,
1003028556,Heidari,Neda,Oxnard,CA,06,Neurology,Claim-Specialty,Metoprolol Succinate,Metoprolol Succinate,26,60,1800,426.76,,#,,,,,*,
1003028556,Heidari,Neda,Oxnard,CA,06,Neurology,Claim-Specialty,Metoprolol Tartrate,Metoprolol Tartrate,13,27,810,134.72,,,13,27,134.72,810,*,
1003028556,Heidari,Neda,Oxnard,CA,06,Neurology,Claim-Specialty,Mirtazapine,Mirtazapine,29,65,1950,575.74,,#,,,,,*,
1003028556,Heidari,Neda,Oxnard,CA,06,Neurology,Claim-Specialty,Morphine Sulfate Er,Morphine Sulfate,16,16,442,401.95,,#,,,,,*,
1003028556,Heidari,Neda,Oxnard,CA,06,Neurology,Claim-Specialty,Mounjaro,Tirzepatide,24,30.3,870,34357.93,,#,,,,,*,
1003028556,Heidari,Neda,Oxnard,CA,06,Neurology,Claim-Specialty,Naproxen,Naproxen,15,15,398,132.7,,,15,15,132.7,398,*,
1003028556,Heidari,Neda,Oxnard,CA,06,Neurology,Claim-Specialty,Nayzilam,Midazolam,13,13,386,8745.1,,,0,0,0,0,#,
1003028556,Heidari,Neda,Oxnard,CA,06,Neurology,Claim-Specialty,Nortriptyline Hcl,Nortriptyline Hcl,18,20.2,605,316.78,,*,,,,,*,
1003028556,Heidari,Neda,Oxnard,CA,06,Neurology,Claim-Specialty,Nurtec Odt,Rimegepant Sulfate,83,83,2480,169939.07,12,,37,37,73750.93,1100,*,
1003028556,Heidari,Neda,Oxnard,CA,06,Neurology,Claim-Specialty,Octagam,Immun Globg(Igg)/Malt/Iga Ov50,12,12,336,261819.49,,,12,12,261819.49,336,*,
1003028556,Heidari,Neda,Oxnard,CA,06,Neurology,Claim-Specialty,Olanzapine,Olanzapine,13,13,390,749.2,,,0,0,0,0,#,
1003028556,Heidari,Neda,Oxnard,CA,06,Neurology,Claim-Specialty,Ondansetron Odt,Ondansetron,13,13,172,174.94,,*,,,,,*,
1003028556,Heidari,Neda,Oxnard,CA,06,Neurology,Claim-Specialty,Oxcarbazepine,Oxcarbazepine,21,29.5,875,1842.82,,*,,,,,*,
1003028556,Heidari,Neda,Oxnard,CA,06,Neurology,Claim-Specialty,Paroxetine Hcl,Paroxetine Hcl,14,22,660,124.98,,,14,22,124.98,660,*,
1003028556,Heidari,Neda,Oxnard,CA,06,Neurology,Claim-Specialty,Phenobarbital,Phenobarbital,11,11,330,207.49,,,11,11,207.49,330,*,
1003028556,Heidari,Neda,Oxnard,CA,06,Neurology,Claim-Specialty,Pramipexole Dihydrochloride,Pramipexole Di-Hcl,30,48,1416,649.1,,,30,48,649.1,1416,*,
1003028556,Heidari,Neda,Oxnard,CA,06,Neurology,Claim-Specialty,Prednisone,Prednisone,19,35,959,144.38,,,19,35,144.38,959,*,
1003028556,Heidari,Neda,Oxnard,CA,06,Neurology,Claim-Specialty,Pregabalin,Pregabalin,213,240,7155,6955.22,56,,199,226,6437.15,6780,#,
1003028556,Heidari,Neda,Oxnard,CA,06,Neurology,Claim-Specialty,Primidone,Primidone,39,94.8,2820,2345.93,11,#,,,,,*,
1003028556,Heidari,Neda,Oxnard,CA,06,Neurology,Claim-Specialty,Privigen,Immun Glob G(Igg)/Pro/Iga 0-50,22,22,623,358302.92,,#,,,,,*,
1003028556,Heidari,Neda,Oxnard,CA,06,Neurology,Claim-Specialty,Pyridostigmine Bromide,Pyridostigmine Bromide,17,45.8,1374,1781.76,11,#,,,,,*,
1003028556,Heidari,Neda,Oxnard,CA,06,Neurology,Claim-Specialty,Quetiapine Fumarate,Quetiapine Fumarate,234,346.4,10367,9645.85,51,,217,317.4,8535.62,9514,#,
1003028556,Heidari,Neda,Oxnard,CA,06,Neurology,Claim-Specialty,Qulipta,Atogepant,18,18,540,20916.91,,#,,,,,*,
1003028556,Heidari,Neda,Oxnard,CA,06,Neurology,Claim-Specialty,Risperidone,Risperidone,22,30,900,909.6,,#,,,,,*,
1003028556,Heidari,Neda,Oxnard,CA,06,Neurology,Claim-Specialty,Rivastigmine,Rivastigmine,74,144,4320,31079.54,20,,74,144,31079.54,4320,,20
1003028556,Heidari,Neda,Oxnard,CA,06,Neurology,Claim-Specialty,Rivastigmine,Rivastigmine Tartrate,37,78.5,2340,4621.56,12,,37,78.5,4621.56,2340,,12
1003028556,Heidari,Neda,Oxnard,CA,06,Neurology,Claim-Specialty,Rizatriptan,Rizatriptan Benzoate,52,59.2,1666,1866.21,11,,29,36,993.25,989,*,
1003028556,Heidari,Neda,Oxnard,CA,06,Neurology,Claim-Specialty,Ropinirole Er,Ropinirole Hcl,15,25,750,7376.64,,,15,25,7376.64,750,*,
1003028556,Heidari,Neda,Oxnard,CA,06,Neurology,Claim-Specialty,Ropinirole Hcl,Ropinirole Hcl,113,185,5508,4635.76,28,#,,,,,#,
1003028556,Heidari,Neda,Oxnard,CA,06,Neurology,Claim-Specialty,Sertraline Hcl,Sertraline Hcl,25,35.1,1051,469.75,,*,,,,,*,
1003028556,Heidari,Neda,Oxnard,CA,06,Neurology,Claim-Specialty,Sumatriptan Succinate,Sumatriptan Succinate,12,12,293,103.07,,*,,,,,*,
1003028556,Heidari,Neda,Oxnard,CA,06,Neurology,Claim-Specialty,Topiramate,Topiramate,57,93.1,2765,1459.26,14,,37,65,922.64,1922,*,
1003028556,Heidari,Neda,Oxnard,CA,06,Neurology,Claim-Specialty,Topiramate Er,Topiramate,18,28,840,17394,,,18,28,17394,840,*,
1003028556,Heidari,Neda,Oxnard,CA,06,Neurology,Claim-Specialty,Tramadol Hcl,Tramadol Hcl,19,19,265,51.15,,#,,,,,*,
1003028556,Heidari,Neda,Oxnard,CA,06,Neurology,Claim-Specialty,Trazodone Hcl,Trazodone Hcl,81,104,3081,1888.29,20,,61,76,1111.6,2240,#,
1003028556,Heidari,Neda,Oxnard,CA,06,Neurology,Claim-Specialty,Ubrelvy,Ubrogepant,48,48,1411,74053.56,,#,,,,,*,
1003028556,Heidari,Neda,Oxnard,CA,06,Neurology,Claim-Specialty,Venlafaxine Hcl,Venlafaxine Hcl,13,23,690,317.77,,,13,23,317.77,690,*,
1003028556,Heidari,Neda,Oxnard,CA,06,Neurology,Claim-Specialty,Venlafaxine Hcl Er,Venlafaxine Hcl,15,35,1050,290.88,,,15,35,290.88,1050,*,
1003029166,Rubenstein,Richard,Richmond,CA,06,Psychiatry & Neurology,NPPES-Taxonomy,Sertraline Hcl,Sertraline Hcl,12,12,360,46.37,,,12,12,46.37,360,*,
1003029372,Tanagho,Youssef,Panorama City,CA,06,Urology,Claim-Specialty,Amoxicillin-Clavulanate Potass,Amoxicillin/Potassium Clav,11,11,77,73.48,,*,,,,,*,
1003029372,Tanagho,Youssef,Panorama City,CA,06,Urology,Claim-Specialty,Ciprofloxacin Hcl,Ciprofloxacin Hcl,14,14,38,60.95,12,,14,14,60.95,38,,12
1003029372,Tanagho,Youssef,Panorama City,CA,06,Urology,Claim-Specialty,Dutasteride,Dutasteride,12,12,360,110.4,,,12,12,110.4,360,*,
1003029372,Tanagho,Youssef,Panorama City,CA,06,Urology,Claim-Specialty,Finasteride,Finasteride,65,92.2,2740,759.88,13,,65,92.2,759.88,2740,,13
1003029372,Tanagho,Youssef,Panorama City,CA,06,Urology,Claim-Specialty,Gemtesa,Vibegron,169,194,5811,97717.93,48,,135,152,77113.82,4551,#,
1003029372,Tanagho,Youssef,Panorama City,CA,06,Urology,Claim-Specialty,Myrbetriq,Mirabegron,62,78,2340,36444.64,15,,50,66,31056.36,1980,#,
1003029372,Tanagho,Youssef,Panorama City,CA,06,Urology,Claim-Specialty,Oxybutynin Chloride,Oxybutynin Chloride,12,14,416,275.58,,,12,14,275.58,416,*,
1003029372,Tanagho,Youssef,Panorama City,CA,06,Urology,Claim-Specialty,Sulfamethoxazole-Trimethoprim,Sulfamethoxazole/Trimethoprim,21,21,193,134.89,20,,21,21,134.89,193,,20
1003029372,Tanagho,Youssef,Panorama City,CA,06,Urology,Claim-Specialty,Tamsulosin Hcl,Tamsulosin Hcl,255,360.2,10804,3886.1,60,#,,,,,#,
1003029927,Ling,Shen,Torrance,CA,06,Dentist,NPPES-Taxonomy,Amoxicillin,Amoxicillin,162,162,1466,879.64,107,,162,162,879.64,1466,,107
1003029927,Ling,Shen,Torrance,CA,06,Dentist,NPPES-Taxonomy,Chlorhexidine Gluconate,Chlorhexidine Gluconate,151,151,2727,1027.84,106,,151,151,1027.84,2727,,106
1003029927,Ling,Shen,Torrance,CA,06,Dentist,NPPES-Taxonomy,Ibuprofen,Ibuprofen,109,109,642,443.4,85,,109,109,443.4,642,,85
1003031972,Nguyen,Dave,Tustin,CA,06,Dentist,NPPES-Specialty,Amoxicillin,Amoxicillin,12,12,84,36.13,,,12,12,36.13,84,*,
1003032061,Lee,Charles,Escondido,CA,06,Dentist,NPPES-Specialty,Amoxicillin,Amoxicillin,29,29,202,130.85,21,#,,,,,#,
1003032632,Hull,David,Sacramento,CA,06,Dentist,NPPES-Specialty,Amoxicillin,Amoxicillin,62,62,619,391.22,50,#,,,,,#,
1003032632,Hull,David,Sacramento,CA,06,Dentist,NPPES-Specialty,Clindamycin Hcl,Clindamycin Hcl,14,14,94,223.6,11,,14,14,223.6,94,,11
1003033374,Ranasinghe,Moksha,Montebello,CA,06,Neurosurgery,Claim-Specialty,Acetaminophen-Codeine,Acetaminophen With Codeine,12,12.5,218,103.04,,,12,12.5,103.04,218,*,
1003033374,Ranasinghe,Moksha,Montebello,CA,06,Neurosurgery,Claim-Specialty,Baclofen,Baclofen,23,37.3,1120,842.97,12,#,,,,,#,
1003033374,Ranasinghe,Moksha,Montebello,CA,06,Neurosurgery,Claim-Specialty,Cephalexin,Cephalexin,11,11,85,293.75,,*,,,,,*,
1003033374,Ranasinghe,Moksha,Montebello,CA,06,Neurosurgery,Claim-Specialty,Cyclobenzaprine Hcl,Cyclobenzaprine Hcl,23,25,730,396.87,19,#,,,,,#,
1003033374,Ranasinghe,Moksha,Montebello,CA,06,Neurosurgery,Claim-Specialty,Gabapentin,Gabapentin,75,83.5,2505,1217.44,39,#,,,,,#,
1003033374,Ranasinghe,Moksha,Montebello,CA,06,Neurosurgery,Claim-Specialty,Hydrocodone-Acetaminophen,Hydrocodone/Acetaminophen,103,104,1687,2128.58,55,#,,,,,#,
1003033374,Ranasinghe,Moksha,Montebello,CA,06,Neurosurgery,Claim-Specialty,Methocarbamol,Methocarbamol,32,32,930,810.49,16,#,,,,,#,
1003033374,Ranasinghe,Moksha,Montebello,CA,06,Neurosurgery,Claim-Specialty,Methylprednisolone,Methylprednisolone,55,55,331,485.25,44,#,,,,,#,
1003033374,Ranasinghe,Moksha,Montebello,CA,06,Neurosurgery,Claim-Specialty,Oxycodone-Acetaminophen,Oxycodone Hcl/Acetaminophen,18,18,380,420.19,,#,,,,,*,
1003033374,Ranasinghe,Moksha,Montebello,CA,06,Neurosurgery,Claim-Specialty,Pregabalin,Pregabalin,82,94,2780,2738.3,25,#,,,,,#,
1003033374,Ranasinghe,Moksha,Montebello,CA,06,Neurosurgery,Claim-Specialty,Tramadol Hcl,Tramadol Hcl,36,38,661,376.92,22,#,,,,,#,
1003033580,Pena,Ann,San Diego,CA,06,Obstetrics & Gynecology,NPPES-Specialty,Acyclovir,Acyclovir,13,13,83,116.09,,,13,13,116.09,83,*,
1003033580,Pena,Ann,San Diego,CA,06,Obstetrics & Gynecology,NPPES-Specialty,Clobetasol Propionate,Clobetasol Propionate,20,20.1,512,394.78,,,20,20.1,394.78,512,*,
1003033580,Pena,Ann,San Diego,CA,06,Obstetrics & Gynecology,NPPES-Specialty,Estradiol,Estradiol,75,249.7,7495,2692.69,32,#,,,,,#,
1003033580,Pena,Ann,San Diego,CA,06,Obstetrics & Gynecology,NPPES-Specialty,Medroxyprogesterone Acetate,Medroxyprogesterone Acetate,13,43.3,1300,164.42,,,13,43.3,164.42,1300,*,
1003033580,Pena,Ann,San Diego,CA,06,Obstetrics & Gynecology,NPPES-Specialty,Progesterone,"Progesterone, Micronized",13,42,1260,525.6,,,13,42,525.6,1260,*,
1003034018,Wilson-Celestine,Lystra,Grass Valley,CA,06,Obstetrics & Gynecology,Claim-Specialty,Clobetasol Propionate,Clobetasol Propionate,12,14,311,696.19,,,12,14,696.19,311,*,
1003034018,Wilson-Celestine,Lystra,Grass Valley,CA,06,Obstetrics & Gynecology,Claim-Specialty,Estradiol,Estradiol,93,201.6,5865,5914.4,33,#,,,,,#,
1003034018,Wilson-Celestine,Lystra,Grass Valley,CA,06,Obstetrics & Gynecology,Claim-Specialty,Estradiol (Once Weekly),Estradiol,29,54.1,1585,3161.34,,#,,,,,*,
1003034018,Wilson-Celestine,Lystra,Grass Valley,CA,06,Obstetrics & Gynecology,Claim-Specialty,Estradiol (Twice Weekly),Estradiol,28,45.9,1342,2597.55,,,28,45.9,2597.55,1342,*,
1003034018,Wilson-Celestine,Lystra,Grass Valley,CA,06,Obstetrics & Gynecology,Claim-Specialty,Progesterone,"Progesterone, Micronized",96,186.2,5495,4193.85,31,,85,167.2,3906.36,5015,#,
1003034059,Suarez,Ricardo,West Covina,CA,06,Dentist,NPPES-Specialty,Amoxicillin,Amoxicillin,27,27,168,146.9,24,,27,27,146.9,168,,24
1003034943,Ogaz,Steven,Orange,CA,06,Dentist,NPPES-Specialty,Amoxicillin,Amoxicillin,30,30,298,133.95,25,,30,30,133.95,298,,25
1003034943,Ogaz,Steven,Orange,CA,06,Dentist,NPPES-Specialty,Ibuprofen,Ibuprofen,17,17,102,45.93,14,,17,17,45.93,102,,14
1003035007,Hansen,Mary,San Francisco,CA,06,Psychiatry & Neurology,NPPES-Taxonomy,Nuedexta,Dextromethorphan Hbr/Quinidine,11,11,330,17840.13,,,11,11,17840.13,330,*,
1003035007,Hansen,Mary,San Francisco,CA,06,Psychiatry & Neurology,NPPES-Taxonomy,Trintellix,Vortioxetine Hydrobromide,11,11,330,16447.09,,,11,11,16447.09,330,*,
1003035114,Kim,Kwang,Rowland Heights,CA,06,Dentist,NPPES-Specialty,Amoxicillin,Amoxicillin,169,169,1209,507.61,99,#,,,,,#,
1003035114,Kim,Kwang,Rowland Heights,CA,06,Dentist,NPPES-Specialty,Ibuprofen,Ibuprofen,123,123,823,381.01,89,#,,,,,#,
1003035841,Levy,Marc,Los Angeles,CA,06,Otolaryngology,Claim-Specialty,Azelastine Hcl,Azelastine Hcl,26,26,650,438.88,,,26,26,438.88,650,*,
1003035841,Levy,Marc,Los Angeles,CA,06,Otolaryngology,Claim-Specialty,Ipratropium Bromide,Ipratropium Bromide,50,69.9,2082,1782.29,33,,50,69.9,1782.29,2082,,33
1003035841,Levy,Marc,Los Angeles,CA,06,Otolaryngology,Claim-Specialty,Mupirocin,Mupirocin,14,14,182,161.68,12,#,,,,,#,
1003035841,Levy,Marc,Los Angeles,CA,06,Otolaryngology,Claim-Specialty,Omeprazole,Omeprazole,80,196.7,5900,756.4,34,#,,,,,#,
1003036187,Cho,Miriam,Riverside,CA,06,Geriatric Medicine,Claim-Specialty,Alendronate Sodium,Alendronate Sodium,12,13.9,382,126.12,,#,,,,,*,
1003036187,Cho,Miriam,Riverside,CA,06,Geriatric Medicine,Claim-Specialty,Amiodarone Hcl,Amiodarone Hcl,15,15.4,464,345.11,,,15,15.4,345.11,464,*,
1003036187,Cho,Miriam,Riverside,CA,06,Geriatric Medicine,Claim-Specialty,Amlodipine Besylate,Amlodipine Besylate,26,26.4,770,265.23,,,26,26.4,265.23,770,*,
1003036187,Cho,Miriam,Riverside,CA,06,Geriatric Medicine,Claim-Specialty,Atorvastatin Calcium,Atorvastatin Calcium,67,68.1,1951,841,19,#,,,,,#,
1003036187,Cho,Miriam,Riverside,CA,06,Geriatric Medicine,Claim-Specialty,Baclofen,Baclofen,13,13.2,352,265.45,,#,,,,,*,
1003036187,Cho,Miriam,Riverside,CA,06,Geriatric Medicine,Claim-Specialty,Cabergoline,Cabergoline,26,26,306,2180.59,,,26,26,2180.59,306,*,
1003036187,Cho,Miriam,Riverside,CA,06,Geriatric Medicine,Claim-Specialty,Carbidopa-Levodopa,Carbidopa/Levodopa,14,14,374,452.29,,,14,14,452.29,374,*,
1003036187,Cho,Miriam,Riverside,CA,06,Geriatric Medicine,Claim-Specialty,Cilostazol,Cilostazol,13,13.2,380,181.15,,,13,13.2,181.15,380,*,
1003036187,Cho,Miriam,Riverside,CA,06,Geriatric Medicine,Claim-Specialty,Clopidogrel,Clopidogrel Bisulfate,12,12.2,328,127.81,,,12,12.2,127.81,328,*,
1003036187,Cho,Miriam,Riverside,CA,06,Geriatric Medicine,Claim-Specialty,Donepezil Hcl,Donepezil Hcl,17,17.4,503,120.5,,,17,17.4,120.5,503,*,
1003036187,Cho,Miriam,Riverside,CA,06,Geriatric Medicine,Claim-Specialty,Eliquis,Apixaban,69,69,976,20141.98,17,,69,69,20141.98,976,,17
1003036187,Cho,Miriam,Riverside,CA,06,Geriatric Medicine,Claim-Specialty,Fluoxetine Hcl,Fluoxetine Hcl,14,14.2,415,115.81,,#,,,,,*,
1003036187,Cho,Miriam,Riverside,CA,06,Geriatric Medicine,Claim-Specialty,Furosemide,Furosemide,22,22.3,627,159.33,,#,,,,,*,
1003036187,Cho,Miriam,Riverside,CA,06,Geriatric Medicine,Claim-Specialty,Gabapentin,Gabapentin,20,20.3,577,212.35,,,20,20.3,212.35,577,*,
1003036187,Cho,Miriam,Riverside,CA,06,Geriatric Medicine,Claim-Specialty,Humulin R,"Insulin Regular, Human",14,14,222,1508.68,,,14,14,1508.68,222,*,
1003036187,Cho,Miriam,Riverside,CA,06,Geriatric Medicine,Claim-Specialty,Hydralazine Hcl,Hydralazine Hcl,14,14.2,380,171.04,,,14,14.2,171.04,380,*,
1003036187,Cho,Miriam,Riverside,CA,06,Geriatric Medicine,Claim-Specialty,Hydrocodone-Acetaminophen,Hydrocodone/Acetaminophen,23,23,148,283.33,,#,,,,,*,
1003036187,Cho,Miriam,Riverside,CA,06,Geriatric Medicine,Claim-Specialty,Levetiracetam,Levetiracetam,21,21,497,644.46,,,21,21,644.46,497,*,
1003036187,Cho,Miriam,Riverside,CA,06,Geriatric Medicine,Claim-Specialty,Levothyroxine Sodium,Levothyroxine Sodium,31,31.3,826,409.25,11,,31,31.3,409.25,826,,11
1003036187,Cho,Miriam,Riverside,CA,06,Geriatric Medicine,Claim-Specialty,Lisinopril,Lisinopril,31,31.4,826,263.06,,,31,31.4,263.06,826,*,
1003036187,Cho,Miriam,Riverside,CA,06,Geriatric Medicine,Claim-Specialty,Memantine Hcl,Memantine Hcl,20,20.2,589,1278.6,,,20,20.2,1278.6,589,*,
1003036187,Cho,Miriam,Riverside,CA,06,Geriatric Medicine,Claim-Specialty,Metoprolol Succinate,Metoprolol Succinate,13,13.2,353,189.58,,,13,13.2,189.58,353,*,
1003036187,Cho,Miriam,Riverside,CA,06,Geriatric Medicine,Claim-Specialty,Metoprolol Tartrate,Metoprolol Tartrate,51,51.8,1443,461.15,12,,51,51.8,461.15,1443,,12
1003036187,Cho,Miriam,Riverside,CA,06,Geriatric Medicine,Claim-Specialty,Mirtazapine,Mirtazapine,19,19.5,585,559.47,,,19,19.5,559.47,585,*,
1003036187,Cho,Miriam,Riverside,CA,06,Geriatric Medicine,Claim-Specialty,Pantoprazole Sodium,Pantoprazole Sodium,39,39.7,1116,438.88,,,39,39.7,438.88,1116,*,
1003036187,Cho,Miriam,Riverside,CA,06,Geriatric Medicine,Claim-Specialty,Potassium Chloride,Potassium Chloride,47,47.5,1037,1169.99,11,#,,,,,*,
1003036187,Cho,Miriam,Riverside,CA,06,Geriatric Medicine,Claim-Specialty,Tamsulosin Hcl,Tamsulosin Hcl,27,27.3,763,556.34,,#,,,,,*,
1003036187,Cho,Miriam,Riverside,CA,06,Geriatric Medicine,Claim-Specialty,Tramadol Hcl,Tramadol Hcl,16,16,113,119.84,,#,,,,,*,
1003036187,Cho,Miriam,Riverside,CA,06,Geriatric Medicine,Claim-Specialty,Warfarin Sodium,Warfarin Sodium,21,21,158,67.08,,,21,21,67.08,158,*,
1003036591,Jones,Jeffrey,Auburn,CA,06,Dentist,NPPES-Specialty,Amoxicillin,Amoxicillin,14,14,140,99.89,11,#,,,,,*,
1003037789,Graham,Adriane,Inglewood,CA,06,Dentist,NPPES-Specialty,Amoxicillin,Amoxicillin,14,14,89,75.88,13,,14,14,75.88,89,,13
1003039538,Woolley,Brook,Walnut Creek,CA,06,Emergency Medicine,Claim-Specialty,Cephalexin,Cephalexin,13,13,85,131.17,13,#,,,,,#,
1003039538,Woolley,Brook,Walnut Creek,CA,06,Emergency Medicine,Claim-Specialty,Hydrocodone-Acetaminophen,Hydrocodone/Acetaminophen,15,15,37,108.8,15,#,,,,,#,
1003039538,Woolley,Brook,Walnut Creek,CA,06,Emergency Medicine,Claim-Specialty,Prednisone,Prednisone,15,15,92,97.39,15,#,,,,,#,
1003040353,Krampitz,Geoffrey,Burlingame,CA,06,General Surgery,Claim-Specialty,Celecoxib,Celecoxib,25,25,125,189.25,24,,25,25,189.25,125,,24
1003040353,Krampitz,Geoffrey,Burlingame,CA,06,General Surgery,Claim-Specialty,Ibuprofen,Ibuprofen,12,12,60,26.8,12,#,,,,,#,
1003040353,Krampitz,Geoffrey,Burlingame,CA,06,General Surgery,Claim-Specialty,Tramadol Hcl,Tramadol Hcl,43,43,99,70.08,42,#,,,,,#,
1003040775,Steele,Melinda,Fremont,CA,06,Family Practice,Claim-Specialty,Albuterol Sulfate Hfa,Albuterol Sulfate,13,13,225,394.51,12,#,,,,,#,
1003041054,Mann,Jaspreet,Sacramento,CA,06,Critical Care (Intensivists),Claim-Specialty,Omeprazole,Omeprazole,11,11,330,55.65,,,0,0,0,0,#,
1003041302,Manoukian,Artin,Montrose,CA,06,Dentist,NPPES-Specialty,Amoxicillin,Amoxicillin,43,43,281,166.81,37,,43,43,166.81,281,,37
1003042342,Tabassomi,Mostafa,Valencia,CA,06,Pulmonary Disease,Claim-Specialty,Advair Diskus,Fluticasone Propion/Salmeterol,31,31,930,13400.05,,,31,31,13400.05,930,*,
1003042342,Tabassomi,Mostafa,Valencia,CA,06,Pulmonary Disease,Claim-Specialty,Albuterol Sulfate Hfa,Albuterol Sulfate,128,138.1,3627,4102.92,46,,102,112.1,3325.58,2986,#,
1003042342,Tabassomi,Mostafa,Valencia,CA,06,Pulmonary Disease,Claim-Specialty,Anoro Ellipta,Umeclidinium Brm/Vilanterol Tr,66,76,2280,36572.3,,,66,76,36572.3,2280,*,
1003042342,Tabassomi,Mostafa,Valencia,CA,06,Pulmonary Disease,Claim-Specialty,Arnuity Ellipta,Fluticasone Furoate,13,13,390,3215.83,,,13,13,3215.83,390,*,
1003042342,Tabassomi,Mostafa,Valencia,CA,06,Pulmonary Disease,Claim-Specialty,Azithromycin,Azithromycin,28,28,144,311.61,26,#,,,,,#,
1003042342,Tabassomi,Mostafa,Valencia,CA,06,Pulmonary Disease,Claim-Specialty,Breo Ellipta,Fluticasone/Vilanterol,90,112,3345,45696.98,22,#,,,,,#,
1003042342,Tabassomi,Mostafa,Valencia,CA,06,Pulmonary Disease,Claim-Specialty,Breztri Aerosphere,Budesonide/Glycopyr/Formoterol,18,24,720,16160.17,,,18,24,16160.17,720,*,
1003042342,Tabassomi,Mostafa,Valencia,CA,06,Pulmonary Disease,Claim-Specialty,Fluticasone Propionate,Fluticasone Propionate,16,32,960,355.92,,,16,32,355.92,960,*,
1003042342,Tabassomi,Mostafa,Valencia,CA,06,Pulmonary Disease,Claim-Specialty,Fluticasone-Salmeterol,Fluticasone Propion/Salmeterol,24,25,750,6325.06,,#,,,,,*,
1003042342,Tabassomi,Mostafa,Valencia,CA,06,Pulmonary Disease,Claim-Specialty,Montelukast Sodium,Montelukast Sodium,171,325,9750,2553.7,39,,149,289,2235,8670,#,
1003042342,Tabassomi,Mostafa,Valencia,CA,06,Pulmonary Disease,Claim-Specialty,Ofev,Nintedanib Esylate,20,20,600,270958.44,,,20,20,270958.44,600,*,
1003042342,Tabassomi,Mostafa,Valencia,CA,06,Pulmonary Disease,Claim-Specialty,Omeprazole,Omeprazole,24,46,1380,446.17,12,#,,,,,*,
1003042342,Tabassomi,Mostafa,Valencia,CA,06,Pulmonary Disease,Claim-Specialty,Prednisone,Prednisone,51,59.5,1314,377.29,25,#,,,,,#,
1003042342,Tabassomi,Mostafa,Valencia,CA,06,Pulmonary Disease,Claim-Specialty,Spiriva Respimat,Tiotropium Bromide,56,78,2340,41226.85,14,,45,65,33843.87,1950,*,
1003042342,Tabassomi,Mostafa,Valencia,CA,06,Pulmonary Disease,Claim-Specialty,Stiolto Respimat,Tiotropium Br/Olodaterol Hcl,40,45,1347,22470.71,,#,,,,,*,
1003042342,Tabassomi,Mostafa,Valencia,CA,06,Pulmonary Disease,Claim-Specialty,Symbicort,Budesonide/Formoterol Fumarate,72,96,2880,39485.56,15,,58,76,31441.53,2280,#,
1003042342,Tabassomi,Mostafa,Valencia,CA,06,Pulmonary Disease,Claim-Specialty,Trelegy Ellipta,Fluticasone/Umeclidin/Vilanter,320,402,12060,268648.68,78,,298,374,248730.42,11220,#,
1003042342,Tabassomi,Mostafa,Valencia,CA,06,Pulmonary Disease,Claim-Specialty,Ventolin Hfa,Albuterol Sulfate,26,28,739,1704.94,,,26,28,1704.94,739,*,
1003042342,Tabassomi,Mostafa,Valencia,CA,06,Pulmonary Disease,Claim-Specialty,Wixela Inhub,Fluticasone Propion/Salmeterol,13,17,510,3667.71,,,13,17,3667.71,510,*,
1003043340,Lipton,Shira,Palo Alto,CA,06,Dermatology,Claim-Specialty,Alclometasone Dipropionate,Alclometasone Dipropionate,36,37,584,783.43,31,,36,37,783.43,584,,31
1003043340,Lipton,Shira,Palo Alto,CA,06,Dermatology,Claim-Specialty,Ciclopirox,Ciclopirox,25,25,690,1235.01,15,,25,25,1235.01,690,,15
1003043340,Lipton,Shira,Palo Alto,CA,06,Dermatology,Claim-Specialty,Clindamycin Phosphate,Clindamycin Phosphate,27,28.5,800,1554.37,15,#,,,,,#,
1003043340,Lipton,Shira,Palo Alto,CA,06,Dermatology,Claim-Specialty,Clobetasol Propionate,Clobetasol Propionate,17,19,465,408.9,12,,17,19,408.9,465,,12
1003043340,Lipton,Shira,Palo Alto,CA,06,Dermatology,Claim-Specialty,Clotrimazole-Betamethasone,Clotrimazole/Betamethasone Dip,26,30,709,879.86,19,#,,,,,#,
1003043340,Lipton,Shira,Palo Alto,CA,06,Dermatology,Claim-Specialty,Cosentyx Sensoready (2 Pens),Secukinumab,12,12,360,80977.84,,,12,12,80977.84,360,*,
1003043340,Lipton,Shira,Palo Alto,CA,06,Dermatology,Claim-Specialty,Doxycycline Hyclate,Doxycycline Hyclate,45,55,1335,1416.48,16,#,,,,,#,
1003043340,Lipton,Shira,Palo Alto,CA,06,Dermatology,Claim-Specialty,Enbrel,Etanercept,25,25,700,190531.15,,,25,25,190531.15,700,*,
1003043340,Lipton,Shira,Palo Alto,CA,06,Dermatology,Claim-Specialty,Fluocinonide,Fluocinonide,57,67,1788,2437.21,39,#,,,,,#,
1003043340,Lipton,Shira,Palo Alto,CA,06,Dermatology,Claim-Specialty,Fluorouracil,Fluorouracil,71,73.3,2065,6251.86,69,#,,,,,#,
1003043340,Lipton,Shira,Palo Alto,CA,06,Dermatology,Claim-Specialty,Ketoconazole,Ketoconazole,37,51.2,1510,842.13,20,#,,,,,#,
1003043340,Lipton,Shira,Palo Alto,CA,06,Dermatology,Claim-Specialty,Metronidazole,Metronidazole,11,15,422,1262.28,,,11,15,1262.28,422,*,
1003043340,Lipton,Shira,Palo Alto,CA,06,Dermatology,Claim-Specialty,Minoxidil,Minoxidil,40,115,3450,459.07,19,,40,115,459.07,3450,,19
1003043340,Lipton,Shira,Palo Alto,CA,06,Dermatology,Claim-Specialty,Mometasone Furoate,Mometasone Furoate,48,48,903,828,42,#,,,,,#,
1003043340,Lipton,Shira,Palo Alto,CA,06,Dermatology,Claim-Specialty,Mupirocin,Mupirocin,33,34,476,312.46,24,,33,34,312.46,476,,24
1003043340,Lipton,Shira,Palo Alto,CA,06,Dermatology,Claim-Specialty,Nystatin,Nystatin,15,15,302,158.79,11,,15,15,158.79,302,,11
1003043340,Lipton,Shira,Palo Alto,CA,06,Dermatology,Claim-Specialty,Tretinoin,Tretinoin,12,24,720,2105.1,,*,,,,,*,
1003043340,Lipton,Shira,Palo Alto,CA,06,Dermatology,Claim-Specialty,Triamcinolone Acetonide,Triamcinolone Acetonide,77,91.8,2486,958.99,49,#,,,,,#,
1003043340,Lipton,Shira,Palo Alto,CA,06,Dermatology,Claim-Specialty,Valacyclovir,Valacyclovir Hcl,23,30,457,196.15,12,#,,,,,#,
1003043712,Gorokhov,Igor,Beverly Hills,CA,06,Internal Medicine,Claim-Specialty,Albuterol Sulfate Hfa,Albuterol Sulfate,37,40,1161,828.09,33,#,,,,,#,
1003043712,Gorokhov,Igor,Beverly Hills,CA,06,Internal Medicine,Claim-Specialty,Amiodarone Hcl,Amiodarone Hcl,16,22,660,671.33,,,16,22,671.33,660,*,
1003043712,Gorokhov,Igor,Beverly Hills,CA,06,Internal Medicine,Claim-Specialty,Amlodipine Besylate,Amlodipine Besylate,76,101.2,3038,700.5,21,,76,101.2,700.5,3038,,21
1003043712,Gorokhov,Igor,Beverly Hills,CA,06,Internal Medicine,Claim-Specialty,Amoxicillin,Amoxicillin,12,12,96,132.12,12,#,,,,,#,
1003043712,Gorokhov,Igor,Beverly Hills,CA,06,Internal Medicine,Claim-Specialty,Atenolol,Atenolol,23,37.2,1114,279.92,,,12,26,232.22,780,*,
1003043712,Gorokhov,Igor,Beverly Hills,CA,06,Internal Medicine,Claim-Specialty,Atorvastatin Calcium,Atorvastatin Calcium,88,143.7,4307,1106.58,26,,67,118.3,956.16,3550,#,
1003043712,Gorokhov,Igor,Beverly Hills,CA,06,Internal Medicine,Claim-Specialty,Azithromycin,Azithromycin,14,14,79,96.65,14,#,,,,,#,
1003043712,Gorokhov,Igor,Beverly Hills,CA,06,Internal Medicine,Claim-Specialty,Betamethasone Dipropionate,Betamethasone Dipropionate,17,17,462,1254.97,,,17,17,1254.97,462,*,
1003043712,Gorokhov,Igor,Beverly Hills,CA,06,Internal Medicine,Claim-Specialty,Carvedilol,Carvedilol,20,44.3,1331,224.08,,#,,,,,*,
1003043712,Gorokhov,Igor,Beverly Hills,CA,06,Internal Medicine,Claim-Specialty,Cephalexin,Cephalexin,16,16,142,202.95,15,,16,16,202.95,142,,15
1003043712,Gorokhov,Igor,Beverly Hills,CA,06,Internal Medicine,Claim-Specialty,Ciprofloxacin Hcl,Ciprofloxacin Hcl,17,17,102,135.98,17,,17,17,135.98,102,,17
1003043712,Gorokhov,Igor,Beverly Hills,CA,06,Internal Medicine,Claim-Specialty,Clopidogrel,Clopidogrel Bisulfate,26,40.1,1202,315.28,,#,,,,,*,
1003043712,Gorokhov,Igor,Beverly Hills,CA,06,Internal Medicine,Claim-Specialty,Diclofenac Sodium,Diclofenac Sodium,12,12.5,330,432.78,,#,,,,,*,
1003043712,Gorokhov,Igor,Beverly Hills,CA,06,Internal Medicine,Claim-Specialty,Diltiazem 24hr Er,Diltiazem Hcl,12,12.2,365,249.58,,,0,0,0,0,#,
1003043712,Gorokhov,Igor,Beverly Hills,CA,06,Internal Medicine,Claim-Specialty,Diltiazem 24hr Er (Cd),Diltiazem Hcl,14,18.7,560,240.79,,,14,18.7,240.79,560,*,
1003043712,Gorokhov,Igor,Beverly Hills,CA,06,Internal Medicine,Claim-Specialty,Donepezil Hcl,Donepezil Hcl,13,13,391,94.29,,,13,13,94.29,391,*,
1003043712,Gorokhov,Igor,Beverly Hills,CA,06,Internal Medicine,Claim-Specialty,Eliquis,Apixaban,19,35,1050,20545.13,,#,,,,,*,
1003043712,Gorokhov,Igor,Beverly Hills,CA,06,Internal Medicine,Claim-Specialty,Escitalopram Oxalate,Escitalopram Oxalate,26,30.8,926,453.99,,,26,30.8,453.99,926,*,
1003043712,Gorokhov,Igor,Beverly Hills,CA,06,Internal Medicine,Claim-Specialty,Famotidine,Famotidine,20,26.1,784,262.36,,,20,26.1,262.36,784,*,
1003043712,Gorokhov,Igor,Beverly Hills,CA,06,Internal Medicine,Claim-Specialty,Furosemide,Furosemide,30,71,2131,285.24,17,#,,,,,#,
1003043712,Gorokhov,Igor,Beverly Hills,CA,06,Internal Medicine,Claim-Specialty,Gabapentin,Gabapentin,28,46.1,1373,672.16,18,#,,,,,#,
1003043712,Gorokhov,Igor,Beverly Hills,CA,06,Internal Medicine,Claim-Specialty,Halobetasol Propionate,Halobetasol Propionate,11,11,330,1830.89,,,11,11,1830.89,330,*,
1003043712,Gorokhov,Igor,Beverly Hills,CA,06,Internal Medicine,Claim-Specialty,Hydralazine Hcl,Hydralazine Hcl,16,24.9,719,235.19,,,16,24.9,235.19,719,*,
1003043712,Gorokhov,Igor,Beverly Hills,CA,06,Internal Medicine,Claim-Specialty,Hydrochlorothiazide,Hydrochlorothiazide,13,21.4,641,129.48,,#,,,,,*,
1003043712,Gorokhov,Igor,Beverly Hills,CA,06,Internal Medicine,Claim-Specialty,Hydrocodone-Acetaminophen,Hydrocodone/Acetaminophen,12,12,109,169.83,11,#,,,,,*,
1003043712,Gorokhov,Igor,Beverly Hills,CA,06,Internal Medicine,Claim-Specialty,Hydrocortisone,Hydrocortisone,15,15,396,186.44,,,15,15,186.44,396,*,
1003043712,Gorokhov,Igor,Beverly Hills,CA,06,Internal Medicine,Claim-Specialty,Ibuprofen,Ibuprofen,12,12,201,111.77,12,,12,12,111.77,201,,12
1003043712,Gorokhov,Igor,Beverly Hills,CA,06,Internal Medicine,Claim-Specialty,Isosorbide Mononitrate Er,Isosorbide Mononitrate,22,22,660,493.3,,,22,22,493.3,660,*,
1003043712,Gorokhov,Igor,Beverly Hills,CA,06,Internal Medicine,Claim-Specialty,Lactulose,Lactulose,26,26.5,679,563.1,,,26,26.5,563.1,679,*,
1003043712,Gorokhov,Igor,Beverly Hills,CA,06,Internal Medicine,Claim-Specialty,Levothyroxine Sodium,Levothyroxine Sodium,69,100.1,3003,934.79,17,,55,81.9,778.29,2458,#,
1003043712,Gorokhov,Igor,Beverly Hills,CA,06,Internal Medicine,Claim-Specialty,Lisinopril,Lisinopril,25,68.4,2053,310.37,13,,25,68.4,310.37,2053,,13
1003043712,Gorokhov,Igor,Beverly Hills,CA,06,Internal Medicine,Claim-Specialty,Losartan Potassium,Losartan Potassium,21,56,1680,232.81,12,#,,,,,#,
1003043712,Gorokhov,Igor,Beverly Hills,CA,06,Internal Medicine,Claim-Specialty,Meloxicam,Meloxicam,16,16,330,97.06,,,16,16,97.06,330,*,
1003043712,Gorokhov,Igor,Beverly Hills,CA,06,Internal Medicine,Claim-Specialty,Memantine Hcl,Memantine Hcl,18,20.3,609,901.12,,,18,20.3,901.12,609,*,
1003043712,Gorokhov,Igor,Beverly Hills,CA,06,Internal Medicine,Claim-Specialty,Metformin Hcl,Metformin Hcl,11,22.7,679,109.34,,*,,,,,*,
1003043712,Gorokhov,Igor,Beverly Hills,CA,06,Internal Medicine,Claim-Specialty,Methenamine Hippurate,Methenamine Hippurate,12,18.3,550,942.94,,,12,18.3,942.94,550,*,
1003043712,Gorokhov,Igor,Beverly Hills,CA,06,Internal Medicine,Claim-Specialty,Metoprolol Succinate,Metoprolol Succinate,18,32.2,962,231.57,,#,,,,,*,
1003043712,Gorokhov,Igor,Beverly Hills,CA,06,Internal Medicine,Claim-Specialty,Metoprolol Tartrate,Metoprolol Tartrate,22,41.7,1250,263.24,,,22,41.7,263.24,1250,*,
1003043712,Gorokhov,Igor,Beverly Hills,CA,06,Internal Medicine,Claim-Specialty,Mirtazapine,Mirtazapine,14,30,900,320.38,,,14,30,320.38,900,*,
1003043712,Gorokhov,Igor,Beverly Hills,CA,06,Internal Medicine,Claim-Specialty,Mupirocin,Mupirocin,13,13,191,139.88,13,#,,,,,#,
1003043712,Gorokhov,Igor,Beverly Hills,CA,06,Internal Medicine,Claim-Specialty,Myrbetriq,Mirabegron,15,15,450,7236.28,,,15,15,7236.28,450,*,
1003043712,Gorokhov,Igor,Beverly Hills,CA,06,Internal Medicine,Claim-Specialty,Nystatin,Nystatin,12,14,294,489.91,,,12,14,489.91,294,*,
1003043712,Gorokhov,Igor,Beverly Hills,CA,06,Internal Medicine,Claim-Specialty,Olmesartan Medoxomil,Olmesartan Medoxomil,15,15.2,453,234.49,,*,,,,,*,
1003043712,Gorokhov,Igor,Beverly Hills,CA,06,Internal Medicine,Claim-Specialty,Omega-3 Acid Ethyl Esters,Omega-3 Acid Ethyl Esters,12,14,420,258.78,,,12,14,258.78,420,*,
1003043712,Gorokhov,Igor,Beverly Hills,CA,06,Internal Medicine,Claim-Specialty,Omeprazole,Omeprazole,47,54.3,1626,315.56,,,35,42.1,263.8,1261,*,
1003043712,Gorokhov,Igor,Beverly Hills,CA,06,Internal Medicine,Claim-Specialty,Pantoprazole Sodium,Pantoprazole Sodium,80,102.2,2957,829.26,33,,62,82,642.96,2351,#,
1003043712,Gorokhov,Igor,Beverly Hills,CA,06,Internal Medicine,Claim-Specialty,Potassium Chloride,Potassium Chloride,35,62.6,1863,1281.52,15,#,,,,,#,
1003043712,Gorokhov,Igor,Beverly Hills,CA,06,Internal Medicine,Claim-Specialty,Prednisone,Prednisone,36,36,428,303.27,29,#,,,,,#,
1003043712,Gorokhov,Igor,Beverly Hills,CA,06,Internal Medicine,Claim-Specialty,Procto-Med Hc,Hydrocortisone,14,14,400,319.8,,,14,14,319.8,400,*,
1003043712,Gorokhov,Igor,Beverly Hills,CA,06,Internal Medicine,Claim-Specialty,Quetiapine Fumarate,Quetiapine Fumarate,38,48,1403,1302.57,14,#,,,,,#,
1003043712,Gorokhov,Igor,Beverly Hills,CA,06,Internal Medicine,Claim-Specialty,Ranolazine Er,Ranolazine,15,19,570,1494.82,,,15,19,1494.82,570,*,
1003043712,Gorokhov,Igor,Beverly Hills,CA,06,Internal Medicine,Claim-Specialty,Rosuvastatin Calcium,Rosuvastatin Calcium,42,74,2220,363.05,16,,42,74,363.05,2220,,16
1003043712,Gorokhov,Igor,Beverly Hills,CA,06,Internal Medicine,Claim-Specialty,Silver Sulfadiazine,Silver Sulfadiazine,19,20.3,590,243.89,,,19,20.3,243.89,590,*,
1003043712,Gorokhov,Igor,Beverly Hills,CA,06,Internal Medicine,Claim-Specialty,Simvastatin,Simvastatin,22,37,1110,306.73,,,22,37,306.73,1110,*,
1003043712,Gorokhov,Igor,Beverly Hills,CA,06,Internal Medicine,Claim-Specialty,Sotalol,Sotalol Hcl,11,11,330,449.23,,,11,11,449.23,330,*,
1003043712,Gorokhov,Igor,Beverly Hills,CA,06,Internal Medicine,Claim-Specialty,Spironolactone,Spironolactone,12,21.4,640,134.8,,,12,21.4,134.8,640,*,
1003043712,Gorokhov,Igor,Beverly Hills,CA,06,Internal Medicine,Claim-Specialty,Tamsulosin Hcl,Tamsulosin Hcl,34,47.7,1430,423.49,12,,34,47.7,423.49,1430,,12
1003043712,Gorokhov,Igor,Beverly Hills,CA,06,Internal Medicine,Claim-Specialty,Tramadol Hcl,Tramadol Hcl,11,11,74,67.61,,*,,,,,*,
1003043712,Gorokhov,Igor,Beverly Hills,CA,06,Internal Medicine,Claim-Specialty,Trazodone Hcl,Trazodone Hcl,24,53,1592,366.64,16,#,,,,,#,
1003043712,Gorokhov,Igor,Beverly Hills,CA,06,Internal Medicine,Claim-Specialty,Triamcinolone Acetonide,Triamcinolone Acetonide,30,37.3,927,638.78,22,,30,37.3,638.78,927,,22
1003043712,Gorokhov,Igor,Beverly Hills,CA,06,Internal Medicine,Claim-Specialty,Vascepa,Icosapent Ethyl,28,28,840,5226.74,,#,,,,,*,
1003043712,Gorokhov,Igor,Beverly Hills,CA,06,Internal Medicine,Claim-Specialty,Ventolin Hfa,Albuterol Sulfate,12,12,360,743.96,,*,,,,,*,
1003043860,Nguyen,Thanh-Vi,La Quinta,CA,06,Optometry,Claim-Specialty,Dorzolamide-Timolol,Dorzolamide Hcl/Timolol Maleat,23,52.6,1579,1149.61,,,23,52.6,1149.61,1579,*,
1003043860,Nguyen,Thanh-Vi,La Quinta,CA,06,Optometry,Claim-Specialty,Latanoprost,Latanoprost,62,147.7,4415,1663.65,28,#,,,,,#,
1003043969,Cho,Joshua,Los Angeles,CA,06,Psychiatry,Claim-Specialty,Benztropine Mesylate,Benztropine Mesylate,11,11,330,264.15,,,0,0,0,0,#,
1003043969,Cho,Joshua,Los Angeles,CA,06,Psychiatry,Claim-Specialty,Haloperidol Decanoate,Haloperidol Decanoate,11,11,330,856.35,,,0,0,0,0,#,
1003043969,Cho,Joshua,Los Angeles,CA,06,Psychiatry,Claim-Specialty,Lithium Carbonate,Lithium Carbonate,11,11,330,163.35,,,0,0,0,0,#,
1003043969,Cho,Joshua,Los Angeles,CA,06,Psychiatry,Claim-Specialty,Olanzapine Odt,Olanzapine,11,11,330,418.28,,,0,0,0,0,#,
1003043969,Cho,Joshua,Los Angeles,CA,06,Psychiatry,Claim-Specialty,Venlafaxine Hcl Er,Venlafaxine Hcl,11,27,810,259.42,,*,,,,,*,
1003043993,Marcus,Karen,Pittsburg,CA,06,Psychiatry,Claim-Specialty,Olanzapine Odt,Olanzapine,14,15,377,761.52,12,*,,,,,*,
1003043993,Marcus,Karen,Pittsburg,CA,06,Psychiatry,Claim-Specialty,Risperidone,Risperidone,14,14,393,232.59,,*,,,,,*,
1003043993,Marcus,Karen,Pittsburg,CA,06,Psychiatry,Claim-Specialty,Trazodone Hcl,Trazodone Hcl,16,16,423,173.54,15,*,,,,,*,
1003044496,Stern,Gregory,Westwood,CA,06,Dentist,NPPES-Specialty,Amoxicillin,Amoxicillin,22,22,129,95.6,16,,22,22,95.6,129,,16
1003044876,Trenkle,Geoffrey,Los Angeles,CA,06,Otolaryngology,Claim-Specialty,Acetic Acid,Acetic Acid,13,13.2,262,332.99,11,*,,,,,*,
1003044876,Trenkle,Geoffrey,Los Angeles,CA,06,Otolaryngology,Claim-Specialty,Amoxicillin-Clavulanate Potass,Amoxicillin/Potassium Clav,94,94.4,1201,1333.13,92,,80,80.4,1139.65,1027,,78
1003044876,Trenkle,Geoffrey,Los Angeles,CA,06,Otolaryngology,Claim-Specialty,Azelastine Hcl,Azelastine Hcl,730,1054.6,31534,22955.45,357,,611,872.4,18294.98,26076,,303
1003044876,Trenkle,Geoffrey,Los Angeles,CA,06,Otolaryngology,Claim-Specialty,Cefdinir,Cefdinir,12,12,117,290.16,,*,,,,,*,
1003044876,Trenkle,Geoffrey,Los Angeles,CA,06,Otolaryngology,Claim-Specialty,Ciprodex,Ciprofloxacin Hcl/Dexameth,15,15,257,4126.51,12,#,,,,,#,
1003044876,Trenkle,Geoffrey,Los Angeles,CA,06,Otolaryngology,Claim-Specialty,Ciprofloxacin Hcl,Ciprofloxacin Hcl,11,11,165,68.96,,*,,,,,*,
1003044876,Trenkle,Geoffrey,Los Angeles,CA,06,Otolaryngology,Claim-Specialty,Ciprofloxacin-Dexamethasone,Ciprofloxacin Hcl/Dexameth,78,78,1214,11123.29,60,#,,,,,#,
1003044876,Trenkle,Geoffrey,Los Angeles,CA,06,Otolaryngology,Claim-Specialty,Clotrimazole,Clotrimazole,39,40,910,1705.72,35,#,,,,,#,
1003044876,Trenkle,Geoffrey,Los Angeles,CA,06,Otolaryngology,Claim-Specialty,Cyclobenzaprine Hcl,Cyclobenzaprine Hcl,14,14,332,47.32,,#,,,,,*,
1003044876,Trenkle,Geoffrey,Los Angeles,CA,06,Otolaryngology,Claim-Specialty,Diclofenac Sodium,Diclofenac Sodium,229,348.3,9995,5461.37,136,,187,286.8,4589.77,8321,,111
1003044876,Trenkle,Geoffrey,Los Angeles,CA,06,Otolaryngology,Claim-Specialty,Epinephrine,Epinephrine,14,14,133,4913.08,11,#,,,,,*,
1003044876,Trenkle,Geoffrey,Los Angeles,CA,06,Otolaryngology,Claim-Specialty,Famotidine,Famotidine,244,306.4,9150,3456.53,150,,197,248.4,2730.47,7410,,132
1003044876,Trenkle,Geoffrey,Los Angeles,CA,06,Otolaryngology,Claim-Specialty,Fluocinolone Acetonide Oil,Fluocinolone Acetonide Oil,54,59.4,1342,4439.96,38,#,,,,,#,
1003044876,Trenkle,Geoffrey,Los Angeles,CA,06,Otolaryngology,Claim-Specialty,Fluticasone Propionate,Fluticasone Propionate,772,1026.7,30667,12407.9,413,,649,864.7,10373.85,25823,,349
1003044876,Trenkle,Geoffrey,Los Angeles,CA,06,Otolaryngology,Claim-Specialty,Ipratropium Bromide,Ipratropium Bromide,279,475.4,13788,9590.96,138,,262,449.6,8849.35,13033,#,
1003044876,Trenkle,Geoffrey,Los Angeles,CA,06,Otolaryngology,Claim-Specialty,Methylprednisolone,Methylprednisolone,54,54,321,535.6,47,#,,,,,#,
1003044876,Trenkle,Geoffrey,Los Angeles,CA,06,Otolaryngology,Claim-Specialty,Montelukast Sodium,Montelukast Sodium,67,103.3,3100,935.55,33,#,,,,,#,
1003044876,Trenkle,Geoffrey,Los Angeles,CA,06,Otolaryngology,Claim-Specialty,Mupirocin,Mupirocin,46,46.5,1004,438.98,27,#,,,,,#,
1003044876,Trenkle,Geoffrey,Los Angeles,CA,06,Otolaryngology,Claim-Specialty,Nystatin,Nystatin,17,20,496,490.53,13,#,,,,,#,
1003044876,Trenkle,Geoffrey,Los Angeles,CA,06,Otolaryngology,Claim-Specialty,Ofloxacin,Ofloxacin,60,60,559,1233.55,50,#,,,,,#,
1003044876,Trenkle,Geoffrey,Los Angeles,CA,06,Otolaryngology,Claim-Specialty,Omeprazole,Omeprazole,119,165,4950,2090.54,57,,105,138,1714.06,4140,#,
1003044876,Trenkle,Geoffrey,Los Angeles,CA,06,Otolaryngology,Claim-Specialty,Prednisolone Acetate,Prednisolone Acetate,22,22,192,777.74,12,#,,,,,#,
1003044876,Trenkle,Geoffrey,Los Angeles,CA,06,Otolaryngology,Claim-Specialty,Triamcinolone Acetonide,Triamcinolone Acetonide,33,33,484,349.75,28,#,,,,,#,
1003044876,Trenkle,Geoffrey,Los Angeles,CA,06,Otolaryngology,Claim-Specialty,Xhance,Fluticasone Propionate,134,243,7290,88665.53,45,,110,198,73408.7,5940,#,
1003045220,Sohal,Jasleen,Walnut Creek,CA,06,Family Practice,Claim-Specialty,Acyclovir,Acyclovir,13,37,1085,165.97,,,13,37,165.97,1085,*,
1003045220,Sohal,Jasleen,Walnut Creek,CA,06,Family Practice,Claim-Specialty,Albuterol Sulfate Hfa,Albuterol Sulfate,26,37.7,1085,1385.05,16,#,,,,,#,
1003045220,Sohal,Jasleen,Walnut Creek,CA,06,Family Practice,Claim-Specialty,Alendronate Sodium,Alendronate Sodium,32,89.6,2688,341.37,11,,32,89.6,341.37,2688,,11
1003045220,Sohal,Jasleen,Walnut Creek,CA,06,Family Practice,Claim-Specialty,Allopurinol,Allopurinol,16,48,1440,342.75,,,16,48,342.75,1440,*,
1003045220,Sohal,Jasleen,Walnut Creek,CA,06,Family Practice,Claim-Specialty,Amitriptyline Hcl,Amitriptyline Hcl,13,15,450,144.02,,,13,15,144.02,450,*,
1003045220,Sohal,Jasleen,Walnut Creek,CA,06,Family Practice,Claim-Specialty,Amlodipine Besylate,Amlodipine Besylate,151,433,12990,1060.36,42,,151,433,1060.36,12990,,42
1003045220,Sohal,Jasleen,Walnut Creek,CA,06,Family Practice,Claim-Specialty,Atenolol,Atenolol,16,47,1410,120.24,,,16,47,120.24,1410,*,
1003045220,Sohal,Jasleen,Walnut Creek,CA,06,Family Practice,Claim-Specialty,Atorvastatin Calcium,Atorvastatin Calcium,210,609.1,18275,2475.65,65,,210,609.1,2475.65,18275,,65
1003045220,Sohal,Jasleen,Walnut Creek,CA,06,Family Practice,Claim-Specialty,Citalopram Hbr,Citalopram Hydrobromide,37,89.1,2661,255.87,,,37,89.1,255.87,2661,*,
1003045220,Sohal,Jasleen,Walnut Creek,CA,06,Family Practice,Claim-Specialty,Clopidogrel,Clopidogrel Bisulfate,19,53,1590,388.64,,,19,53,388.64,1590,*,
1003045220,Sohal,Jasleen,Walnut Creek,CA,06,Family Practice,Claim-Specialty,Cromolyn Sodium,Cromolyn Sodium,12,12.2,312,6722.4,,,12,12.2,6722.4,312,*,
1003045220,Sohal,Jasleen,Walnut Creek,CA,06,Family Practice,Claim-Specialty,Duloxetine Hcl,Duloxetine Hcl,21,49,1470,579.65,,,21,49,579.65,1470,*,
1003045220,Sohal,Jasleen,Walnut Creek,CA,06,Family Practice,Claim-Specialty,Escitalopram Oxalate,Escitalopram Oxalate,38,100,3000,860.59,12,,38,100,860.59,3000,,12
1003045220,Sohal,Jasleen,Walnut Creek,CA,06,Family Practice,Claim-Specialty,Famotidine,Famotidine,23,57,1610,224.64,,,23,57,224.64,1610,*,
1003045220,Sohal,Jasleen,Walnut Creek,CA,06,Family Practice,Claim-Specialty,Fluoxetine Hcl,Fluoxetine Hcl,24,72,2160,691.85,,,24,72,691.85,2160,*,
1003045220,Sohal,Jasleen,Walnut Creek,CA,06,Family Practice,Claim-Specialty,Fluticasone Propionate,Fluticasone Propionate,17,35,1050,344.14,,,17,35,344.14,1050,*,
1003045220,Sohal,Jasleen,Walnut Creek,CA,06,Family Practice,Claim-Specialty,Gabapentin,Gabapentin,24,54,1605,471.92,,,24,54,471.92,1605,*,
1003045220,Sohal,Jasleen,Walnut Creek,CA,06,Family Practice,Claim-Specialty,Glipizide Er,Glipizide,24,73,2190,1028.12,,,24,73,1028.12,2190,*,
1003045220,Sohal,Jasleen,Walnut Creek,CA,06,Family Practice,Claim-Specialty,Hydralazine Hcl,Hydralazine Hcl,12,36,1080,319.67,,,12,36,319.67,1080,*,
1003045220,Sohal,Jasleen,Walnut Creek,CA,06,Family Practice,Claim-Specialty,Hydrochlorothiazide,Hydrochlorothiazide,45,116.8,3505,201.53,12,,45,116.8,201.53,3505,,12
1003045220,Sohal,Jasleen,Walnut Creek,CA,06,Family Practice,Claim-Specialty,Levothyroxine Sodium,Levothyroxine Sodium,118,335.2,10029,2241.81,35,#,,,,,#,
1003045220,Sohal,Jasleen,Walnut Creek,CA,06,Family Practice,Claim-Specialty,Lisinopril,Lisinopril,109,310,9300,758.84,33,#,,,,,#,
1003045220,Sohal,Jasleen,Walnut Creek,CA,06,Family Practice,Claim-Specialty,Losartan Potassium,Losartan Potassium,85,247.5,7390,1173.05,24,,85,247.5,1173.05,7390,,24
1003045220,Sohal,Jasleen,Walnut Creek,CA,06,Family Practice,Claim-Specialty,Lovastatin,Lovastatin,26,77.5,2326,349.89,,,26,77.5,349.89,2326,*,
1003045220,Sohal,Jasleen,Walnut Creek,CA,06,Family Practice,Claim-Specialty,Metformin Hcl,Metformin Hcl,35,106.3,3190,289.62,,,35,106.3,289.62,3190,*,
1003045220,Sohal,Jasleen,Walnut Creek,CA,06,Family Practice,Claim-Specialty,Metformin Hcl Er,Metformin Hcl,37,107.3,3220,460.62,12,,37,107.3,460.62,3220,,12
1003045220,Sohal,Jasleen,Walnut Creek,CA,06,Family Practice,Claim-Specialty,Metoprolol Succinate,Metoprolol Succinate,34,95,2827,712.96,,,34,95,712.96,2827,*,
1003045220,Sohal,Jasleen,Walnut Creek,CA,06,Family Practice,Claim-Specialty,Metoprolol Tartrate,Metoprolol Tartrate,15,45,1350,99.56,,,15,45,99.56,1350,*,
1003045220,Sohal,Jasleen,Walnut Creek,CA,06,Family Practice,Claim-Specialty,Montelukast Sodium,Montelukast Sodium,28,74,2220,599.71,11,#,,,,,*,
1003045220,Sohal,Jasleen,Walnut Creek,CA,06,Family Practice,Claim-Specialty,Omeprazole,Omeprazole,49,135,4034,696.87,20,#,,,,,#,
1003045220,Sohal,Jasleen,Walnut Creek,CA,06,Family Practice,Claim-Specialty,Pantoprazole Sodium,Pantoprazole Sodium,27,77,2310,447.84,,,27,77,447.84,2310,*,
1003045220,Sohal,Jasleen,Walnut Creek,CA,06,Family Practice,Claim-Specialty,Paroxetine Hcl,Paroxetine Hcl,17,43,1290,142.6,,,17,43,142.6,1290,*,
1003045220,Sohal,Jasleen,Walnut Creek,CA,06,Family Practice,Claim-Specialty,Pravastatin Sodium,Pravastatin Sodium,56,161,4830,628.74,15,,56,161,628.74,4830,,15
1003045220,Sohal,Jasleen,Walnut Creek,CA,06,Family Practice,Claim-Specialty,Rosuvastatin Calcium,Rosuvastatin Calcium,67,183.3,5500,1086.52,19,,67,183.3,1086.52,5500,,19
1003045220,Sohal,Jasleen,Walnut Creek,CA,06,Family Practice,Claim-Specialty,Sertraline Hcl,Sertraline Hcl,33,96,2880,374.98,,,33,96,374.98,2880,*,
1003045220,Sohal,Jasleen,Walnut Creek,CA,06,Family Practice,Claim-Specialty,Simvastatin,Simvastatin,30,87.7,2632,335.92,,,30,87.7,335.92,2632,*,
1003045220,Sohal,Jasleen,Walnut Creek,CA,06,Family Practice,Claim-Specialty,Synthroid,Levothyroxine Sodium,11,33,990,655.08,,,11,33,655.08,990,*,
1003045220,Sohal,Jasleen,Walnut Creek,CA,06,Family Practice,Claim-Specialty,Tramadol Hcl,Tramadol Hcl,22,30,800,72.06,,,22,30,72.06,800,*,
1003045600,Kang,Mina,Santa Monica,CA,06,Internal Medicine,Claim-Specialty,Carbamazepine,Carbamazepine,11,11.1,334,674.03,,,0,0,0,0,#,
1003045600,Kang,Mina,Santa Monica,CA,06,Internal Medicine,Claim-Specialty,Donepezil Hcl,Donepezil Hcl,11,11,330,465.85,,,0,0,0,0,#,
1003045600,Kang,Mina,Santa Monica,CA,06,Internal Medicine,Claim-Specialty,Memantine Hcl,Memantine Hcl,12,12,360,1082.59,,,0,0,0,0,#,
1003045733,Ducut,Erick,Daly City,CA,06,Psychiatry,Claim-Specialty,Aripiprazole,Aripiprazole,24,60,1795,496.99,,#,,,,,*,
1003045733,Ducut,Erick,Daly City,CA,06,Psychiatry,Claim-Specialty,Bupropion Xl,Bupropion Hcl,18,43.6,1310,510.45,,#,,,,,*,
1003045733,Ducut,Erick,Daly City,CA,06,Psychiatry,Claim-Specialty,Buspirone Hcl,Buspirone Hcl,22,53.2,1598,292.39,,,22,53.2,292.39,1598,*,
1003045733,Ducut,Erick,Daly City,CA,06,Psychiatry,Claim-Specialty,Citalopram Hbr,Citalopram Hydrobromide,20,61.9,1845,266.08,,,20,61.9,266.08,1845,*,
1003045733,Ducut,Erick,Daly City,CA,06,Psychiatry,Claim-Specialty,Clonazepam,Clonazepam,18,18.7,545,148.01,,#,,,,,*,
1003045733,Ducut,Erick,Daly City,CA,06,Psychiatry,Claim-Specialty,Dextroamphetamine-Amphet Er,Dextroamphetamine/Amphetamine,12,12,337,476.06,,#,,,,,*,
1003045733,Ducut,Erick,Daly City,CA,06,Psychiatry,Claim-Specialty,Duloxetine Hcl,Duloxetine Hcl,34,113.2,3400,1076.67,,#,,,,,*,
1003045733,Ducut,Erick,Daly City,CA,06,Psychiatry,Claim-Specialty,Escitalopram Oxalate,Escitalopram Oxalate,18,57.6,1730,266.53,,,18,57.6,266.53,1730,*,
1003045733,Ducut,Erick,Daly City,CA,06,Psychiatry,Claim-Specialty,Fluoxetine Hcl,Fluoxetine Hcl,36,117.6,3530,570.86,12,#,,,,,*,
1003045733,Ducut,Erick,Daly City,CA,06,Psychiatry,Claim-Specialty,Gabapentin,Gabapentin,22,48.2,1447,381.06,,#,,,,,*,
1003045733,Ducut,Erick,Daly City,CA,06,Psychiatry,Claim-Specialty,Lamotrigine,Lamotrigine,14,44.3,1330,382.26,,#,,,,,*,
1003045733,Ducut,Erick,Daly City,CA,06,Psychiatry,Claim-Specialty,Lorazepam,Lorazepam,22,22,532,157.07,,#,,,,,*,
1003045733,Ducut,Erick,Daly City,CA,06,Psychiatry,Claim-Specialty,Mirtazapine,Mirtazapine,48,152.2,4560,1096.7,16,#,,,,,#,
1003045733,Ducut,Erick,Daly City,CA,06,Psychiatry,Claim-Specialty,Olanzapine,Olanzapine,20,37.3,865,316.9,,*,,,,,*,
1003045733,Ducut,Erick,Daly City,CA,06,Psychiatry,Claim-Specialty,Quetiapine Fumarate,Quetiapine Fumarate,40,74.4,2204,1530.99,,,12,40,605.78,1200,*,
1003045733,Ducut,Erick,Daly City,CA,06,Psychiatry,Claim-Specialty,Risperidone,Risperidone,18,59.9,1800,300.68,,#,,,,,*,
1003045733,Ducut,Erick,Daly City,CA,06,Psychiatry,Claim-Specialty,Sertraline Hcl,Sertraline Hcl,37,118.6,3558,603.63,17,#,,,,,#,
1003045733,Ducut,Erick,Daly City,CA,06,Psychiatry,Claim-Specialty,Trazodone Hcl,Trazodone Hcl,63,146.2,4339,1666.43,20,,45,115.9,800.36,3459,#,
1003045733,Ducut,Erick,Daly City,CA,06,Psychiatry,Claim-Specialty,Venlafaxine Hcl Er,Venlafaxine Hcl,26,83.9,2520,604.26,,,26,83.9,604.26,2520,*,
1003045733,Ducut,Erick,Daly City,CA,06,Psychiatry,Claim-Specialty,Vyvanse,Lisdexamfetamine Dimesylate,11,13,390,5897.05,,,11,13,5897.05,390,*,
1003045733,Ducut,Erick,Daly City,CA,06,Psychiatry,Claim-Specialty,Zolpidem Tartrate,Zolpidem Tartrate,27,27,788,179.96,,,27,27,179.96,788,*,
1003046004,Caparso,Amanda,Poway,CA,06,Internal Medicine,NPPES-Specialty,Albuterol Sulfate Hfa,Albuterol Sulfate,38,38.6,893,1518.61,15,,24,24.6,960.62,544,*,
1003046004,Caparso,Amanda,Poway,CA,06,Internal Medicine,NPPES-Specialty,Alendronate Sodium,Alendronate Sodium,25,42,1230,247.64,,,25,42,247.64,1230,*,
1003046004,Caparso,Amanda,Poway,CA,06,Internal Medicine,NPPES-Specialty,Allopurinol,Allopurinol,11,33,990,121.82,,,11,33,121.82,990,*,
1003046004,Caparso,Amanda,Poway,CA,06,Internal Medicine,NPPES-Specialty,Alprazolam,Alprazolam,11,11,292,136.28,,,11,11,136.28,292,*,
1003046004,Caparso,Amanda,Poway,CA,06,Internal Medicine,NPPES-Specialty,Amiodarone Hcl,Amiodarone Hcl,11,17,485,343.08,,*,,,,,*,
1003046004,Caparso,Amanda,Poway,CA,06,Internal Medicine,NPPES-Specialty,Amlodipine Besylate,Amlodipine Besylate,69,187,5610,1335.55,27,#,,,,,#,
1003046004,Caparso,Amanda,Poway,CA,06,Internal Medicine,NPPES-Specialty,Amoxicillin-Clavulanate Potass,Amoxicillin/Potassium Clav,23,23,162,164.16,18,#,,,,,#,
1003046004,Caparso,Amanda,Poway,CA,06,Internal Medicine,NPPES-Specialty,Atorvastatin Calcium,Atorvastatin Calcium,156,362,10792,2779.03,51,,139,315,2530.88,9382,#,
1003046004,Caparso,Amanda,Poway,CA,06,Internal Medicine,NPPES-Specialty,Azithromycin,Azithromycin,42,42,210,245.65,24,#,,,,,#,
1003046004,Caparso,Amanda,Poway,CA,06,Internal Medicine,NPPES-Specialty,Baclofen,Baclofen,19,25,734,350.24,,#,,,,,*,
1003046004,Caparso,Amanda,Poway,CA,06,Internal Medicine,NPPES-Specialty,Basaglar Kwikpen U-100,"Insulin Glargine,hum.Rec.Anlog",23,45.7,1371,10856.81,,,23,45.7,10856.81,1371,*,
1003046004,Caparso,Amanda,Poway,CA,06,Internal Medicine,NPPES-Specialty,Carbidopa-Levodopa,Carbidopa/Levodopa,11,15,450,578.85,,,11,15,578.85,450,*,
1003046004,Caparso,Amanda,Poway,CA,06,Internal Medicine,NPPES-Specialty,Carvedilol,Carvedilol,38,72,2160,303.37,,#,,,,,*,
1003046004,Caparso,Amanda,Poway,CA,06,Internal Medicine,NPPES-Specialty,Celecoxib,Celecoxib,71,100,3000,2651.93,21,#,,,,,#,
1003046004,Caparso,Amanda,Poway,CA,06,Internal Medicine,NPPES-Specialty,Chlorthalidone,Chlorthalidone,20,42,1260,531.65,,,20,42,531.65,1260,*,
1003046004,Caparso,Amanda,Poway,CA,06,Internal Medicine,NPPES-Specialty,Ciprofloxacin Hcl,Ciprofloxacin Hcl,21,21,139,115.48,13,#,,,,,#,
1003046004,Caparso,Amanda,Poway,CA,06,Internal Medicine,NPPES-Specialty,Citalopram Hbr,Citalopram Hydrobromide,23,61,1830,277.52,,#,,,,,*,
1003046004,Caparso,Amanda,Poway,CA,06,Internal Medicine,NPPES-Specialty,Clopidogrel,Clopidogrel Bisulfate,24,44,1247,281.83,,,24,44,281.83,1247,*,
1003046004,Caparso,Amanda,Poway,CA,06,Internal Medicine,NPPES-Specialty,Diclofenac Sodium,Diclofenac Sodium,31,32.3,941,2572.48,11,#,,,,,*,
1003046004,Caparso,Amanda,Poway,CA,06,Internal Medicine,NPPES-Specialty,Doxycycline Hyclate,Doxycycline Hyclate,14,14,267,775.48,,#,,,,,*,
1003046004,Caparso,Amanda,Poway,CA,06,Internal Medicine,NPPES-Specialty,Duloxetine Hcl,Duloxetine Hcl,11,15,450,281.33,,,11,15,281.33,450,*,
1003046004,Caparso,Amanda,Poway,CA,06,Internal Medicine,NPPES-Specialty,Eliquis,Apixaban,25,31,930,15460.1,,#,,,,,*,
1003046004,Caparso,Amanda,Poway,CA,06,Internal Medicine,NPPES-Specialty,Escitalopram Oxalate,Escitalopram Oxalate,30,54,1604,533.02,,,17,35,362.02,1034,*,
1003046004,Caparso,Amanda,Poway,CA,06,Internal Medicine,NPPES-Specialty,Ezetimibe,Ezetimibe,11,11,330,67.65,,,0,0,0,0,#,
1003046004,Caparso,Amanda,Poway,CA,06,Internal Medicine,NPPES-Specialty,Famotidine,Famotidine,31,53,1580,348.68,,,17,33,285.31,980,*,
1003046004,Caparso,Amanda,Poway,CA,06,Internal Medicine,NPPES-Specialty,Finasteride,Finasteride,23,46,1357,349.97,,,23,46,349.97,1357,*,
1003046004,Caparso,Amanda,Poway,CA,06,Internal Medicine,NPPES-Specialty,Fluoxetine Hcl,Fluoxetine Hcl,12,14,420,57.48,,,12,14,57.48,420,*,
1003046004,Caparso,Amanda,Poway,CA,06,Internal Medicine,NPPES-Specialty,Fluticasone Propionate,Fluticasone Propionate,18,38,1140,391.15,,#,,,,,*,
1003046004,Caparso,Amanda,Poway,CA,06,Internal Medicine,NPPES-Specialty,Furosemide,Furosemide,80,138,3850,597.01,20,,67,111,540.86,3086,#,
1003046004,Caparso,Amanda,Poway,CA,06,Internal Medicine,NPPES-Specialty,Gabapentin,Gabapentin,73,83,2440,648.55,22,,44,54,389.9,1570,#,
1003046004,Caparso,Amanda,Poway,CA,06,Internal Medicine,NPPES-Specialty,Glipizide,Glipizide,12,27,810,71.95,,*,,,,,*,
1003046004,Caparso,Amanda,Poway,CA,06,Internal Medicine,NPPES-Specialty,Hydrochlorothiazide,Hydrochlorothiazide,42,74,2220,89.37,13,#,,,,,#,
1003046004,Caparso,Amanda,Poway,CA,06,Internal Medicine,NPPES-Specialty,Hydrocodone-Acetaminophen,Hydrocodone/Acetaminophen,11,11,180,163.56,,*,,,,,*,
1003046004,Caparso,Amanda,Poway,CA,06,Internal Medicine,NPPES-Specialty,Ibuprofen,Ibuprofen,39,39,1123,298.03,,#,,,,,*,
1003046004,Caparso,Amanda,Poway,CA,06,Internal Medicine,NPPES-Specialty,Januvia,Sitagliptin Phosphate,38,90,2700,49863.67,,,22,64,34650.69,1920,*,
1003046004,Caparso,Amanda,Poway,CA,06,Internal Medicine,NPPES-Specialty,Jardiance,Empagliflozin,36,60,1800,39480.58,,,36,60,39480.58,1800,*,
1003046004,Caparso,Amanda,Poway,CA,06,Internal Medicine,NPPES-Specialty,Levothyroxine Sodium,Levothyroxine Sodium,92,191.3,5651,1740.08,24,#,,,,,#,
1003046004,Caparso,Amanda,Poway,CA,06,Internal Medicine,NPPES-Specialty,Lisinopril,Lisinopril,95,218.2,6341,862.19,30,#,,,,,#,
1003046004,Caparso,Amanda,Poway,CA,06,Internal Medicine,NPPES-Specialty,Lisinopril-Hydrochlorothiazide,Lisinopril/Hydrochlorothiazide,13,23,690,245.71,,,13,23,245.71,690,*,
1003046004,Caparso,Amanda,Poway,CA,06,Internal Medicine,NPPES-Specialty,Loperamide,Loperamide Hcl,13,13,347,187.04,,*,,,,,*,
1003046004,Caparso,Amanda,Poway,CA,06,Internal Medicine,NPPES-Specialty,Losartan Potassium,Losartan Potassium,100,219,6530,1534,27,,100,219,1534,6530,,27
1003046004,Caparso,Amanda,Poway,CA,06,Internal Medicine,NPPES-Specialty,Lovastatin,Lovastatin,12,36,1080,333.75,,,12,36,333.75,1080,*,
1003046004,Caparso,Amanda,Poway,CA,06,Internal Medicine,NPPES-Specialty,Meloxicam,Meloxicam,36,44,1320,140.14,14,,15,23,100.48,690,*,
1003046004,Caparso,Amanda,Poway,CA,06,Internal Medicine,NPPES-Specialty,Metformin Hcl,Metformin Hcl,149,263.2,7763,1318.49,33,,127,229,1166.89,6742,#,
1003046004,Caparso,Amanda,Poway,CA,06,Internal Medicine,NPPES-Specialty,Metformin Hcl Er,Metformin Hcl,27,50,1500,265.18,,,27,50,265.18,1500,*,
1003046004,Caparso,Amanda,Poway,CA,06,Internal Medicine,NPPES-Specialty,Methotrexate,Methotrexate Sodium,13,14.8,422,307.59,,,13,14.8,307.59,422,*,
1003046004,Caparso,Amanda,Poway,CA,06,Internal Medicine,NPPES-Specialty,Metoprolol Succinate,Metoprolol Succinate,40,86,2551,768.89,,,21,51,420.65,1501,*,
1003046004,Caparso,Amanda,Poway,CA,06,Internal Medicine,NPPES-Specialty,Metoprolol Tartrate,Metoprolol Tartrate,27,73,2154,249.58,,#,,,,,*,
1003046004,Caparso,Amanda,Poway,CA,06,Internal Medicine,NPPES-Specialty,Mirtazapine,Mirtazapine,19,33,988,551.61,,,19,33,551.61,988,*,
1003046004,Caparso,Amanda,Poway,CA,06,Internal Medicine,NPPES-Specialty,Novolog Flexpen,Insulin Aspart,17,22.5,662,9974.98,,,17,22.5,9974.98,662,*,
1003046004,Caparso,Amanda,Poway,CA,06,Internal Medicine,NPPES-Specialty,Nystatin,Nystatin,16,16,342,235.62,,,16,16,235.62,342,*,
1003046004,Caparso,Amanda,Poway,CA,06,Internal Medicine,NPPES-Specialty,Omeprazole,Omeprazole,89,173,5136,1638.54,32,,77,147,1554.79,4356,#,
1003046004,Caparso,Amanda,Poway,CA,06,Internal Medicine,NPPES-Specialty,Ondansetron Hcl,Ondansetron Hcl,11,11,270,247.99,,*,,,,,*,
1003046004,Caparso,Amanda,Poway,CA,06,Internal Medicine,NPPES-Specialty,Oxybutynin Chloride,Oxybutynin Chloride,29,47,1380,684.42,,#,,,,,*,
1003046004,Caparso,Amanda,Poway,CA,06,Internal Medicine,NPPES-Specialty,Oxycodone Hcl,Oxycodone Hcl,17,17,480,382,,#,,,,,*,
1003046004,Caparso,Amanda,Poway,CA,06,Internal Medicine,NPPES-Specialty,Oxycodone-Acetaminophen,Oxycodone Hcl/Acetaminophen,21,21,551,687.12,,#,,,,,*,
1003046004,Caparso,Amanda,Poway,CA,06,Internal Medicine,NPPES-Specialty,Ozempic,Semaglutide,58,60,1722,57130.58,,,46,48,45976.43,1368,*,
1003046004,Caparso,Amanda,Poway,CA,06,Internal Medicine,NPPES-Specialty,Pantoprazole Sodium,Pantoprazole Sodium,42,80,2398,474.15,11,,31,59,370.48,1768,*,
1003046004,Caparso,Amanda,Poway,CA,06,Internal Medicine,NPPES-Specialty,Pioglitazone Hcl,Pioglitazone Hcl,15,39,1166,501.1,,*,,,,,*,
1003046004,Caparso,Amanda,Poway,CA,06,Internal Medicine,NPPES-Specialty,Potassium Chloride,Potassium Chloride,24,50,1447,557.37,,#,,,,,*,
1003046004,Caparso,Amanda,Poway,CA,06,Internal Medicine,NPPES-Specialty,Pravastatin Sodium,Pravastatin Sodium,13,29,870,620.66,,,13,29,620.66,870,*,
1003046004,Caparso,Amanda,Poway,CA,06,Internal Medicine,NPPES-Specialty,Prednisone,Prednisone,65,67,686,156.14,43,,52,54,122.8,529,#,
1003046004,Caparso,Amanda,Poway,CA,06,Internal Medicine,NPPES-Specialty,Pregabalin,Pregabalin,30,32,960,864.46,12,#,,,,,*,
1003046004,Caparso,Amanda,Poway,CA,06,Internal Medicine,NPPES-Specialty,Propranolol Hcl,Propranolol Hcl,24,34,1010,376.54,,#,,,,,*,
1003046004,Caparso,Amanda,Poway,CA,06,Internal Medicine,NPPES-Specialty,Quetiapine Fumarate,Quetiapine Fumarate,38,52,1438,1333.2,,,38,52,1333.2,1438,*,
1003046004,Caparso,Amanda,Poway,CA,06,Internal Medicine,NPPES-Specialty,Rosuvastatin Calcium,Rosuvastatin Calcium,19,46,1380,447.68,,,19,46,447.68,1380,*,
1003046004,Caparso,Amanda,Poway,CA,06,Internal Medicine,NPPES-Specialty,Sertraline Hcl,Sertraline Hcl,28,53,1545,346.7,,#,,,,,*,
1003046004,Caparso,Amanda,Poway,CA,06,Internal Medicine,NPPES-Specialty,Simvastatin,Simvastatin,60,142,4256,1167.99,15,,48,110,1082.15,3300,#,
1003046004,Caparso,Amanda,Poway,CA,06,Internal Medicine,NPPES-Specialty,Sucralfate,Sucralfate,32,34,984,739.73,,,20,22,523.95,633,*,
1003046004,Caparso,Amanda,Poway,CA,06,Internal Medicine,NPPES-Specialty,Tamsulosin Hcl,Tamsulosin Hcl,30,78,2288,1147.33,,#,,,,,*,
1003046004,Caparso,Amanda,Poway,CA,06,Internal Medicine,NPPES-Specialty,Terbinafine Hcl,Terbinafine Hcl,13,15,441,226.89,,#,,,,,*,
1003046004,Caparso,Amanda,Poway,CA,06,Internal Medicine,NPPES-Specialty,Tramadol Hcl,Tramadol Hcl,50,50,744,232.77,18,,39,39,210.95,615,#,
1003046004,Caparso,Amanda,Poway,CA,06,Internal Medicine,NPPES-Specialty,Trazodone Hcl,Trazodone Hcl,28,54,1523,274.93,12,#,,,,,*,
1003046004,Caparso,Amanda,Poway,CA,06,Internal Medicine,NPPES-Specialty,Triamcinolone Acetonide,Triamcinolone Acetonide,15,15.5,393,203.62,,#,,,,,*,
1003046004,Caparso,Amanda,Poway,CA,06,Internal Medicine,NPPES-Specialty,Trulicity,Dulaglutide,55,76.4,2212,74079.64,,,27,40.4,38442.24,1176,*,
1003046004,Caparso,Amanda,Poway,CA,06,Internal Medicine,NPPES-Specialty,Valsartan,Valsartan,13,13,315,375.94,,,13,13,375.94,315,*,
1003046004,Caparso,Amanda,Poway,CA,06,Internal Medicine,NPPES-Specialty,Xarelto,Rivaroxaban,13,19,570,10289.56,,,13,19,10289.56,570,*,
1003046848,Thomas,Lowell,Fremont,CA,06,Dentist,NPPES-Specialty,Amoxicillin,Amoxicillin,21,21,146,100.71,18,#,,,,,#,
1003047341,Gazarian-Boustani,Lyla,Glendale,CA,06,Dentist,NPPES-Taxonomy,Amoxicillin,Amoxicillin,32,32,179,93.07,31,#,,,,,#,
1003047341,Gazarian-Boustani,Lyla,Glendale,CA,06,Dentist,NPPES-Taxonomy,Ibuprofen,Ibuprofen,13,13,94,26.23,13,,13,13,26.23,94,,13
1003047515,Alas,Alexandriah,Pleasanton,CA,06,Obstetrics & Gynecology,Claim-Specialty,Acetaminophen-Codeine,Acetaminophen With Codeine,22,22,66,72.92,21,#,,,,,#,
1003047515,Alas,Alexandriah,Pleasanton,CA,06,Obstetrics & Gynecology,Claim-Specialty,Amitriptyline Hcl,Amitriptyline Hcl,25,25,750,173.53,,,25,25,173.53,750,*,
1003047515,Alas,Alexandriah,Pleasanton,CA,06,Obstetrics & Gynecology,Claim-Specialty,Estradiol,Estradiol,196,526.6,15647,17182.57,109,,163,446.8,15064.13,13367,,95
1003047515,Alas,Alexandriah,Pleasanton,CA,06,Obstetrics & Gynecology,Claim-Specialty,Fluconazole,Fluconazole,14,14,19,38.64,,*,,,,,*,
1003047515,Alas,Alexandriah,Pleasanton,CA,06,Obstetrics & Gynecology,Claim-Specialty,Gemtesa,Vibegron,75,93,2773,45953.08,19,#,,,,,#,
1003047515,Alas,Alexandriah,Pleasanton,CA,06,Obstetrics & Gynecology,Claim-Specialty,Imvexxy,Estradiol,11,20,588,4871.98,,*,,,,,*,
1003047515,Alas,Alexandriah,Pleasanton,CA,06,Obstetrics & Gynecology,Claim-Specialty,Methenamine Hippurate,Methenamine Hippurate,62,76,2268,4364.45,17,#,,,,,#,
1003047515,Alas,Alexandriah,Pleasanton,CA,06,Obstetrics & Gynecology,Claim-Specialty,Myrbetriq,Mirabegron,195,272.3,8138,123141.02,54,,172,238,106720.16,7108,#,
1003047515,Alas,Alexandriah,Pleasanton,CA,06,Obstetrics & Gynecology,Claim-Specialty,Nitrofurantoin,Nitrofurantoin Macrocrystal,16,16,470,657.83,,#,,,,,*,
1003047515,Alas,Alexandriah,Pleasanton,CA,06,Obstetrics & Gynecology,Claim-Specialty,Nitrofurantoin Mono-Macro,Nitrofurantoin Monohyd/M-Cryst,110,112,982,1532.91,65,,99,101,1402.81,922,#,
1003047515,Alas,Alexandriah,Pleasanton,CA,06,Obstetrics & Gynecology,Claim-Specialty,Oxybutynin Chloride Er,Oxybutynin Chloride,22,46,1380,460.45,,#,,,,,*,
1003047515,Alas,Alexandriah,Pleasanton,CA,06,Obstetrics & Gynecology,Claim-Specialty,Solifenacin Succinate,Solifenacin Succinate,80,124.3,3670,3089.01,22,,65,105,2641.09,3090,#,
1003047515,Alas,Alexandriah,Pleasanton,CA,06,Obstetrics & Gynecology,Claim-Specialty,Sulfamethoxazole-Trimethoprim,Sulfamethoxazole/Trimethoprim,13,13,85,48.6,12,#,,,,,*,
1003047515,Alas,Alexandriah,Pleasanton,CA,06,Obstetrics & Gynecology,Claim-Specialty,Tamsulosin Hcl,Tamsulosin Hcl,12,16,273,50.57,,#,,,,,*,
1003047515,Alas,Alexandriah,Pleasanton,CA,06,Obstetrics & Gynecology,Claim-Specialty,Tolterodine Tartrate Er,Tolterodine Tartrate,72,111,3301,10533.47,16,,47,62,6226.52,1861,#,
1003047515,Alas,Alexandriah,Pleasanton,CA,06,Obstetrics & Gynecology,Claim-Specialty,Trimethoprim,Trimethoprim,28,30,831,815.26,,#,,,,,*,
1003047515,Alas,Alexandriah,Pleasanton,CA,06,Obstetrics & Gynecology,Claim-Specialty,Trospium Chloride,Trospium Chloride,37,55,1600,1820.4,17,,37,55,1820.4,1600,,17
1003047978,Mangune,Edwin,Bellflower,CA,06,Family Practice,Claim-Specialty,Acetaminophen-Codeine,Acetaminophen With Codeine,12,12,171,97.94,,,12,12,97.94,171,*,
1003047978,Mangune,Edwin,Bellflower,CA,06,Family Practice,Claim-Specialty,Advair Diskus,Fluticasone Propion/Salmeterol,11,15,450,7014.72,,,11,15,7014.72,450,*,
1003047978,Mangune,Edwin,Bellflower,CA,06,Family Practice,Claim-Specialty,Albuterol Sulfate Hfa,Albuterol Sulfate,57,59.3,1105,1858.97,19,,46,48.3,1299.57,907,#,
1003047978,Mangune,Edwin,Bellflower,CA,06,Family Practice,Claim-Specialty,Alendronate Sodium,Alendronate Sodium,20,54.3,1624,336.33,,,20,54.3,336.33,1624,*,
1003047978,Mangune,Edwin,Bellflower,CA,06,Family Practice,Claim-Specialty,Alprazolam,Alprazolam,16,17.3,480,37.76,,#,,,,,*,
1003047978,Mangune,Edwin,Bellflower,CA,06,Family Practice,Claim-Specialty,Amlodipine Besylate,Amlodipine Besylate,120,283.8,8490,904.28,31,#,,,,,#,
1003047978,Mangune,Edwin,Bellflower,CA,06,Family Practice,Claim-Specialty,Atenolol,Atenolol,30,60.7,1820,253.02,,,30,60.7,253.02,1820,*,
1003047978,Mangune,Edwin,Bellflower,CA,06,Family Practice,Claim-Specialty,Atorvastatin Calcium,Atorvastatin Calcium,172,422.8,12600,3245.05,59,,154,373.6,2962.09,11130,#,
1003047978,Mangune,Edwin,Bellflower,CA,06,Family Practice,Claim-Specialty,Benazepril Hcl,Benazepril Hcl,54,129.7,3880,1025.8,15,,54,129.7,1025.8,3880,,15
1003047978,Mangune,Edwin,Bellflower,CA,06,Family Practice,Claim-Specialty,Bupropion Hcl Sr,Bupropion Hcl,13,13,390,288.47,,,13,13,288.47,390,*,
1003047978,Mangune,Edwin,Bellflower,CA,06,Family Practice,Claim-Specialty,Carvedilol,Carvedilol,25,36,1080,297.39,,,25,36,297.39,1080,*,
1003047978,Mangune,Edwin,Bellflower,CA,06,Family Practice,Claim-Specialty,Cilostazol,Cilostazol,16,18,540,619.08,,,16,18,619.08,540,*,
1003047978,Mangune,Edwin,Bellflower,CA,06,Family Practice,Claim-Specialty,Clopidogrel,Clopidogrel Bisulfate,17,41.3,1230,237.05,,,17,41.3,237.05,1230,*,
1003047978,Mangune,Edwin,Bellflower,CA,06,Family Practice,Claim-Specialty,Cyclobenzaprine Hcl,Cyclobenzaprine Hcl,11,11,150,47.09,,*,,,,,*,
1003047978,Mangune,Edwin,Bellflower,CA,06,Family Practice,Claim-Specialty,Diazepam,Diazepam,11,11,330,111.12,,,11,11,111.12,330,*,
1003047978,Mangune,Edwin,Bellflower,CA,06,Family Practice,Claim-Specialty,Diclofenac Sodium,Diclofenac Sodium,34,34,651,538.38,25,,34,34,538.38,651,,25
1003047978,Mangune,Edwin,Bellflower,CA,06,Family Practice,Claim-Specialty,Doxazosin Mesylate,Doxazosin Mesylate,13,13,390,151.97,,,13,13,151.97,390,*,
1003047978,Mangune,Edwin,Bellflower,CA,06,Family Practice,Claim-Specialty,Eliquis,Apixaban,25,50,1500,26757.99,,#,,,,,*,
1003047978,Mangune,Edwin,Bellflower,CA,06,Family Practice,Claim-Specialty,Ezetimibe,Ezetimibe,17,47,1410,961.6,,,17,47,961.6,1410,*,
1003047978,Mangune,Edwin,Bellflower,CA,06,Family Practice,Claim-Specialty,Famotidine,Famotidine,34,84.3,2530,603.06,13,#,,,,,*,
1003047978,Mangune,Edwin,Bellflower,CA,06,Family Practice,Claim-Specialty,Finasteride,Finasteride,14,28,840,194.63,,,14,28,194.63,840,*,
1003047978,Mangune,Edwin,Bellflower,CA,06,Family Practice,Claim-Specialty,Flovent Hfa,Fluticasone Propionate,14,14,420,4598.82,,*,,,,,*,
1003047978,Mangune,Edwin,Bellflower,CA,06,Family Practice,Claim-Specialty,Fluticasone Propionate,Fluticasone Propionate,35,35,1050,504.1,20,#,,,,,#,
1003047978,Mangune,Edwin,Bellflower,CA,06,Family Practice,Claim-Specialty,Furosemide,Furosemide,44,64,1776,276.35,12,#,,,,,#,
1003047978,Mangune,Edwin,Bellflower,CA,06,Family Practice,Claim-Specialty,Gabapentin,Gabapentin,47,84,2520,824.82,12,,47,84,824.82,2520,,12
1003047978,Mangune,Edwin,Bellflower,CA,06,Family Practice,Claim-Specialty,Glimepiride,Glimepiride,12,35,1050,208.18,,,12,35,208.18,1050,*,
1003047978,Mangune,Edwin,Bellflower,CA,06,Family Practice,Claim-Specialty,Glipizide,Glipizide,33,70.3,2110,608.1,,#,,,,,*,
1003047978,Mangune,Edwin,Bellflower,CA,06,Family Practice,Claim-Specialty,Humulin 70-30,Insulin Nph Hum/Reg Insulin Hm,13,16.1,448,6962.89,,,13,16.1,6962.89,448,*,
1003047978,Mangune,Edwin,Bellflower,CA,06,Family Practice,Claim-Specialty,Hydralazine Hcl,Hydralazine Hcl,11,25,746,388.27,,*,,,,,*,
1003047978,Mangune,Edwin,Bellflower,CA,06,Family Practice,Claim-Specialty,Hydrochlorothiazide,Hydrochlorothiazide,29,64,1920,151.15,12,#,,,,,#,
1003047978,Mangune,Edwin,Bellflower,CA,06,Family Practice,Claim-Specialty,Hydrocodone-Acetaminophen,Hydrocodone/Acetaminophen,14,14,200,74.28,,#,,,,,*,
1003047978,Mangune,Edwin,Bellflower,CA,06,Family Practice,Claim-Specialty,Hydroxyzine Hcl,Hydroxyzine Hcl,15,19,436,100.63,12,*,,,,,*,
1003047978,Mangune,Edwin,Bellflower,CA,06,Family Practice,Claim-Specialty,Ibuprofen,Ibuprofen,30,30,350,141.14,22,#,,,,,#,
1003047978,Mangune,Edwin,Bellflower,CA,06,Family Practice,Claim-Specialty,Isosorbide Dinitrate,Isosorbide Dinitrate,13,13,390,100.35,,,13,13,100.35,390,*,
1003047978,Mangune,Edwin,Bellflower,CA,06,Family Practice,Claim-Specialty,Januvia,Sitagliptin Phosphate,65,158.7,4760,88504.69,18,#,,,,,#,
1003047978,Mangune,Edwin,Bellflower,CA,06,Family Practice,Claim-Specialty,Lantus Solostar,"Insulin Glargine,hum.Rec.Anlog",12,15.3,458,5100.9,,,12,15.3,5100.9,458,*,
1003047978,Mangune,Edwin,Bellflower,CA,06,Family Practice,Claim-Specialty,Levothyroxine Sodium,Levothyroxine Sodium,41,110,3300,899.02,13,#,,,,,#,
1003047978,Mangune,Edwin,Bellflower,CA,06,Family Practice,Claim-Specialty,Lisinopril,Lisinopril,112,272.5,8140,1095.71,37,,99,238.3,916.74,7120,#,
1003047978,Mangune,Edwin,Bellflower,CA,06,Family Practice,Claim-Specialty,Losartan Potassium,Losartan Potassium,129,321.3,9640,2215.51,40,#,,,,,#,
1003047978,Mangune,Edwin,Bellflower,CA,06,Family Practice,Claim-Specialty,Lovastatin,Lovastatin,27,64,1920,581.22,,,27,64,581.22,1920,*,
1003047978,Mangune,Edwin,Bellflower,CA,06,Family Practice,Claim-Specialty,Meclizine Hcl,Meclizine Hcl,13,15,240,112.33,,,13,15,112.33,240,*,
1003047978,Mangune,Edwin,Bellflower,CA,06,Family Practice,Claim-Specialty,Metformin Hcl,Metformin Hcl,149,333.9,9997,1843.33,46,,138,308.9,1624.52,9247,#,
1003047978,Mangune,Edwin,Bellflower,CA,06,Family Practice,Claim-Specialty,Metformin Hcl Er,Metformin Hcl,15,17,510,143.58,,,15,17,143.58,510,*,
1003047978,Mangune,Edwin,Bellflower,CA,06,Family Practice,Claim-Specialty,Metoprolol Succinate,Metoprolol Succinate,38,102.7,3070,793.8,13,,38,102.7,793.8,3070,,13
1003047978,Mangune,Edwin,Bellflower,CA,06,Family Practice,Claim-Specialty,Metoprolol Tartrate,Metoprolol Tartrate,13,33,990,146.19,,,13,33,146.19,990,*,
1003047978,Mangune,Edwin,Bellflower,CA,06,Family Practice,Claim-Specialty,Naproxen,Naproxen,16,16,285,116.02,,#,,,,,*,
1003047978,Mangune,Edwin,Bellflower,CA,06,Family Practice,Claim-Specialty,Omeprazole,Omeprazole,56,115.3,3460,884.11,17,#,,,,,#,
1003047978,Mangune,Edwin,Bellflower,CA,06,Family Practice,Claim-Specialty,Pioglitazone Hcl,Pioglitazone Hcl,23,61.3,1840,755.56,,,23,61.3,755.56,1840,*,
1003047978,Mangune,Edwin,Bellflower,CA,06,Family Practice,Claim-Specialty,Potassium Chloride,Potassium Chloride,28,44,1320,431.57,,,28,44,431.57,1320,*,
1003047978,Mangune,Edwin,Bellflower,CA,06,Family Practice,Claim-Specialty,Pravastatin Sodium,Pravastatin Sodium,44,125.3,3760,984.54,14,#,,,,,#,
1003047978,Mangune,Edwin,Bellflower,CA,06,Family Practice,Claim-Specialty,Rybelsus,Semaglutide,24,38,1140,35348.78,,,24,38,35348.78,1140,*,
1003047978,Mangune,Edwin,Bellflower,CA,06,Family Practice,Claim-Specialty,Sertraline Hcl,Sertraline Hcl,30,45,1350,249.55,,,30,45,249.55,1350,*,
1003047978,Mangune,Edwin,Bellflower,CA,06,Family Practice,Claim-Specialty,Sildenafil Citrate,Sildenafil Citrate,12,12,336,91.31,,,12,12,91.31,336,*,
1003047978,Mangune,Edwin,Bellflower,CA,06,Family Practice,Claim-Specialty,Simvastatin,Simvastatin,86,208.6,6250,1009.34,27,,86,208.6,1009.34,6250,,27
1003047978,Mangune,Edwin,Bellflower,CA,06,Family Practice,Claim-Specialty,Stiolto Respimat,Tiotropium Br/Olodaterol Hcl,11,11,330,5526.18,,,11,11,5526.18,330,*,
1003047978,Mangune,Edwin,Bellflower,CA,06,Family Practice,Claim-Specialty,Tamsulosin Hcl,Tamsulosin Hcl,25,68.3,2050,320.17,,#,,,,,*,
1003047978,Mangune,Edwin,Bellflower,CA,06,Family Practice,Claim-Specialty,Triamcinolone Acetonide,Triamcinolone Acetonide,20,20.7,446,174.87,15,#,,,,,#,
1003048026,Provence,Brett,Baldwin Park,CA,06,Hospitalist,Claim-Specialty,Atorvastatin Calcium,Atorvastatin Calcium,24,65,1950,321.48,14,,24,65,321.48,1950,,14
1003048026,Provence,Brett,Baldwin Park,CA,06,Hospitalist,Claim-Specialty,Furosemide,Furosemide,32,77,2311,413.46,25,#,,,,,#,
1003048026,Provence,Brett,Baldwin Park,CA,06,Hospitalist,Claim-Specialty,Metoprolol Tartrate,Metoprolol Tartrate,18,55.5,1666,176.58,11,#,,,,,*,
1003048026,Provence,Brett,Baldwin Park,CA,06,Hospitalist,Claim-Specialty,Pantoprazole Sodium,Pantoprazole Sodium,12,26,755,142.7,,*,,,,,*,
1003048026,Provence,Brett,Baldwin Park,CA,06,Hospitalist,Claim-Specialty,Pradaxa,Dabigatran Etexilate Mesylate,14,39,1170,4068.29,,,14,39,4068.29,1170,*,
1003048026,Provence,Brett,Baldwin Park,CA,06,Hospitalist,Claim-Specialty,Prednisone,Prednisone,14,17.7,278,116.31,14,#,,,,,#,
1003048521,Filipioglu-Fago,Alis,Fresno,CA,06,Pharmacist,NPPES-Taxonomy,Abrysvo,"Rsv Vacc, Pref A And Pref B/Pf",14,14,14,4383.63,14,#,,,,,#,
1003048521,Filipioglu-Fago,Alis,Fresno,CA,06,Pharmacist,NPPES-Taxonomy,Shingrix,Varicella-Zoster Ge/As01b/Pf,19,19,19,3832.9,18,#,,,,,#,
1003048620,Heck,Tina,San Luis Obispo,CA,06,Physician Assistant,NPPES-Specialty,Albuterol Sulfate Hfa,Albuterol Sulfate,16,16,283,632.31,14,*,,,,,*,
1003048620,Heck,Tina,San Luis Obispo,CA,06,Physician Assistant,NPPES-Specialty,Amoxicillin,Amoxicillin,13,13,128,84.42,12,*,,,,,*,
1003048620,Heck,Tina,San Luis Obispo,CA,06,Physician Assistant,NPPES-Specialty,Amoxicillin-Clavulanate Potass,Amoxicillin/Potassium Clav,20,20,173,272.33,18,#,,,,,#,
1003048620,Heck,Tina,San Luis Obispo,CA,06,Physician Assistant,NPPES-Specialty,Azithromycin,Azithromycin,15,15,75,92.96,15,*,,,,,*,
1003048620,Heck,Tina,San Luis Obispo,CA,06,Physician Assistant,NPPES-Specialty,Doxycycline Hyclate,Doxycycline Hyclate,20,20,189,348.19,16,#,,,,,*,
1003048620,Heck,Tina,San Luis Obispo,CA,06,Physician Assistant,NPPES-Specialty,Fluticasone Propionate,Fluticasone Propionate,18,18,540,230.59,17,#,,,,,#,
1003048620,Heck,Tina,San Luis Obispo,CA,06,Physician Assistant,NPPES-Specialty,Lisinopril,Lisinopril,12,14,420,143.22,,,12,14,143.22,420,*,
1003048620,Heck,Tina,San Luis Obispo,CA,06,Physician Assistant,NPPES-Specialty,Sulfamethoxazole-Trimethoprim,Sulfamethoxazole/Trimethoprim,12,12,77,109.15,12,*,,,,,*,
1003048745,Grewal,Puneet,Manteca,CA,06,Cardiology,Claim-Specialty,Amlodipine Besylate,Amlodipine Besylate,47,131,3915,554.95,23,#,,,,,#,
1003048745,Grewal,Puneet,Manteca,CA,06,Cardiology,Claim-Specialty,Atorvastatin Calcium,Atorvastatin Calcium,46,114,3414,739.56,17,#,,,,,#,
1003048745,Grewal,Puneet,Manteca,CA,06,Cardiology,Claim-Specialty,Carvedilol,Carvedilol,25,65,1950,365.39,13,#,,,,,*,
1003048745,Grewal,Puneet,Manteca,CA,06,Cardiology,Claim-Specialty,Eliquis,Apixaban,36,61,1830,36352.41,11,#,,,,,*,
1003048745,Grewal,Puneet,Manteca,CA,06,Cardiology,Claim-Specialty,Entresto,Sacubitril/Valsartan,29,41,1152,27136.97,,#,,,,,*,
1003048745,Grewal,Puneet,Manteca,CA,06,Cardiology,Claim-Specialty,Ezetimibe,Ezetimibe,11,19,570,162.74,,*,,,,,*,
1003048745,Grewal,Puneet,Manteca,CA,06,Cardiology,Claim-Specialty,Furosemide,Furosemide,35,82,2450,205.88,17,#,,,,,#,
1003048745,Grewal,Puneet,Manteca,CA,06,Cardiology,Claim-Specialty,Hydrochlorothiazide,Hydrochlorothiazide,19,55.5,1665,108.83,11,#,,,,,*,
1003048745,Grewal,Puneet,Manteca,CA,06,Cardiology,Claim-Specialty,Lisinopril,Lisinopril,22,64,1918,454.15,12,#,,,,,*,
1003048745,Grewal,Puneet,Manteca,CA,06,Cardiology,Claim-Specialty,Losartan Potassium,Losartan Potassium,35,95,2840,555.47,15,#,,,,,#,
1003048745,Grewal,Puneet,Manteca,CA,06,Cardiology,Claim-Specialty,Metoprolol Succinate,Metoprolol Succinate,63,150.5,4481,1140.43,21,#,,,,,#,
1003048745,Grewal,Puneet,Manteca,CA,06,Cardiology,Claim-Specialty,Metoprolol Tartrate,Metoprolol Tartrate,15,40.5,1198,87.17,,#,,,,,*,
1003048745,Grewal,Puneet,Manteca,CA,06,Cardiology,Claim-Specialty,Nifedipine Er,Nifedipine,30,50,1500,701.92,,#,,,,,*,
1003048745,Grewal,Puneet,Manteca,CA,06,Cardiology,Claim-Specialty,Spironolactone,Spironolactone,13,35,1050,115.44,,#,,,,,*,
1003048786,Macnear,Hailey,Sacramento,CA,06,Obstetrics & Gynecology,Claim-Specialty,Estradiol,Estradiol,30,87.5,2617,2425.36,16,,30,87.5,2425.36,2617,,16
1003048786,Macnear,Hailey,Sacramento,CA,06,Obstetrics & Gynecology,Claim-Specialty,Valacyclovir,Valacyclovir Hcl,14,36,1055,737.26,,,14,36,737.26,1055,*,
1003050667,Sprowl,Lisa,Sacramento,CA,06,Family Practice,Claim-Specialty,Albuterol Sulfate Hfa,Albuterol Sulfate,29,32.8,862,949.61,14,#,,,,,#,
1003050667,Sprowl,Lisa,Sacramento,CA,06,Family Practice,Claim-Specialty,Alendronate Sodium,Alendronate Sodium,22,61.6,1846,307.33,,,22,61.6,307.33,1846,*,
1003050667,Sprowl,Lisa,Sacramento,CA,06,Family Practice,Claim-Specialty,Amitriptyline Hcl,Amitriptyline Hcl,17,49.1,1472,295.8,,#,,,,,*,
1003050667,Sprowl,Lisa,Sacramento,CA,06,Family Practice,Claim-Specialty,Amlodipine Besylate,Amlodipine Besylate,134,324,9695,1234.94,40,#,,,,,#,
1003050667,Sprowl,Lisa,Sacramento,CA,06,Family Practice,Claim-Specialty,Atenolol,Atenolol,38,88,2640,844.72,,#,,,,,*,
1003050667,Sprowl,Lisa,Sacramento,CA,06,Family Practice,Claim-Specialty,Atorvastatin Calcium,Atorvastatin Calcium,246,726,21780,4294.67,76,,227,669,3840.56,20070,#,
1003050667,Sprowl,Lisa,Sacramento,CA,06,Family Practice,Claim-Specialty,Bupropion Xl,Bupropion Hcl,28,56,1680,607.71,,#,,,,,*,
1003050667,Sprowl,Lisa,Sacramento,CA,06,Family Practice,Claim-Specialty,Carvedilol,Carvedilol,28,84,2520,509.58,,,28,84,509.58,2520,*,
1003050667,Sprowl,Lisa,Sacramento,CA,06,Family Practice,Claim-Specialty,Citalopram Hbr,Citalopram Hydrobromide,29,73,2190,688.94,,,18,50,575.19,1500,*,
1003050667,Sprowl,Lisa,Sacramento,CA,06,Family Practice,Claim-Specialty,Clonidine Hcl,Clonidine Hcl,13,39,1170,440.24,,,13,39,440.24,1170,*,
1003050667,Sprowl,Lisa,Sacramento,CA,06,Family Practice,Claim-Specialty,Clopidogrel,Clopidogrel Bisulfate,25,75,2250,572.23,,,25,75,572.23,2250,*,
1003050667,Sprowl,Lisa,Sacramento,CA,06,Family Practice,Claim-Specialty,Diclofenac Sodium,Diclofenac Sodium,13,13,162,264.06,,,13,13,264.06,162,*,
1003050667,Sprowl,Lisa,Sacramento,CA,06,Family Practice,Claim-Specialty,Duloxetine Hcl,Duloxetine Hcl,33,76,2255,4914.36,12,#,,,,,*,
1003050667,Sprowl,Lisa,Sacramento,CA,06,Family Practice,Claim-Specialty,Famotidine,Famotidine,36,80,2400,472.42,11,#,,,,,*,
1003050667,Sprowl,Lisa,Sacramento,CA,06,Family Practice,Claim-Specialty,Fenofibrate,Fenofibrate,14,42,1260,571.78,,,14,42,571.78,1260,*,
1003050667,Sprowl,Lisa,Sacramento,CA,06,Family Practice,Claim-Specialty,Fluoxetine Hcl,Fluoxetine Hcl,18,48,1440,453.85,,,18,48,453.85,1440,*,
1003050667,Sprowl,Lisa,Sacramento,CA,06,Family Practice,Claim-Specialty,Fluticasone Propionate,Fluticasone Propionate,49,94,2820,981.44,17,#,,,,,#,
1003050667,Sprowl,Lisa,Sacramento,CA,06,Family Practice,Claim-Specialty,Furosemide,Furosemide,24,54,1620,86.89,,,24,54,86.89,1620,*,
1003050667,Sprowl,Lisa,Sacramento,CA,06,Family Practice,Claim-Specialty,Gabapentin,Gabapentin,89,187,5590,1742.74,25,#,,,,,#,
1003050667,Sprowl,Lisa,Sacramento,CA,06,Family Practice,Claim-Specialty,Glipizide,Glipizide,27,77,2310,255.14,,,27,77,255.14,2310,*,
1003050667,Sprowl,Lisa,Sacramento,CA,06,Family Practice,Claim-Specialty,Glipizide Er,Glipizide,18,52,1560,282.29,,#,,,,,*,
1003050667,Sprowl,Lisa,Sacramento,CA,06,Family Practice,Claim-Specialty,Hydralazine Hcl,Hydralazine Hcl,11,33,990,361.83,,,11,33,361.83,990,*,
1003050667,Sprowl,Lisa,Sacramento,CA,06,Family Practice,Claim-Specialty,Hydrochlorothiazide,Hydrochlorothiazide,64,192,5760,448.23,22,#,,,,,#,
1003050667,Sprowl,Lisa,Sacramento,CA,06,Family Practice,Claim-Specialty,Hydrocodone-Acetaminophen,Hydrocodone/Acetaminophen,62,62,1693,1682.68,13,,43,43,701.3,1128,*,
1003050667,Sprowl,Lisa,Sacramento,CA,06,Family Practice,Claim-Specialty,Ibuprofen,Ibuprofen,27,37,870,223.04,,#,,,,,*,
1003050667,Sprowl,Lisa,Sacramento,CA,06,Family Practice,Claim-Specialty,Jardiance,Empagliflozin,13,37,1110,23615.95,,*,,,,,*,
1003050667,Sprowl,Lisa,Sacramento,CA,06,Family Practice,Claim-Specialty,Levocetirizine Dihydrochloride,Levocetirizine Dihydrochloride,12,16,250,183.24,,,0,0,0,0,#,
1003050667,Sprowl,Lisa,Sacramento,CA,06,Family Practice,Claim-Specialty,Levothyroxine Sodium,Levothyroxine Sodium,151,411.7,12352,3131.91,40,#,,,,,#,
1003050667,Sprowl,Lisa,Sacramento,CA,06,Family Practice,Claim-Specialty,Lisinopril,Lisinopril,136,400,12000,1475.81,40,,121,359,1033.73,10770,#,
1003050667,Sprowl,Lisa,Sacramento,CA,06,Family Practice,Claim-Specialty,Losartan Potassium,Losartan Potassium,92,269,8070,2042.16,28,,92,269,2042.16,8070,,28
1003050667,Sprowl,Lisa,Sacramento,CA,06,Family Practice,Claim-Specialty,Meloxicam,Meloxicam,15,33,990,348.98,,,15,33,348.98,990,*,
1003050667,Sprowl,Lisa,Sacramento,CA,06,Family Practice,Claim-Specialty,Metformin Hcl,Metformin Hcl,57,171,5130,711.37,18,#,,,,,#,
1003050667,Sprowl,Lisa,Sacramento,CA,06,Family Practice,Claim-Specialty,Metformin Hcl Er,Metformin Hcl,12,34,1020,283.75,,*,,,,,*,
1003050667,Sprowl,Lisa,Sacramento,CA,06,Family Practice,Claim-Specialty,Metoprolol Succinate,Metoprolol Succinate,48,144,4320,1107.61,18,,48,144,1107.61,4320,,18
1003050667,Sprowl,Lisa,Sacramento,CA,06,Family Practice,Claim-Specialty,Metoprolol Tartrate,Metoprolol Tartrate,45,99,2945,636.23,12,,45,99,636.23,2945,,12
1003050667,Sprowl,Lisa,Sacramento,CA,06,Family Practice,Claim-Specialty,Montelukast Sodium,Montelukast Sodium,50,132,3960,1546.24,18,#,,,,,#,
1003050667,Sprowl,Lisa,Sacramento,CA,06,Family Practice,Claim-Specialty,Omeprazole,Omeprazole,41,107,3210,542.04,11,,41,107,542.04,3210,,11
1003050667,Sprowl,Lisa,Sacramento,CA,06,Family Practice,Claim-Specialty,Ondansetron Hcl,Ondansetron Hcl,16,22,440,332.41,,*,,,,,*,
1003050667,Sprowl,Lisa,Sacramento,CA,06,Family Practice,Claim-Specialty,Oxybutynin Chloride Er,Oxybutynin Chloride,15,45,1350,589.44,,,15,45,589.44,1350,*,
1003050667,Sprowl,Lisa,Sacramento,CA,06,Family Practice,Claim-Specialty,Ozempic,Semaglutide,11,13.7,392,10890.7,,*,,,,,*,
1003050667,Sprowl,Lisa,Sacramento,CA,06,Family Practice,Claim-Specialty,Pantoprazole Sodium,Pantoprazole Sodium,59,145,4350,874.05,20,#,,,,,#,
1003050667,Sprowl,Lisa,Sacramento,CA,06,Family Practice,Claim-Specialty,Potassium Chloride,Potassium Chloride,12,36,1080,210.73,,,12,36,210.73,1080,*,
1003050667,Sprowl,Lisa,Sacramento,CA,06,Family Practice,Claim-Specialty,Pravastatin Sodium,Pravastatin Sodium,28,60,1800,485.12,,,28,60,485.12,1800,*,
1003050667,Sprowl,Lisa,Sacramento,CA,06,Family Practice,Claim-Specialty,Propranolol Hcl,Propranolol Hcl,15,39,1143,533.07,,#,,,,,*,
1003050667,Sprowl,Lisa,Sacramento,CA,06,Family Practice,Claim-Specialty,Rosuvastatin Calcium,Rosuvastatin Calcium,76,194,5820,2462.03,24,#,,,,,#,
1003050667,Sprowl,Lisa,Sacramento,CA,06,Family Practice,Claim-Specialty,Sertraline Hcl,Sertraline Hcl,28,70,2100,295.06,11,#,,,,,*,
1003050667,Sprowl,Lisa,Sacramento,CA,06,Family Practice,Claim-Specialty,Simvastatin,Simvastatin,55,147,4410,558.44,15,,55,147,558.44,4410,,15
1003050667,Sprowl,Lisa,Sacramento,CA,06,Family Practice,Claim-Specialty,Spironolactone-Hctz,Spironolact/Hydrochlorothiazid,11,11,330,264.04,,,11,11,264.04,330,*,
1003050667,Sprowl,Lisa,Sacramento,CA,06,Family Practice,Claim-Specialty,Synthroid,Levothyroxine Sodium,12,35.6,1068,997.58,,,12,35.6,997.58,1068,*,
1003050667,Sprowl,Lisa,Sacramento,CA,06,Family Practice,Claim-Specialty,Tizanidine Hcl,Tizanidine Hcl,11,13,250,27.07,,,11,13,27.07,250,*,
1003050667,Sprowl,Lisa,Sacramento,CA,06,Family Practice,Claim-Specialty,Tramadol Hcl,Tramadol Hcl,13,13,337,60.23,,#,,,,,*,
1003050667,Sprowl,Lisa,Sacramento,CA,06,Family Practice,Claim-Specialty,Trazodone Hcl,Trazodone Hcl,31,45,1350,98.06,,,31,45,98.06,1350,*,
1003050667,Sprowl,Lisa,Sacramento,CA,06,Family Practice,Claim-Specialty,Triamcinolone Acetonide,Triamcinolone Acetonide,34,38,911,387.62,17,#,,,,,#,
1003050667,Sprowl,Lisa,Sacramento,CA,06,Family Practice,Claim-Specialty,Triamterene-Hydrochlorothiazid,Triamterene/Hydrochlorothiazid,12,36,1080,176.69,,*,,,,,*,
1003050667,Sprowl,Lisa,Sacramento,CA,06,Family Practice,Claim-Specialty,Trulicity,Dulaglutide,16,28.6,842,29221.77,,#,,,,,*,
1003050667,Sprowl,Lisa,Sacramento,CA,06,Family Practice,Claim-Specialty,Valsartan,Valsartan,15,42.8,1260,757.59,,,15,42.8,757.59,1260,*,
1003050667,Sprowl,Lisa,Sacramento,CA,06,Family Practice,Claim-Specialty,Warfarin Sodium,Warfarin Sodium,12,32,960,252.38,,,12,32,252.38,960,*,
1003051541,Ho,Cuong,San Francisco,CA,06,Dentist,NPPES-Specialty,Amoxicillin,Amoxicillin,11,11,63,59.77,11,,11,11,59.77,63,,11
1003051780,Jin,Wenwu,San Francisco,CA,06,Urology,Claim-Specialty,Acetaminophen-Codeine,Acetaminophen With Codeine,54,54,164,215.22,47,#,,,,,#,
1003051780,Jin,Wenwu,San Francisco,CA,06,Urology,Claim-Specialty,Bicalutamide,Bicalutamide,12,12,345,391.25,12,,12,12,391.25,345,,12
1003051780,Jin,Wenwu,San Francisco,CA,06,Urology,Claim-Specialty,Ciprofloxacin Hcl,Ciprofloxacin Hcl,140,140,631,657.94,123,#,,,,,#,
1003051780,Jin,Wenwu,San Francisco,CA,06,Urology,Claim-Specialty,Desmopressin Acetate,Desmopressin Acetate,16,45,1350,1826.35,,,16,45,1826.35,1350,*,
1003051780,Jin,Wenwu,San Francisco,CA,06,Urology,Claim-Specialty,Doxazosin Mesylate,Doxazosin Mesylate,20,44,1320,584.79,,,20,44,584.79,1320,*,
1003051780,Jin,Wenwu,San Francisco,CA,06,Urology,Claim-Specialty,Dutasteride,Dutasteride,34,96,2880,2107.36,14,,34,96,2107.36,2880,,14
1003051780,Jin,Wenwu,San Francisco,CA,06,Urology,Claim-Specialty,Erleada,Apalutamide,16,16,480,262241.22,,,16,16,262241.22,480,*,
1003051780,Jin,Wenwu,San Francisco,CA,06,Urology,Claim-Specialty,Finasteride,Finasteride,1983,5814.3,174288,58887.39,674,,1956,5739.3,57698.58,172038,#,
1003051780,Jin,Wenwu,San Francisco,CA,06,Urology,Claim-Specialty,Gemtesa,Vibegron,16,26,780,13269.49,,,16,26,13269.49,780,*,
1003051780,Jin,Wenwu,San Francisco,CA,06,Urology,Claim-Specialty,Myrbetriq,Mirabegron,154,353,10590,167935.83,73,#,,,,,#,
1003051780,Jin,Wenwu,San Francisco,CA,06,Urology,Claim-Specialty,Oxybutynin Chloride Er,Oxybutynin Chloride,264,629.8,18820,13219.58,140,#,,,,,#,
1003051780,Jin,Wenwu,San Francisco,CA,06,Urology,Claim-Specialty,Potassium Citrate Er,Potassium Citrate,24,32,960,2302.34,19,,24,32,2302.34,960,,19
1003051780,Jin,Wenwu,San Francisco,CA,06,Urology,Claim-Specialty,Solifenacin Succinate,Solifenacin Succinate,15,43,1290,2644.67,,,15,43,2644.67,1290,*,
1003051780,Jin,Wenwu,San Francisco,CA,06,Urology,Claim-Specialty,Sulfamethoxazole-Trimethoprim,Sulfamethoxazole/Trimethoprim,121,121,823,617.52,97,#,,,,,#,
1003051780,Jin,Wenwu,San Francisco,CA,06,Urology,Claim-Specialty,Tamsulosin Hcl,Tamsulosin Hcl,2106,6108.2,183161,56686.64,767,,2081,6041.2,56076.54,181151,#,
1003051780,Jin,Wenwu,San Francisco,CA,06,Urology,Claim-Specialty,Terazosin Hcl,Terazosin Hcl,24,63,1890,929.17,,,24,63,929.17,1890,*,
1003051780,Jin,Wenwu,San Francisco,CA,06,Urology,Claim-Specialty,Xtandi,Enzalutamide,37,37,1110,469644.95,,,37,37,469644.95,1110,*,
1003051954,Castillo,Maria,Los Angeles,CA,06,Nurse Practitioner,NPPES-Specialty,Amlodipine Besylate,Amlodipine Besylate,19,47,1410,367.37,12,,19,47,367.37,1410,,12
1003051954,Castillo,Maria,Los Angeles,CA,06,Nurse Practitioner,NPPES-Specialty,Amoxicillin,Amoxicillin,26,26,260,153.99,23,#,,,,,#,
1003051954,Castillo,Maria,Los Angeles,CA,06,Nurse Practitioner,NPPES-Specialty,Atorvastatin Calcium,Atorvastatin Calcium,23,67,2010,637.64,18,#,,,,,#,
1003051954,Castillo,Maria,Los Angeles,CA,06,Nurse Practitioner,NPPES-Specialty,Azithromycin,Azithromycin,27,27,134,206.18,23,#,,,,,#,
1003051954,Castillo,Maria,Los Angeles,CA,06,Nurse Practitioner,NPPES-Specialty,Cephalexin,Cephalexin,42,42,420,546.86,33,#,,,,,#,
1003051954,Castillo,Maria,Los Angeles,CA,06,Nurse Practitioner,NPPES-Specialty,Ciprofloxacin Hcl,Ciprofloxacin Hcl,49,49,462,366.56,35,#,,,,,#,
1003051954,Castillo,Maria,Los Angeles,CA,06,Nurse Practitioner,NPPES-Specialty,Ibuprofen,Ibuprofen,109,113,2312,1363.79,82,#,,,,,#,
1003051954,Castillo,Maria,Los Angeles,CA,06,Nurse Practitioner,NPPES-Specialty,Januvia,Sitagliptin Phosphate,11,33,990,17888.47,,*,,,,,*,
1003051954,Castillo,Maria,Los Angeles,CA,06,Nurse Practitioner,NPPES-Specialty,Levothyroxine Sodium,Levothyroxine Sodium,16,40,1191,423.92,,#,,,,,*,
1003051954,Castillo,Maria,Los Angeles,CA,06,Nurse Practitioner,NPPES-Specialty,Lisinopril,Lisinopril,27,75,2250,564.51,18,#,,,,,#,
1003051954,Castillo,Maria,Los Angeles,CA,06,Nurse Practitioner,NPPES-Specialty,Losartan Potassium,Losartan Potassium,17,51,1530,572.31,13,,17,51,572.31,1530,,13
1003051954,Castillo,Maria,Los Angeles,CA,06,Nurse Practitioner,NPPES-Specialty,Meclizine Hcl,Meclizine Hcl,11,17,510,142.49,11,*,,,,,*,
1003051954,Castillo,Maria,Los Angeles,CA,06,Nurse Practitioner,NPPES-Specialty,Metformin Hcl,Metformin Hcl,41,119.3,3580,725.64,31,#,,,,,#,
1003051954,Castillo,Maria,Los Angeles,CA,06,Nurse Practitioner,NPPES-Specialty,Nystatin,Nystatin,11,11,270,343.59,,*,,,,,*,
1003051954,Castillo,Maria,Los Angeles,CA,06,Nurse Practitioner,NPPES-Specialty,Omeprazole,Omeprazole,23,58,1740,621.51,15,#,,,,,#,
1003051954,Castillo,Maria,Los Angeles,CA,06,Nurse Practitioner,NPPES-Specialty,Prednisone,Prednisone,12,12,89,37.96,,*,,,,,*,
1003051954,Castillo,Maria,Los Angeles,CA,06,Nurse Practitioner,NPPES-Specialty,Promethazine-Dm,Promethazine/Dextromethorphan,12,12,137,172.32,11,*,,,,,*,
1003051954,Castillo,Maria,Los Angeles,CA,06,Nurse Practitioner,NPPES-Specialty,Triamcinolone Acetonide,Triamcinolone Acetonide,11,12,300,116.71,,,11,12,116.71,300,*,
1003052051,Kafi,Laila,San Francisco,CA,06,Dentist,NPPES-Specialty,Amoxicillin,Amoxicillin,60,60,408,196.42,53,#,,,,,#,
1003052606,Petersen,Flaviane,Roseville,CA,06,Dentist,NPPES-Specialty,Amoxicillin,Amoxicillin,32,32,278,203.97,23,,32,32,203.97,278,,23
1003052739,Tran,Ngoc-Tram,Long Beach,CA,06,Nephrology,Claim-Specialty,Allopurinol,Allopurinol,25,47,1410,336.73,,#,,,,,*,
1003052739,Tran,Ngoc-Tram,Long Beach,CA,06,Nephrology,Claim-Specialty,Amlodipine Besylate,Amlodipine Besylate,37,81.4,2442,602.26,12,#,,,,,*,
1003052739,Tran,Ngoc-Tram,Long Beach,CA,06,Nephrology,Claim-Specialty,Benlysta,Belimumab,12,12,336,59770.2,,,0,0,0,0,#,
1003052739,Tran,Ngoc-Tram,Long Beach,CA,06,Nephrology,Claim-Specialty,Cholestyramine Light,Cholestyramine/Aspartame,11,11,330,1055.22,,,11,11,1055.22,330,*,
1003052739,Tran,Ngoc-Tram,Long Beach,CA,06,Nephrology,Claim-Specialty,Clonidine Hcl,Clonidine Hcl,13,13.4,402,248.11,,,13,13.4,248.11,402,*,
1003052739,Tran,Ngoc-Tram,Long Beach,CA,06,Nephrology,Claim-Specialty,Clopidogrel,Clopidogrel Bisulfate,12,12.4,372,170.85,,,12,12.4,170.85,372,*,
1003052739,Tran,Ngoc-Tram,Long Beach,CA,06,Nephrology,Claim-Specialty,Famotidine,Famotidine,26,38,1140,319.62,,#,,,,,*,
1003052739,Tran,Ngoc-Tram,Long Beach,CA,06,Nephrology,Claim-Specialty,Farxiga,Dapagliflozin Propanediol,40,70,2100,40577.76,16,#,,,,,#,
1003052739,Tran,Ngoc-Tram,Long Beach,CA,06,Nephrology,Claim-Specialty,Furosemide,Furosemide,52,88,2640,242.91,16,,39,75,195.72,2250,#,
1003052739,Tran,Ngoc-Tram,Long Beach,CA,06,Nephrology,Claim-Specialty,Glipizide,Glipizide,13,13.4,402,202.16,,,13,13.4,202.16,402,*,
1003052739,Tran,Ngoc-Tram,Long Beach,CA,06,Nephrology,Claim-Specialty,Invokana,Canagliflozin,13,13,390,7358.79,,#,,,,,*,
1003052739,Tran,Ngoc-Tram,Long Beach,CA,06,Nephrology,Claim-Specialty,Januvia,Sitagliptin Phosphate,19,31,930,18022.4,,,19,31,18022.4,930,*,
1003052739,Tran,Ngoc-Tram,Long Beach,CA,06,Nephrology,Claim-Specialty,Kerendia,Finerenone,51,69,2070,45027.22,11,,36,46,29319.88,1380,*,
1003052739,Tran,Ngoc-Tram,Long Beach,CA,06,Nephrology,Claim-Specialty,Lantus Solostar,"Insulin Glargine,hum.Rec.Anlog",18,18,286,2163.08,,,18,18,2163.08,286,*,
1003052739,Tran,Ngoc-Tram,Long Beach,CA,06,Nephrology,Claim-Specialty,Lisinopril,Lisinopril,13,31,930,107.26,,*,,,,,*,
1003052739,Tran,Ngoc-Tram,Long Beach,CA,06,Nephrology,Claim-Specialty,Lokelma,Sodium Zirconium Cyclosilicate,17,17.4,488,9135.98,,#,,,,,*,
1003052739,Tran,Ngoc-Tram,Long Beach,CA,06,Nephrology,Claim-Specialty,Losartan Potassium,Losartan Potassium,32,60,1800,589.33,,,32,60,589.33,1800,*,
1003052739,Tran,Ngoc-Tram,Long Beach,CA,06,Nephrology,Claim-Specialty,Metformin Hcl,Metformin Hcl,12,12.4,372,168.43,,,12,12.4,168.43,372,*,
1003052739,Tran,Ngoc-Tram,Long Beach,CA,06,Nephrology,Claim-Specialty,Minoxidil,Minoxidil,16,16,224,157.24,,,0,0,0,0,#,
1003052739,Tran,Ngoc-Tram,Long Beach,CA,06,Nephrology,Claim-Specialty,Novofine Autocover,"Pen Needle, Diabetic, Safety",12,12,360,1142.4,,,12,12,1142.4,360,*,
1003052739,Tran,Ngoc-Tram,Long Beach,CA,06,Nephrology,Claim-Specialty,Pantoprazole Sodium,Pantoprazole Sodium,16,16.4,492,211.65,,,16,16.4,211.65,492,*,
1003052739,Tran,Ngoc-Tram,Long Beach,CA,06,Nephrology,Claim-Specialty,Procrit,Epoetin Alfa,19,19,532,27092.47,,,19,19,27092.47,532,*,
1003052739,Tran,Ngoc-Tram,Long Beach,CA,06,Nephrology,Claim-Specialty,Rayaldee,Calcifediol,28,28,840,34565.24,,#,,,,,*,
1003052739,Tran,Ngoc-Tram,Long Beach,CA,06,Nephrology,Claim-Specialty,Simvastatin,Simvastatin,12,12.4,372,147.21,,,12,12.4,147.21,372,*,
1003052739,Tran,Ngoc-Tram,Long Beach,CA,06,Nephrology,Claim-Specialty,Tamsulosin Hcl,Tamsulosin Hcl,30,70,2100,655.89,,#,,,,,*,
1003052739,Tran,Ngoc-Tram,Long Beach,CA,06,Nephrology,Claim-Specialty,Temazepam,Temazepam,17,17,510,35.77,,,17,17,35.77,510,*,
1003052739,Tran,Ngoc-Tram,Long Beach,CA,06,Nephrology,Claim-Specialty,Tramadol Hcl,Tramadol Hcl,12,12,330,162.32,,#,,,,,*,
1003052739,Tran,Ngoc-Tram,Long Beach,CA,06,Nephrology,Claim-Specialty,Veltassa,Patiromer Calcium Sorbitex,22,24.3,531,11519.93,14,#,,,,,#,
1003053851,Jeng,Aaron,San Gabriel,CA,06,Internal Medicine,Claim-Specialty,Acetaminophen-Codeine,Acetaminophen With Codeine,17,17,467,207.14,,,17,17,207.14,467,*,
1003053851,Jeng,Aaron,San Gabriel,CA,06,Internal Medicine,Claim-Specialty,Acyclovir,Acyclovir,20,21,499,173.25,,,20,21,173.25,499,*,
1003053851,Jeng,Aaron,San Gabriel,CA,06,Internal Medicine,Claim-Specialty,Advair Diskus,Fluticasone Propion/Salmeterol,14,14,420,5728.22,,,14,14,5728.22,420,*,
1003053851,Jeng,Aaron,San Gabriel,CA,06,Internal Medicine,Claim-Specialty,Albuterol Sulfate Hfa,Albuterol Sulfate,62,75.9,1888,2558.06,28,,44,57.3,1834.12,1464,#,
1003053851,Jeng,Aaron,San Gabriel,CA,06,Internal Medicine,Claim-Specialty,Alcohol Prep Pads,Alcohol Antiseptic Pads,13,15.1,408,370.35,,#,,,,,*,
1003053851,Jeng,Aaron,San Gabriel,CA,06,Internal Medicine,Claim-Specialty,Alendronate Sodium,Alendronate Sodium,45,103,3038,568.39,16,#,,,,,#,
1003053851,Jeng,Aaron,San Gabriel,CA,06,Internal Medicine,Claim-Specialty,Allopurinol,Allopurinol,105,159.6,4628,1566.46,26,,105,159.6,1566.46,4628,,26
1003053851,Jeng,Aaron,San Gabriel,CA,06,Internal Medicine,Claim-Specialty,Alogliptin,Alogliptin Benzoate,18,18,269,1818.97,,,18,18,1818.97,269,*,
1003053851,Jeng,Aaron,San Gabriel,CA,06,Internal Medicine,Claim-Specialty,Alprazolam,Alprazolam,84,84,2387,454.9,16,,84,84,454.9,2387,,16
1003053851,Jeng,Aaron,San Gabriel,CA,06,Internal Medicine,Claim-Specialty,Amantadine,Amantadine Hcl,12,14.3,431,560.7,,,12,14.3,560.7,431,*,
1003053851,Jeng,Aaron,San Gabriel,CA,06,Internal Medicine,Claim-Specialty,Amiodarone Hcl,Amiodarone Hcl,69,89,2107,1478.48,20,,69,89,1478.48,2107,,20
1003053851,Jeng,Aaron,San Gabriel,CA,06,Internal Medicine,Claim-Specialty,Amitriptyline Hcl,Amitriptyline Hcl,20,24.1,647,706.33,,,20,24.1,706.33,647,*,
1003053851,Jeng,Aaron,San Gabriel,CA,06,Internal Medicine,Claim-Specialty,Amlodipine Besylate,Amlodipine Besylate,601,1152.9,33413,4945.45,163,,575,1114.8,4779.23,32335,#,
1003053851,Jeng,Aaron,San Gabriel,CA,06,Internal Medicine,Claim-Specialty,Amoxicillin-Clavulanate Potass,Amoxicillin/Potassium Clav,32,32,246,701.95,28,#,,,,,#,
1003053851,Jeng,Aaron,San Gabriel,CA,06,Internal Medicine,Claim-Specialty,Anoro Ellipta,Umeclidinium Brm/Vilanterol Tr,44,47,1410,22182.05,,,44,47,22182.05,1410,*,
1003053851,Jeng,Aaron,San Gabriel,CA,06,Internal Medicine,Claim-Specialty,Aripiprazole,Aripiprazole,13,13.3,383,2782.54,,*,,,,,*,
1003053851,Jeng,Aaron,San Gabriel,CA,06,Internal Medicine,Claim-Specialty,Atenolol,Atenolol,81,173.5,5205,514.82,19,,81,173.5,514.82,5205,,19
1003053851,Jeng,Aaron,San Gabriel,CA,06,Internal Medicine,Claim-Specialty,Atorvastatin Calcium,Atorvastatin Calcium,644,1057.5,29602,8473.32,173,,613,1026.3,8033.24,28781,#,
1003053851,Jeng,Aaron,San Gabriel,CA,06,Internal Medicine,Claim-Specialty,Azithromycin,Azithromycin,58,58,288,409.64,52,#,,,,,#,
1003053851,Jeng,Aaron,San Gabriel,CA,06,Internal Medicine,Claim-Specialty,Baclofen,Baclofen,71,83.4,1932,2692.57,20,,59,71.2,2449.65,1639,#,
1003053851,Jeng,Aaron,San Gabriel,CA,06,Internal Medicine,Claim-Specialty,Basaglar Kwikpen U-100,"Insulin Glargine,hum.Rec.Anlog",36,45.7,1309,8140.42,13,#,,,,,#,
1003053851,Jeng,Aaron,San Gabriel,CA,06,Internal Medicine,Claim-Specialty,Benazepril Hcl,Benazepril Hcl,60,95.1,2524,582.31,16,,60,95.1,582.31,2524,,16
1003053851,Jeng,Aaron,San Gabriel,CA,06,Internal Medicine,Claim-Specialty,Bupropion Xl,Bupropion Hcl,34,50.2,1506,468.88,,#,,,,,*,
1003053851,Jeng,Aaron,San Gabriel,CA,06,Internal Medicine,Claim-Specialty,Carbidopa-Levodopa,Carbidopa/Levodopa,36,36.7,1059,1648.09,,,36,36.7,1648.09,1059,*,
1003053851,Jeng,Aaron,San Gabriel,CA,06,Internal Medicine,Claim-Specialty,Carvedilol,Carvedilol,123,165.4,4344,996.37,31,,95,137.4,815.75,3920,#,
1003053851,Jeng,Aaron,San Gabriel,CA,06,Internal Medicine,Claim-Specialty,Ceftriaxone,Ceftriaxone Sodium,19,19,100,1671.9,14,#,,,,,#,
1003053851,Jeng,Aaron,San Gabriel,CA,06,Internal Medicine,Claim-Specialty,Celecoxib,Celecoxib,21,27.1,749,528.98,,,21,27.1,528.98,749,*,
1003053851,Jeng,Aaron,San Gabriel,CA,06,Internal Medicine,Claim-Specialty,Cephalexin,Cephalexin,44,44.5,431,975.09,38,#,,,,,#,
1003053851,Jeng,Aaron,San Gabriel,CA,06,Internal Medicine,Claim-Specialty,Cilostazol,Cilostazol,14,14.2,341,263.83,,,14,14.2,263.83,341,*,
1003053851,Jeng,Aaron,San Gabriel,CA,06,Internal Medicine,Claim-Specialty,Ciprofloxacin Hcl,Ciprofloxacin Hcl,43,43.5,359,415.28,34,#,,,,,#,
1003053851,Jeng,Aaron,San Gabriel,CA,06,Internal Medicine,Claim-Specialty,Citalopram Hbr,Citalopram Hydrobromide,30,58.6,1744,263.93,,,30,58.6,263.93,1744,*,
1003053851,Jeng,Aaron,San Gabriel,CA,06,Internal Medicine,Claim-Specialty,Clonazepam,Clonazepam,32,32.1,922,261.12,,#,,,,,*,
1003053851,Jeng,Aaron,San Gabriel,CA,06,Internal Medicine,Claim-Specialty,Clonidine Hcl,Clonidine Hcl,29,39.4,964,366.47,18,#,,,,,#,
1003053851,Jeng,Aaron,San Gabriel,CA,06,Internal Medicine,Claim-Specialty,Clopidogrel,Clopidogrel Bisulfate,88,144.4,4020,1122.15,22,,88,144.4,1122.15,4020,,22
1003053851,Jeng,Aaron,San Gabriel,CA,06,Internal Medicine,Claim-Specialty,Clotrimazole-Betamethasone,Clotrimazole/Betamethasone Dip,18,19,415,602.63,13,#,,,,,#,
1003053851,Jeng,Aaron,San Gabriel,CA,06,Internal Medicine,Claim-Specialty,Colchicine,Colchicine,14,18,483,1655.73,,,14,18,1655.73,483,*,
1003053851,Jeng,Aaron,San Gabriel,CA,06,Internal Medicine,Claim-Specialty,Comfort Ez Pen Needle,"Pen Needle, Diabetic",22,35.3,1030,1975.78,,#,,,,,*,
1003053851,Jeng,Aaron,San Gabriel,CA,06,Internal Medicine,Claim-Specialty,Constulose,Lactulose,11,11,137,406.72,,,11,11,406.72,137,*,
1003053851,Jeng,Aaron,San Gabriel,CA,06,Internal Medicine,Claim-Specialty,Corlanor,Ivabradine Hcl,25,25,346,7016.47,,,25,25,7016.47,346,*,
1003053851,Jeng,Aaron,San Gabriel,CA,06,Internal Medicine,Claim-Specialty,Cyclobenzaprine Hcl,Cyclobenzaprine Hcl,22,22.1,591,143.54,,*,,,,,*,
1003053851,Jeng,Aaron,San Gabriel,CA,06,Internal Medicine,Claim-Specialty,Dexilant,Dexlansoprazole,20,20,286,2478.79,,,20,20,2478.79,286,*,
1003053851,Jeng,Aaron,San Gabriel,CA,06,Internal Medicine,Claim-Specialty,Diazepam,Diazepam,36,36,1045,177.57,,,15,15,40.41,415,*,
1003053851,Jeng,Aaron,San Gabriel,CA,06,Internal Medicine,Claim-Specialty,Digoxin,Digoxin,19,25,641,354.63,,,19,25,354.63,641,*,
1003053851,Jeng,Aaron,San Gabriel,CA,06,Internal Medicine,Claim-Specialty,Diltiazem Hcl,Diltiazem Hcl,13,13.1,360,1210.91,,,13,13.1,1210.91,360,*,
1003053851,Jeng,Aaron,San Gabriel,CA,06,Internal Medicine,Claim-Specialty,Divalproex Sodium,Divalproex Sodium,40,43,1234,1681.45,,,25,27.7,1061.77,799,*,
1003053851,Jeng,Aaron,San Gabriel,CA,06,Internal Medicine,Claim-Specialty,Donepezil Hcl,Donepezil Hcl,85,123.8,3355,1613.81,22,#,,,,,#,
1003053851,Jeng,Aaron,San Gabriel,CA,06,Internal Medicine,Claim-Specialty,Dronabinol,Dronabinol,12,12,240,981.48,,,0,0,0,0,#,
1003053851,Jeng,Aaron,San Gabriel,CA,06,Internal Medicine,Claim-Specialty,Duloxetine Hcl,Duloxetine Hcl,15,17,495,854.78,,,15,17,854.78,495,*,
1003053851,Jeng,Aaron,San Gabriel,CA,06,Internal Medicine,Claim-Specialty,Eliquis,Apixaban,162,196.2,4753,95427.8,41,#,,,,,#,
1003053851,Jeng,Aaron,San Gabriel,CA,06,Internal Medicine,Claim-Specialty,Enbrel,Etanercept,11,11,308,79550.38,,,11,11,79550.38,308,*,
1003053851,Jeng,Aaron,San Gabriel,CA,06,Internal Medicine,Claim-Specialty,Ertapenem,Ertapenem Sodium,12,12,43,3163.26,,#,,,,,*,
1003053851,Jeng,Aaron,San Gabriel,CA,06,Internal Medicine,Claim-Specialty,Escitalopram Oxalate,Escitalopram Oxalate,62,92.5,2704,731.09,18,#,,,,,#,
1003053851,Jeng,Aaron,San Gabriel,CA,06,Internal Medicine,Claim-Specialty,Estradiol,Estradiol,16,25,750,1980.72,,,16,25,1980.72,750,*,
1003053851,Jeng,Aaron,San Gabriel,CA,06,Internal Medicine,Claim-Specialty,Ezetimibe,Ezetimibe,26,32.1,803,956.92,,,26,32.1,956.92,803,*,
1003053851,Jeng,Aaron,San Gabriel,CA,06,Internal Medicine,Claim-Specialty,Famotidine,Famotidine,73,84.5,2319,908.16,19,,58,69.3,814.14,1864,#,
1003053851,Jeng,Aaron,San Gabriel,CA,06,Internal Medicine,Claim-Specialty,Farxiga,Dapagliflozin Propanediol,17,17,345,6867.12,,,17,17,6867.12,345,*,
1003053851,Jeng,Aaron,San Gabriel,CA,06,Internal Medicine,Claim-Specialty,Felodipine Er,Felodipine,17,28.3,840,716.86,,,17,28.3,716.86,840,*,
1003053851,Jeng,Aaron,San Gabriel,CA,06,Internal Medicine,Claim-Specialty,Fenofibrate,Fenofibrate,37,37,694,2995.73,,,11,11,215.82,330,*,
1003053851,Jeng,Aaron,San Gabriel,CA,06,Internal Medicine,Claim-Specialty,Fenofibric Acid,Fenofibric Acid (Choline),32,42,1231,1527.56,,,32,42,1527.56,1231,*,
1003053851,Jeng,Aaron,San Gabriel,CA,06,Internal Medicine,Claim-Specialty,Fentanyl,Fentanyl,14,14,360,1164.24,,,0,0,0,0,#,
1003053851,Jeng,Aaron,San Gabriel,CA,06,Internal Medicine,Claim-Specialty,Finasteride,Finasteride,106,166.7,4838,1687.75,28,#,,,,,#,
1003053851,Jeng,Aaron,San Gabriel,CA,06,Internal Medicine,Claim-Specialty,Fluoxetine Hcl,Fluoxetine Hcl,20,20.2,568,318.18,,*,,,,,*,
1003053851,Jeng,Aaron,San Gabriel,CA,06,Internal Medicine,Claim-Specialty,Fluticasone Propionate,Fluticasone Propionate,14,14.1,402,298.35,,#,,,,,*,
1003053851,Jeng,Aaron,San Gabriel,CA,06,Internal Medicine,Claim-Specialty,Fluticasone-Salmeterol,Fluticasone Propion/Salmeterol,15,15,450,3319.72,,,15,15,3319.72,450,*,
1003053851,Jeng,Aaron,San Gabriel,CA,06,Internal Medicine,Claim-Specialty,Furosemide,Furosemide,225,267.1,7474,1258.69,50,,199,238,1073.3,6646,#,
1003053851,Jeng,Aaron,San Gabriel,CA,06,Internal Medicine,Claim-Specialty,Gabapentin,Gabapentin,196,215.6,5491,2820.89,47,,174,193.4,2428.17,4848,#,
1003053851,Jeng,Aaron,San Gabriel,CA,06,Internal Medicine,Claim-Specialty,Gemfibrozil,Gemfibrozil,11,29.6,874,295.24,,,11,29.6,295.24,874,*,
1003053851,Jeng,Aaron,San Gabriel,CA,06,Internal Medicine,Claim-Specialty,Glipizide,Glipizide,63,95.1,2786,567.61,19,,51,83.1,494.23,2446,#,
1003053851,Jeng,Aaron,San Gabriel,CA,06,Internal Medicine,Claim-Specialty,Glipizide Er,Glipizide,13,15.1,397,123.13,,,13,15.1,123.13,397,*,
1003053851,Jeng,Aaron,San Gabriel,CA,06,Internal Medicine,Claim-Specialty,Humalog Kwikpen U-100,Insulin Lispro,17,26,586,6142.03,,,17,26,6142.03,586,*,
1003053851,Jeng,Aaron,San Gabriel,CA,06,Internal Medicine,Claim-Specialty,Hydralazine Hcl,Hydralazine Hcl,94,100.7,2473,1670.61,27,#,,,,,#,
1003053851,Jeng,Aaron,San Gabriel,CA,06,Internal Medicine,Claim-Specialty,Hydrochlorothiazide,Hydrochlorothiazide,135,230.7,6451,779.79,26,,106,201.7,644.46,6031,#,
1003053851,Jeng,Aaron,San Gabriel,CA,06,Internal Medicine,Claim-Specialty,Hydrocodone-Acetaminophen,Hydrocodone/Acetaminophen,114,115,1994,2203.28,39,#,,,,,#,
1003053851,Jeng,Aaron,San Gabriel,CA,06,Internal Medicine,Claim-Specialty,Hydroxyzine Hcl,Hydroxyzine Hcl,15,15.1,452,383.19,,,15,15.1,383.19,452,*,
1003053851,Jeng,Aaron,San Gabriel,CA,06,Internal Medicine,Claim-Specialty,Insulin Lispro,Insulin Lispro,18,27.7,720,1307.69,,,18,27.7,1307.69,720,*,
1003053851,Jeng,Aaron,San Gabriel,CA,06,Internal Medicine,Claim-Specialty,Insulin Lispro Kwikpen U-100,Insulin Lispro,20,22.7,331,1151.25,,,20,22.7,1151.25,331,*,
1003053851,Jeng,Aaron,San Gabriel,CA,06,Internal Medicine,Claim-Specialty,Ipratropium-Albuterol,Ipratropium/Albuterol Sulfate,14,14,119,323.39,,,14,14,323.39,119,*,
1003053851,Jeng,Aaron,San Gabriel,CA,06,Internal Medicine,Claim-Specialty,Irbesartan,Irbesartan,11,33,990,685.58,,,11,33,685.58,990,*,
1003053851,Jeng,Aaron,San Gabriel,CA,06,Internal Medicine,Claim-Specialty,Isosorbide Dinitrate,Isosorbide Dinitrate,11,11.2,306,288.9,,*,,,,,*,
1003053851,Jeng,Aaron,San Gabriel,CA,06,Internal Medicine,Claim-Specialty,Isosorbide Mononitrate Er,Isosorbide Mononitrate,36,36.2,979,674.41,,,36,36.2,674.41,979,*,
1003053851,Jeng,Aaron,San Gabriel,CA,06,Internal Medicine,Claim-Specialty,Janumet Xr,Sitagliptin Phos/Metformin Hcl,16,24,720,13391.12,,,16,24,13391.12,720,*,
1003053851,Jeng,Aaron,San Gabriel,CA,06,Internal Medicine,Claim-Specialty,Januvia,Sitagliptin Phosphate,12,24,720,13614.91,,*,,,,,*,
1003053851,Jeng,Aaron,San Gabriel,CA,06,Internal Medicine,Claim-Specialty,Jardiance,Empagliflozin,15,25,712,15013.24,,,15,25,15013.24,712,*,
1003053851,Jeng,Aaron,San Gabriel,CA,06,Internal Medicine,Claim-Specialty,Lactulose,Lactulose,21,21,317,715.81,,#,,,,,*,
1003053851,Jeng,Aaron,San Gabriel,CA,06,Internal Medicine,Claim-Specialty,Lansoprazole,Lansoprazole,11,11,330,40.83,,,11,11,40.83,330,*,
1003053851,Jeng,Aaron,San Gabriel,CA,06,Internal Medicine,Claim-Specialty,Lantus,"Insulin Glargine,hum.Rec.Anlog",14,22.1,623,8155.24,,,14,22.1,8155.24,623,*,
1003053851,Jeng,Aaron,San Gabriel,CA,06,Internal Medicine,Claim-Specialty,Lantus Solostar,"Insulin Glargine,hum.Rec.Anlog",85,119.3,2975,31722.56,22,#,,,,,#,
1003053851,Jeng,Aaron,San Gabriel,CA,06,Internal Medicine,Claim-Specialty,Latanoprost,Latanoprost,39,43.2,1101,838.81,12,,39,43.2,838.81,1101,,12
1003053851,Jeng,Aaron,San Gabriel,CA,06,Internal Medicine,Claim-Specialty,Levetiracetam,Levetiracetam,50,50.4,1469,1096.27,12,,39,39.4,792.39,1155,#,
1003053851,Jeng,Aaron,San Gabriel,CA,06,Internal Medicine,Claim-Specialty,Levofloxacin,Levofloxacin,53,53,400,394.32,45,#,,,,,#,
1003053851,Jeng,Aaron,San Gabriel,CA,06,Internal Medicine,Claim-Specialty,Levothyroxine Sodium,Levothyroxine Sodium,380,753.5,22246,6823.83,98,#,,,,,#,
1003053851,Jeng,Aaron,San Gabriel,CA,06,Internal Medicine,Claim-Specialty,Linzess,Linaclotide,34,40.1,1187,21956.48,,#,,,,,*,
1003053851,Jeng,Aaron,San Gabriel,CA,06,Internal Medicine,Claim-Specialty,Lisinopril,Lisinopril,193,277.8,7926,2202.64,49,,172,256.7,2074.78,7313,#,
1003053851,Jeng,Aaron,San Gabriel,CA,06,Internal Medicine,Claim-Specialty,Lofena,Diclofenac Potassium,13,13,340,22844.08,,#,,,,,*,
1003053851,Jeng,Aaron,San Gabriel,CA,06,Internal Medicine,Claim-Specialty,Lorazepam,Lorazepam,77,78,1805,627.58,22,,62,63,451.66,1466,#,
1003053851,Jeng,Aaron,San Gabriel,CA,06,Internal Medicine,Claim-Specialty,Losartan Potassium,Losartan Potassium,321,550.8,15888,4309.07,90,,293,514.6,3996.85,14888,#,
1003053851,Jeng,Aaron,San Gabriel,CA,06,Internal Medicine,Claim-Specialty,Losartan-Hydrochlorothiazide,Losartan/Hydrochlorothiazide,37,105,3150,669.53,11,,37,105,669.53,3150,,11
1003053851,Jeng,Aaron,San Gabriel,CA,06,Internal Medicine,Claim-Specialty,Lovastatin,Lovastatin,21,43.1,1293,245.67,,,21,43.1,245.67,1293,*,
1003053851,Jeng,Aaron,San Gabriel,CA,06,Internal Medicine,Claim-Specialty,Lubiprostone,Lubiprostone,16,20,600,4973.94,,,16,20,4973.94,600,*,
1003053851,Jeng,Aaron,San Gabriel,CA,06,Internal Medicine,Claim-Specialty,Megestrol Acetate,Megestrol Acetate,21,22,585,1370.9,,,21,22,1370.9,585,*,
1003053851,Jeng,Aaron,San Gabriel,CA,06,Internal Medicine,Claim-Specialty,Meloxicam,Meloxicam,47,54.3,1619,263.98,14,,35,42.3,148.47,1270,#,
1003053851,Jeng,Aaron,San Gabriel,CA,06,Internal Medicine,Claim-Specialty,Memantine Hcl,Memantine Hcl,58,70.5,1746,3021.63,,,58,70.5,3021.63,1746,*,
1003053851,Jeng,Aaron,San Gabriel,CA,06,Internal Medicine,Claim-Specialty,Metformin Hcl,Metformin Hcl,284,442.1,12720,2798.63,69,,202,350.8,2262.49,10451,,58
1003053851,Jeng,Aaron,San Gabriel,CA,06,Internal Medicine,Claim-Specialty,Methocarbamol,Methocarbamol,17,17,351,211.57,,*,,,,,*,
1003053851,Jeng,Aaron,San Gabriel,CA,06,Internal Medicine,Claim-Specialty,Metoprolol Succinate,Metoprolol Succinate,140,211,6137,2824.97,37,#,,,,,#,
1003053851,Jeng,Aaron,San Gabriel,CA,06,Internal Medicine,Claim-Specialty,Metoprolol Tartrate,Metoprolol Tartrate,210,301.3,7992,1466.3,51,,198,289.1,1397.65,7645,#,
1003053851,Jeng,Aaron,San Gabriel,CA,06,Internal Medicine,Claim-Specialty,Metronidazole,Metronidazole,13,13,180,1034.36,,,13,13,1034.36,180,*,
1003053851,Jeng,Aaron,San Gabriel,CA,06,Internal Medicine,Claim-Specialty,Midodrine Hcl,Midodrine Hcl,22,22.2,571,2126.74,,,22,22.2,2126.74,571,*,
1003053851,Jeng,Aaron,San Gabriel,CA,06,Internal Medicine,Claim-Specialty,Mirtazapine,Mirtazapine,74,74.9,1760,1642.76,13,#,,,,,#,
1003053851,Jeng,Aaron,San Gabriel,CA,06,Internal Medicine,Claim-Specialty,Montelukast Sodium,Montelukast Sodium,32,39.1,1130,439.67,,,32,39.1,439.67,1130,*,
1003053851,Jeng,Aaron,San Gabriel,CA,06,Internal Medicine,Claim-Specialty,Morphine Sulfate Er,Morphine Sulfate,16,16,321,239.73,,,16,16,239.73,321,*,
1003053851,Jeng,Aaron,San Gabriel,CA,06,Internal Medicine,Claim-Specialty,Myrbetriq,Mirabegron,26,26,500,7835.7,,#,,,,,*,
1003053851,Jeng,Aaron,San Gabriel,CA,06,Internal Medicine,Claim-Specialty,Naproxen,Naproxen,15,19,555,90.39,,,15,19,90.39,555,*,
1003053851,Jeng,Aaron,San Gabriel,CA,06,Internal Medicine,Claim-Specialty,Nebivolol Hcl,Nebivolol Hcl,18,26,676,832.88,,,18,26,832.88,676,*,
1003053851,Jeng,Aaron,San Gabriel,CA,06,Internal Medicine,Claim-Specialty,Neupro,Rotigotine,26,26,378,19777.71,,,26,26,19777.71,378,*,
1003053851,Jeng,Aaron,San Gabriel,CA,06,Internal Medicine,Claim-Specialty,Nifedipine Er,Nifedipine,41,79,2280,1780.92,,#,,,,,*,
1003053851,Jeng,Aaron,San Gabriel,CA,06,Internal Medicine,Claim-Specialty,Nitroglycerin,Nitroglycerin,14,14,337,359.02,,,14,14,359.02,337,*,
1003053851,Jeng,Aaron,San Gabriel,CA,06,Internal Medicine,Claim-Specialty,Nortriptyline Hcl,Nortriptyline Hcl,21,22.4,672,237.13,,#,,,,,*,
1003053851,Jeng,Aaron,San Gabriel,CA,06,Internal Medicine,Claim-Specialty,Novofine Autocover,"Pen Needle, Diabetic, Safety",11,11,330,1030.64,,*,,,,,*,
1003053851,Jeng,Aaron,San Gabriel,CA,06,Internal Medicine,Claim-Specialty,Novolog Flexpen,Insulin Aspart,13,13.8,335,4323.67,,*,,,,,*,
1003053851,Jeng,Aaron,San Gabriel,CA,06,Internal Medicine,Claim-Specialty,Olanzapine,Olanzapine,11,13.1,317,388.4,,*,,,,,*,
1003053851,Jeng,Aaron,San Gabriel,CA,06,Internal Medicine,Claim-Specialty,Olmesartan Medoxomil,Olmesartan Medoxomil,33,47,1010,1219.47,,*,,,,,*,
1003053851,Jeng,Aaron,San Gabriel,CA,06,Internal Medicine,Claim-Specialty,Omeprazole,Omeprazole,181,231.6,6346,2065.52,42,,165,215.5,1963.84,5875,#,
1003053851,Jeng,Aaron,San Gabriel,CA,06,Internal Medicine,Claim-Specialty,Omeprazole-Sodium Bicarbonate,Omeprazole/Sodium Bicarbonate,15,15,434,13457.25,,#,,,,,*,
1003053851,Jeng,Aaron,San Gabriel,CA,06,Internal Medicine,Claim-Specialty,Ondansetron Hcl,Ondansetron Hcl,14,14,71,356.78,,,14,14,356.78,71,*,
1003053851,Jeng,Aaron,San Gabriel,CA,06,Internal Medicine,Claim-Specialty,Oxybutynin Chloride,Oxybutynin Chloride,45,53.1,1404,793.99,,,45,53.1,793.99,1404,*,
1003053851,Jeng,Aaron,San Gabriel,CA,06,Internal Medicine,Claim-Specialty,Oxybutynin Chloride Er,Oxybutynin Chloride,22,38,1108,656.49,,,22,38,656.49,1108,*,
1003053851,Jeng,Aaron,San Gabriel,CA,06,Internal Medicine,Claim-Specialty,Oxycodone Hcl,Oxycodone Hcl,38,38,692,941.44,,,13,13,138.09,132,*,
1003053851,Jeng,Aaron,San Gabriel,CA,06,Internal Medicine,Claim-Specialty,Pantoprazole Sodium,Pantoprazole Sodium,151,220.8,6482,2778.74,42,,129,194.5,2401.61,5745,#,
1003053851,Jeng,Aaron,San Gabriel,CA,06,Internal Medicine,Claim-Specialty,Paroxetine Hcl,Paroxetine Hcl,25,27.2,782,248.32,,,11,13,141.41,369,*,
1003053851,Jeng,Aaron,San Gabriel,CA,06,Internal Medicine,Claim-Specialty,Paxlovid (Eua),Nirmatrelvir/Ritonavir,14,14,70,147.5,14,#,,,,,#,
1003053851,Jeng,Aaron,San Gabriel,CA,06,Internal Medicine,Claim-Specialty,Phenytoin Sodium Extended,Phenytoin Sodium Extended,17,21.1,465,433.46,,,17,21.1,433.46,465,*,
1003053851,Jeng,Aaron,San Gabriel,CA,06,Internal Medicine,Claim-Specialty,Potassium Chloride,Potassium Chloride,114,149.2,4233,2691.05,34,,103,138.1,2577.39,3939,#,
1003053851,Jeng,Aaron,San Gabriel,CA,06,Internal Medicine,Claim-Specialty,Potassium Citrate Er,Potassium Citrate,20,40,1200,999.33,,,20,40,999.33,1200,*,
1003053851,Jeng,Aaron,San Gabriel,CA,06,Internal Medicine,Claim-Specialty,Pramipexole Dihydrochloride,Pramipexole Di-Hcl,14,14.1,297,133.43,,,14,14.1,133.43,297,*,
1003053851,Jeng,Aaron,San Gabriel,CA,06,Internal Medicine,Claim-Specialty,Pravastatin Sodium,Pravastatin Sodium,33,71.2,2119,605.29,11,,33,71.2,605.29,2119,,11
1003053851,Jeng,Aaron,San Gabriel,CA,06,Internal Medicine,Claim-Specialty,Prednisone,Prednisone,24,28,323,124.11,21,,24,28,124.11,323,,21
1003053851,Jeng,Aaron,San Gabriel,CA,06,Internal Medicine,Claim-Specialty,Pregabalin,Pregabalin,27,28,528,1544.67,,,27,28,1544.67,528,*,
1003053851,Jeng,Aaron,San Gabriel,CA,06,Internal Medicine,Claim-Specialty,Propranolol Hcl,Propranolol Hcl,16,20.3,561,444.12,,#,,,,,*,
1003053851,Jeng,Aaron,San Gabriel,CA,06,Internal Medicine,Claim-Specialty,Quetiapine Fumarate,Quetiapine Fumarate,132,149.4,3980,3347.14,28,,117,134.4,2668.55,3557,#,
1003053851,Jeng,Aaron,San Gabriel,CA,06,Internal Medicine,Claim-Specialty,Rabeprazole Sodium,Rabeprazole Sodium,12,12,360,43.92,,,12,12,43.92,360,*,
1003053851,Jeng,Aaron,San Gabriel,CA,06,Internal Medicine,Claim-Specialty,Ramipril,Ramipril,24,44,1320,184.18,,,24,44,184.18,1320,*,
1003053851,Jeng,Aaron,San Gabriel,CA,06,Internal Medicine,Claim-Specialty,Ranolazine Er,Ranolazine,37,37.1,592,2183.79,,,37,37.1,2183.79,592,*,
1003053851,Jeng,Aaron,San Gabriel,CA,06,Internal Medicine,Claim-Specialty,Risperidone,Risperidone,59,67.9,1856,619.24,12,,46,46.7,427.49,1248,*,
1003053851,Jeng,Aaron,San Gabriel,CA,06,Internal Medicine,Claim-Specialty,Ropinirole Hcl,Ropinirole Hcl,19,27.2,764,710.14,,,19,27.2,710.14,764,*,
1003053851,Jeng,Aaron,San Gabriel,CA,06,Internal Medicine,Claim-Specialty,Rosuvastatin Calcium,Rosuvastatin Calcium,166,301.2,8249,4501.12,36,,125,256.2,3234.19,7299,#,
1003053851,Jeng,Aaron,San Gabriel,CA,06,Internal Medicine,Claim-Specialty,Santyl,Collagenase Clostridium Hist.,15,15,337,17739.63,11,*,,,,,*,
1003053851,Jeng,Aaron,San Gabriel,CA,06,Internal Medicine,Claim-Specialty,Sertraline Hcl,Sertraline Hcl,63,99.2,2911,839.28,19,#,,,,,#,
1003053851,Jeng,Aaron,San Gabriel,CA,06,Internal Medicine,Claim-Specialty,Sevelamer Carbonate,Sevelamer Carbonate,18,18.2,403,3744.91,,,18,18.2,3744.91,403,*,
1003053851,Jeng,Aaron,San Gabriel,CA,06,Internal Medicine,Claim-Specialty,Simvastatin,Simvastatin,87,177.8,5303,829.89,26,#,,,,,#,
1003053851,Jeng,Aaron,San Gabriel,CA,06,Internal Medicine,Claim-Specialty,Sodium Chloride,0.9 % Sodium Chloride,50,51,260,1171.95,15,#,,,,,#,
1003053851,Jeng,Aaron,San Gabriel,CA,06,Internal Medicine,Claim-Specialty,Spironolactone,Spironolactone,41,67.3,1979,680.44,13,#,,,,,#,
1003053851,Jeng,Aaron,San Gabriel,CA,06,Internal Medicine,Claim-Specialty,Sucralfate,Sucralfate,32,32.1,813,2216.49,,#,,,,,*,
1003053851,Jeng,Aaron,San Gabriel,CA,06,Internal Medicine,Claim-Specialty,Sulfamethoxazole-Trimethoprim,Sulfamethoxazole/Trimethoprim,14,14,152,108.09,13,,14,14,108.09,152,,13
1003053851,Jeng,Aaron,San Gabriel,CA,06,Internal Medicine,Claim-Specialty,Symbicort,Budesonide/Formoterol Fumarate,30,34,1020,11757.81,,#,,,,,*,
1003053851,Jeng,Aaron,San Gabriel,CA,06,Internal Medicine,Claim-Specialty,Synthroid,Levothyroxine Sodium,45,118,3540,3184.82,12,,45,118,3184.82,3540,,12
1003053851,Jeng,Aaron,San Gabriel,CA,06,Internal Medicine,Claim-Specialty,Tamsulosin Hcl,Tamsulosin Hcl,310,482.9,14017,6046.05,77,#,,,,,#,
1003053851,Jeng,Aaron,San Gabriel,CA,06,Internal Medicine,Claim-Specialty,Telmisartan,Telmisartan,18,45,1318,600.66,,,18,45,600.66,1318,*,
1003053851,Jeng,Aaron,San Gabriel,CA,06,Internal Medicine,Claim-Specialty,Temazepam,Temazepam,16,16,471,162.72,,,16,16,162.72,471,*,
1003053851,Jeng,Aaron,San Gabriel,CA,06,Internal Medicine,Claim-Specialty,Terazosin Hcl,Terazosin Hcl,26,34,1014,679.24,,,26,34,679.24,1014,*,
1003053851,Jeng,Aaron,San Gabriel,CA,06,Internal Medicine,Claim-Specialty,Timolol Maleate,Timolol Maleate,20,40.5,1191,337.12,,#,,,,,*,
1003053851,Jeng,Aaron,San Gabriel,CA,06,Internal Medicine,Claim-Specialty,Tizanidine Hcl,Tizanidine Hcl,14,14.3,337,543.12,,*,,,,,*,
1003053851,Jeng,Aaron,San Gabriel,CA,06,Internal Medicine,Claim-Specialty,Topiramate,Topiramate,14,24,704,160.94,,*,,,,,*,
1003053851,Jeng,Aaron,San Gabriel,CA,06,Internal Medicine,Claim-Specialty,Tramadol Hcl,Tramadol Hcl,55,55,1132,341.52,20,#,,,,,#,
1003053851,Jeng,Aaron,San Gabriel,CA,06,Internal Medicine,Claim-Specialty,Trazodone Hcl,Trazodone Hcl,95,122.1,3439,983.85,22,,76,94.8,814.48,2643,#,
1003053851,Jeng,Aaron,San Gabriel,CA,06,Internal Medicine,Claim-Specialty,Triamcinolone Acetonide,Triamcinolone Acetonide,16,16.3,432,237.59,,#,,,,,*,
1003053851,Jeng,Aaron,San Gabriel,CA,06,Internal Medicine,Claim-Specialty,Valsartan,Valsartan,49,107.1,3197,1837.93,13,,49,107.1,1837.93,3197,,13
1003053851,Jeng,Aaron,San Gabriel,CA,06,Internal Medicine,Claim-Specialty,Valsartan-Hydrochlorothiazide,Valsartan/Hydrochlorothiazide,43,119,3570,1988.48,14,#,,,,,#,
1003053851,Jeng,Aaron,San Gabriel,CA,06,Internal Medicine,Claim-Specialty,Warfarin Sodium,Warfarin Sodium,14,18,292,80.84,,#,,,,,*,
1003053851,Jeng,Aaron,San Gabriel,CA,06,Internal Medicine,Claim-Specialty,Xarelto,Rivaroxaban,40,66.2,1724,31471.03,11,,40,66.2,31471.03,1724,,11
1003053851,Jeng,Aaron,San Gabriel,CA,06,Internal Medicine,Claim-Specialty,Zolpidem Tartrate,Zolpidem Tartrate,62,63.5,1850,455.86,16,#,,,,,#,
1003053950,Narayan,Archana,Escondido,CA,06,Internal Medicine,NPPES-Specialty,Albuterol Sulfate Hfa,Albuterol Sulfate,133,174.9,4800,6028.92,40,,91,112.1,3371.78,3047,,28
1003053950,Narayan,Archana,Escondido,CA,06,Internal Medicine,NPPES-Specialty,Alendronate Sodium,Alendronate Sodium,68,149.6,4442,1528.41,17,#,,,,,#,
1003053950,Narayan,Archana,Escondido,CA,06,Internal Medicine,NPPES-Specialty,Allopurinol,Allopurinol,40,100,3000,591.52,,,40,100,591.52,3000,*,
1003053950,Narayan,Archana,Escondido,CA,06,Internal Medicine,NPPES-Specialty,Amlodipine Besylate,Amlodipine Besylate,193,400.1,11971,2679.34,48,,169,356.1,2423.63,10651,#,
1003053950,Narayan,Archana,Escondido,CA,06,Internal Medicine,NPPES-Specialty,Amoxicillin-Clavulanate Potass,Amoxicillin/Potassium Clav,14,14,98,91,13,#,,,,,#,
1003053950,Narayan,Archana,Escondido,CA,06,Internal Medicine,NPPES-Specialty,Anoro Ellipta,Umeclidinium Brm/Vilanterol Tr,16,16,480,7086.46,,,0,0,0,0,#,
1003053950,Narayan,Archana,Escondido,CA,06,Internal Medicine,NPPES-Specialty,Atenolol,Atenolol,39,81,2430,555.67,11,,27,57,452.32,1710,*,
1003053950,Narayan,Archana,Escondido,CA,06,Internal Medicine,NPPES-Specialty,Atorvastatin Calcium,Atorvastatin Calcium,427,861.3,25713,9606.41,97,,345,692.3,7723.28,20643,,78
1003053950,Narayan,Archana,Escondido,CA,06,Internal Medicine,NPPES-Specialty,Atrovent Hfa,Ipratropium Bromide,20,22,655,10689.5,,,20,22,10689.5,655,*,
1003053950,Narayan,Archana,Escondido,CA,06,Internal Medicine,NPPES-Specialty,Azelastine Hcl,Azelastine Hcl,12,15.4,460,241.9,,*,,,,,*,
1003053950,Narayan,Archana,Escondido,CA,06,Internal Medicine,NPPES-Specialty,Baclofen,Baclofen,21,24.3,710,1217.1,,*,,,,,*,
1003053950,Narayan,Archana,Escondido,CA,06,Internal Medicine,NPPES-Specialty,Basaglar Kwikpen U-100,"Insulin Glargine,hum.Rec.Anlog",41,73.9,2212,14143.93,,#,,,,,*,
1003053950,Narayan,Archana,Escondido,CA,06,Internal Medicine,NPPES-Specialty,Bumetanide,Bumetanide,13,21,630,363.09,,,13,21,363.09,630,*,
1003053950,Narayan,Archana,Escondido,CA,06,Internal Medicine,NPPES-Specialty,Bupropion Hcl Sr,Bupropion Hcl,16,16,480,553.64,,#,,,,,*,
1003053950,Narayan,Archana,Escondido,CA,06,Internal Medicine,NPPES-Specialty,Buspirone Hcl,Buspirone Hcl,25,35,1050,653.54,,#,,,,,*,
1003053950,Narayan,Archana,Escondido,CA,06,Internal Medicine,NPPES-Specialty,Carvedilol,Carvedilol,74,142.7,4269,1494.38,15,,53,111.2,1202.64,3324,#,
1003053950,Narayan,Archana,Escondido,CA,06,Internal Medicine,NPPES-Specialty,Chlorthalidone,Chlorthalidone,64,96,2848,1109.03,15,#,,,,,#,
1003053950,Narayan,Archana,Escondido,CA,06,Internal Medicine,NPPES-Specialty,Clopidogrel,Clopidogrel Bisulfate,11,19,570,206.91,,,11,19,206.91,570,*,
1003053950,Narayan,Archana,Escondido,CA,06,Internal Medicine,NPPES-Specialty,Clotrimazole,Clotrimazole,11,11,298,377.17,,,11,11,377.17,298,*,
1003053950,Narayan,Archana,Escondido,CA,06,Internal Medicine,NPPES-Specialty,Combivent Respimat,Ipratropium/Albuterol Sulfate,15,15,444,6995.61,,#,,,,,*,
1003053950,Narayan,Archana,Escondido,CA,06,Internal Medicine,NPPES-Specialty,Cyclobenzaprine Hcl,Cyclobenzaprine Hcl,27,27,750,392.34,13,,11,11,116.82,330,*,
1003053950,Narayan,Archana,Escondido,CA,06,Internal Medicine,NPPES-Specialty,Dexlansoprazole Dr,Dexlansoprazole,14,24,720,5814.65,,,14,24,5814.65,720,*,
1003053950,Narayan,Archana,Escondido,CA,06,Internal Medicine,NPPES-Specialty,Diclofenac Sodium,Diclofenac Sodium,167,175.9,3897,6040.84,58,,133,141.9,5243.66,3201,#,
1003053950,Narayan,Archana,Escondido,CA,06,Internal Medicine,NPPES-Specialty,Donepezil Hcl,Donepezil Hcl,20,30,900,322.02,,,20,30,322.02,900,*,
1003053950,Narayan,Archana,Escondido,CA,06,Internal Medicine,NPPES-Specialty,Doxycycline Hyclate,Doxycycline Hyclate,13,13,91,233.79,12,*,,,,,*,
1003053950,Narayan,Archana,Escondido,CA,06,Internal Medicine,NPPES-Specialty,Eliquis,Apixaban,15,19,545,10786.29,,*,,,,,*,
1003053950,Narayan,Archana,Escondido,CA,06,Internal Medicine,NPPES-Specialty,Escitalopram Oxalate,Escitalopram Oxalate,13,21,609,310.33,,#,,,,,*,
1003053950,Narayan,Archana,Escondido,CA,06,Internal Medicine,NPPES-Specialty,Famotidine,Famotidine,40,68,2040,396.65,11,#,,,,,*,
1003053950,Narayan,Archana,Escondido,CA,06,Internal Medicine,NPPES-Specialty,Fenofibrate,Fenofibrate Nanocrystallized,17,51,1530,855.84,,,17,51,855.84,1530,*,
1003053950,Narayan,Archana,Escondido,CA,06,Internal Medicine,NPPES-Specialty,Fenofibrate,"Fenofibrate,micronized",18,28,840,642.44,,*,,,,,*,
1003053950,Narayan,Archana,Escondido,CA,06,Internal Medicine,NPPES-Specialty,Finasteride,Finasteride,27,65,1950,579.72,,,27,65,579.72,1950,*,
1003053950,Narayan,Archana,Escondido,CA,06,Internal Medicine,NPPES-Specialty,Fluoxetine Hcl,Fluoxetine Hcl,50,58,1740,502.83,,,18,20,101.35,600,*,
1003053950,Narayan,Archana,Escondido,CA,06,Internal Medicine,NPPES-Specialty,Fluticasone Propionate,Fluticasone Propionate,78,141,4230,1347.98,28,#,,,,,#,
1003053950,Narayan,Archana,Escondido,CA,06,Internal Medicine,NPPES-Specialty,Fluticasone-Salmeterol,Fluticasone Propion/Salmeterol,13,20,600,2105.64,,*,,,,,*,
1003053950,Narayan,Archana,Escondido,CA,06,Internal Medicine,NPPES-Specialty,Furosemide,Furosemide,56,81.2,2421,342.48,14,,29,47.2,245.34,1401,*,
1003053950,Narayan,Archana,Escondido,CA,06,Internal Medicine,NPPES-Specialty,Gabapentin,Gabapentin,124,170,5078,1955.63,28,,80,112,1060.5,3338,#,
1003053950,Narayan,Archana,Escondido,CA,06,Internal Medicine,NPPES-Specialty,Gemfibrozil,Gemfibrozil,17,27,810,240.84,,*,,,,,*,
1003053950,Narayan,Archana,Escondido,CA,06,Internal Medicine,NPPES-Specialty,Glimepiride,Glimepiride,13,24,720,313.39,,,13,24,313.39,720,*,
1003053950,Narayan,Archana,Escondido,CA,06,Internal Medicine,NPPES-Specialty,Glipizide,Glipizide,34,74,2220,168.57,11,#,,,,,*,
1003053950,Narayan,Archana,Escondido,CA,06,Internal Medicine,NPPES-Specialty,Hydralazine Hcl,Hydralazine Hcl,12,26,780,312.11,,*,,,,,*,
1003053950,Narayan,Archana,Escondido,CA,06,Internal Medicine,NPPES-Specialty,Hydrochlorothiazide,Hydrochlorothiazide,59,118,3540,278.21,15,#,,,,,#,
1003053950,Narayan,Archana,Escondido,CA,06,Internal Medicine,NPPES-Specialty,Hydrocodone-Acetaminophen,Hydrocodone/Acetaminophen,24,24,604,601.49,,#,,,,,*,
1003053950,Narayan,Archana,Escondido,CA,06,Internal Medicine,NPPES-Specialty,Hydroxyzine Hcl,Hydroxyzine Hcl,25,29,870,538.78,,*,,,,,*,
1003053950,Narayan,Archana,Escondido,CA,06,Internal Medicine,NPPES-Specialty,Hydroxyzine Pamoate,Hydroxyzine Pamoate,18,26,780,151.83,,#,,,,,*,
1003053950,Narayan,Archana,Escondido,CA,06,Internal Medicine,NPPES-Specialty,Ibuprofen,Ibuprofen,20,20,203,101.97,,#,,,,,*,
1003053950,Narayan,Archana,Escondido,CA,06,Internal Medicine,NPPES-Specialty,Januvia,Sitagliptin Phosphate,16,24,720,13508.94,,,16,24,13508.94,720,*,
1003053950,Narayan,Archana,Escondido,CA,06,Internal Medicine,NPPES-Specialty,Jardiance,Empagliflozin,161,208,6208,126709.42,28,,130,177,107756.02,5292,#,
1003053950,Narayan,Archana,Escondido,CA,06,Internal Medicine,NPPES-Specialty,Ketoconazole,Ketoconazole,15,16,480,359.84,,#,,,,,*,
1003053950,Narayan,Archana,Escondido,CA,06,Internal Medicine,NPPES-Specialty,Lantus,"Insulin Glargine,hum.Rec.Anlog",23,33.7,868,15228.91,,,23,33.7,15228.91,868,*,
1003053950,Narayan,Archana,Escondido,CA,06,Internal Medicine,NPPES-Specialty,Lantus Solostar,"Insulin Glargine,hum.Rec.Anlog",38,75.6,2268,31145.84,11,,27,49.1,22150,1473,*,
1003053950,Narayan,Archana,Escondido,CA,06,Internal Medicine,NPPES-Specialty,Levetiracetam,Levetiracetam,20,34,1020,1795.44,,,20,34,1795.44,1020,*,
1003053950,Narayan,Archana,Escondido,CA,06,Internal Medicine,NPPES-Specialty,Levothyroxine Sodium,Levothyroxine Sodium,123,247.9,7410,2135.98,27,,112,220.2,1863.91,6580,#,
1003053950,Narayan,Archana,Escondido,CA,06,Internal Medicine,NPPES-Specialty,Levoxyl,Levothyroxine Sodium,13,13,390,9.5,,,13,13,9.5,390,*,
1003053950,Narayan,Archana,Escondido,CA,06,Internal Medicine,NPPES-Specialty,Lisinopril,Lisinopril,218,500,14911,3061.35,56,,167,391,2314.9,11698,,43
1003053950,Narayan,Archana,Escondido,CA,06,Internal Medicine,NPPES-Specialty,Losartan Potassium,Losartan Potassium,207,423.5,12688,3627.58,50,,193,383.5,3553.98,11488,#,
1003053950,Narayan,Archana,Escondido,CA,06,Internal Medicine,NPPES-Specialty,Meclizine Hcl,Meclizine Hcl,17,17,275,151.99,,#,,,,,*,
1003053950,Narayan,Archana,Escondido,CA,06,Internal Medicine,NPPES-Specialty,Metformin Hcl,Metformin Hcl,206,455.2,13629,2739.56,57,,171,386.2,2357.96,11574,#,
1003053950,Narayan,Archana,Escondido,CA,06,Internal Medicine,NPPES-Specialty,Metformin Hcl Er,Metformin Hcl,61,112.7,3363,763.75,14,,41,78,651.01,2323,*,
1003053950,Narayan,Archana,Escondido,CA,06,Internal Medicine,NPPES-Specialty,Methimazole,Methimazole,14,20.2,607,233.5,,,14,20.2,233.5,607,*,
1003053950,Narayan,Archana,Escondido,CA,06,Internal Medicine,NPPES-Specialty,Metoprolol Succinate,Metoprolol Succinate,29,59,1728,501.87,,,29,59,501.87,1728,*,
1003053950,Narayan,Archana,Escondido,CA,06,Internal Medicine,NPPES-Specialty,Metoprolol Tartrate,Metoprolol Tartrate,62,135,4050,768.3,16,,51,108,611.77,3240,#,
1003053950,Narayan,Archana,Escondido,CA,06,Internal Medicine,NPPES-Specialty,Mirtazapine,Mirtazapine,14,21,630,349.26,,,14,21,349.26,630,*,
1003053950,Narayan,Archana,Escondido,CA,06,Internal Medicine,NPPES-Specialty,Montelukast Sodium,Montelukast Sodium,30,81,2430,522.22,,#,,,,,*,
1003053950,Narayan,Archana,Escondido,CA,06,Internal Medicine,NPPES-Specialty,Nortriptyline Hcl,Nortriptyline Hcl,12,12,360,165.47,,,12,12,165.47,360,*,
1003053950,Narayan,Archana,Escondido,CA,06,Internal Medicine,NPPES-Specialty,Nystatin,Nystatin,19,19,328,305.23,,#,,,,,*,
1003053950,Narayan,Archana,Escondido,CA,06,Internal Medicine,NPPES-Specialty,Omeprazole,Omeprazole,140,272,8038,2150.81,37,,96,190,1630.74,5578,#,
1003053950,Narayan,Archana,Escondido,CA,06,Internal Medicine,NPPES-Specialty,Ondansetron Hcl,Ondansetron Hcl,39,47,1352,405.78,15,,27,35,327.16,1020,#,
1003053950,Narayan,Archana,Escondido,CA,06,Internal Medicine,NPPES-Specialty,Oxybutynin Chloride,Oxybutynin Chloride,15,33.1,994,904.87,,*,,,,,*,
1003053950,Narayan,Archana,Escondido,CA,06,Internal Medicine,NPPES-Specialty,Ozempic,Semaglutide,40,48.5,1396,47125.59,,,26,34.5,33788.36,992,*,
1003053950,Narayan,Archana,Escondido,CA,06,Internal Medicine,NPPES-Specialty,Pantoprazole Sodium,Pantoprazole Sodium,39,95,2829,957.57,13,#,,,,,#,
1003053950,Narayan,Archana,Escondido,CA,06,Internal Medicine,NPPES-Specialty,Paxlovid (Eua),Nirmatrelvir/Ritonavir,11,11,80,117.24,,*,,,,,*,
1003053950,Narayan,Archana,Escondido,CA,06,Internal Medicine,NPPES-Specialty,Phenobarbital,Phenobarbital,11,11,330,448.25,,,0,0,0,0,#,
1003053950,Narayan,Archana,Escondido,CA,06,Internal Medicine,NPPES-Specialty,Potassium Chloride,Potassium Chloride,35,51,1530,725.23,,#,,,,,*,
1003053950,Narayan,Archana,Escondido,CA,06,Internal Medicine,NPPES-Specialty,Pravastatin Sodium,Pravastatin Sodium,32,60,1800,1123.17,,#,,,,,*,
1003053950,Narayan,Archana,Escondido,CA,06,Internal Medicine,NPPES-Specialty,Prednisone,Prednisone,21,21,163,97.09,17,#,,,,,#,
1003053950,Narayan,Archana,Escondido,CA,06,Internal Medicine,NPPES-Specialty,Pregabalin,Pregabalin,11,14,420,542.92,,*,,,,,*,
1003053950,Narayan,Archana,Escondido,CA,06,Internal Medicine,NPPES-Specialty,Propranolol Hcl,Propranolol Hcl,21,39.2,1175,616.02,,,21,39.2,616.02,1175,*,
1003053950,Narayan,Archana,Escondido,CA,06,Internal Medicine,NPPES-Specialty,Qvar Redihaler,Beclomethasone Dipropionate,16,33,990,5542.61,,,16,33,5542.61,990,*,
1003053950,Narayan,Archana,Escondido,CA,06,Internal Medicine,NPPES-Specialty,Rosuvastatin Calcium,Rosuvastatin Calcium,16,38,1097,690.69,,,16,38,690.69,1097,*,
1003053950,Narayan,Archana,Escondido,CA,06,Internal Medicine,NPPES-Specialty,Rybelsus,Semaglutide,30,34,1020,31468.48,,#,,,,,*,
1003053950,Narayan,Archana,Escondido,CA,06,Internal Medicine,NPPES-Specialty,Sertraline Hcl,Sertraline Hcl,49,61,1830,701.15,,,38,50,552.15,1500,*,
1003053950,Narayan,Archana,Escondido,CA,06,Internal Medicine,NPPES-Specialty,Simvastatin,Simvastatin,45,131,3930,815.17,16,#,,,,,#,
1003053950,Narayan,Archana,Escondido,CA,06,Internal Medicine,NPPES-Specialty,Spiriva Respimat,Tiotropium Bromide,28,28,840,14015.43,,,13,13,6550.23,390,*,
1003053950,Narayan,Archana,Escondido,CA,06,Internal Medicine,NPPES-Specialty,Spironolactone,Spironolactone,17,41,1230,242.52,,*,,,,,*,
1003053950,Narayan,Archana,Escondido,CA,06,Internal Medicine,NPPES-Specialty,Sucralfate,Sucralfate,17,19,570,544.87,,,17,19,544.87,570,*,
1003053950,Narayan,Archana,Escondido,CA,06,Internal Medicine,NPPES-Specialty,Sulfamethoxazole-Trimethoprim,Sulfamethoxazole/Trimethoprim,16,16,112,99.55,15,#,,,,,#,
1003053950,Narayan,Archana,Escondido,CA,06,Internal Medicine,NPPES-Specialty,Symbicort,Budesonide/Formoterol Fumarate,17,19,570,6357.6,,#,,,,,*,
1003053950,Narayan,Archana,Escondido,CA,06,Internal Medicine,NPPES-Specialty,Synthroid,Levothyroxine Sodium,14,18,540,778.88,,*,,,,,*,
1003053950,Narayan,Archana,Escondido,CA,06,Internal Medicine,NPPES-Specialty,Tamsulosin Hcl,Tamsulosin Hcl,109,195,5850,3167.35,22,,93,173,2882.37,5190,#,
1003053950,Narayan,Archana,Escondido,CA,06,Internal Medicine,NPPES-Specialty,Tradjenta,Linagliptin,24,40.1,1187,19724.34,,#,,,,,*,
1003053950,Narayan,Archana,Escondido,CA,06,Internal Medicine,NPPES-Specialty,Tramadol Hcl,Tramadol Hcl,39,41,1187,243.26,11,#,,,,,*,
1003053950,Narayan,Archana,Escondido,CA,06,Internal Medicine,NPPES-Specialty,Trazodone Hcl,Trazodone Hcl,79,95,2850,1193.2,14,,58,64,961.3,1920,*,
1003053950,Narayan,Archana,Escondido,CA,06,Internal Medicine,NPPES-Specialty,Triamcinolone Acetonide,Triamcinolone Acetonide,31,31,693,227.36,16,#,,,,,#,
1003053950,Narayan,Archana,Escondido,CA,06,Internal Medicine,NPPES-Specialty,Trueplus Pen Needle,"Pen Needle, Diabetic",14,22.7,680,276.1,,,14,22.7,276.1,680,*,
1003053950,Narayan,Archana,Escondido,CA,06,Internal Medicine,NPPES-Specialty,Trulicity,Dulaglutide,104,112.4,3224,107775.22,15,#,,,,,#,
1003053950,Narayan,Archana,Escondido,CA,06,Internal Medicine,NPPES-Specialty,Ventolin Hfa,Albuterol Sulfate,15,18.3,536,1059.75,,,15,18.3,1059.75,536,*,
1003055377,Ananian,Arby,Burbank,CA,06,Dentist,NPPES-Specialty,Amoxicillin,Amoxicillin,30,30,165,96.97,22,#,,,,,#,
1003056516,Khemichian,Arbi,Torrance,CA,06,Ophthalmology,Claim-Specialty,Alphagan P,Brimonidine Tartrate,29,41.8,1177,10210.94,,,29,41.8,10210.94,1177,*,
1003056516,Khemichian,Arbi,Torrance,CA,06,Ophthalmology,Claim-Specialty,Brimonidine Tartrate-Timolol,Brimonidine Tartrate/Timolol,11,29.5,885,6280.65,,,11,29.5,6280.65,885,*,
1003056516,Khemichian,Arbi,Torrance,CA,06,Ophthalmology,Claim-Specialty,Cequa,Cyclosporine,25,29,870,16627.74,,,25,29,16627.74,870,*,
1003056516,Khemichian,Arbi,Torrance,CA,06,Ophthalmology,Claim-Specialty,Combigan,Brimonidine Tartrate/Timolol,35,40.8,1114,9481.08,,,35,40.8,9481.08,1114,*,
1003056516,Khemichian,Arbi,Torrance,CA,06,Ophthalmology,Claim-Specialty,Cyclosporine,Cyclosporine,36,46,1380,15589.05,11,#,,,,,*,
1003056516,Khemichian,Arbi,Torrance,CA,06,Ophthalmology,Claim-Specialty,Difluprednate,Difluprednate,47,62.7,1849,6505.25,33,#,,,,,#,
1003056516,Khemichian,Arbi,Torrance,CA,06,Ophthalmology,Claim-Specialty,Dorzolamide Hcl,Dorzolamide Hcl,19,40.7,1220,209.99,,,19,40.7,209.99,1220,*,
1003056516,Khemichian,Arbi,Torrance,CA,06,Ophthalmology,Claim-Specialty,Dorzolamide-Timolol,Dorzolamide Hcl/Timolol Maleat,48,92.9,2786,1948.78,17,,48,92.9,1948.78,2786,,17
1003056516,Khemichian,Arbi,Torrance,CA,06,Ophthalmology,Claim-Specialty,Erythromycin,Erythromycin Base,56,56,811,697.06,22,#,,,,,#,
1003056516,Khemichian,Arbi,Torrance,CA,06,Ophthalmology,Claim-Specialty,Ilevro,Nepafenac,82,113.5,3388,31316.19,63,#,,,,,#,
1003056516,Khemichian,Arbi,Torrance,CA,06,Ophthalmology,Claim-Specialty,Ketorolac Tromethamine,Ketorolac Tromethamine,53,112.1,3322,1277.38,47,#,,,,,#,
1003056516,Khemichian,Arbi,Torrance,CA,06,Ophthalmology,Claim-Specialty,Latanoprost,Latanoprost,146,347.9,10288,3565.92,42,,146,347.9,3565.92,10288,,42
1003056516,Khemichian,Arbi,Torrance,CA,06,Ophthalmology,Claim-Specialty,Lumigan,Bimatoprost,72,147.3,4267,38623.18,21,,72,147.3,38623.18,4267,,21
1003056516,Khemichian,Arbi,Torrance,CA,06,Ophthalmology,Claim-Specialty,Neomycin-Polymyxin-Dexameth,Neomycin/Polymyxin B/Dexametha,28,29.7,512,342.51,22,,28,29.7,342.51,512,,22
1003056516,Khemichian,Arbi,Torrance,CA,06,Ophthalmology,Claim-Specialty,Ofloxacin,Ofloxacin,153,154,3571,2233.26,106,#,,,,,#,
1003056516,Khemichian,Arbi,Torrance,CA,06,Ophthalmology,Claim-Specialty,Prednisolone Acetate,Prednisolone Acetate,157,195.6,5203,6713.01,102,#,,,,,#,
1003056516,Khemichian,Arbi,Torrance,CA,06,Ophthalmology,Claim-Specialty,Restasis,Cyclosporine,135,195,5850,129278.93,38,#,,,,,#,
1003056516,Khemichian,Arbi,Torrance,CA,06,Ophthalmology,Claim-Specialty,Simbrinza,Brinzolamide/Brimonidine Tart,25,54.6,1595,9380.09,,,25,54.6,9380.09,1595,*,
1003056516,Khemichian,Arbi,Torrance,CA,06,Ophthalmology,Claim-Specialty,Timolol Maleate,Timolol Maleate,78,148.4,4342,2284.9,23,,78,148.4,2284.9,4342,,23
1003056516,Khemichian,Arbi,Torrance,CA,06,Ophthalmology,Claim-Specialty,Tobramycin-Dexamethasone,Tobramycin/Dexamethasone,88,101.2,2413,4907.02,81,#,,,,,#,
1003056516,Khemichian,Arbi,Torrance,CA,06,Ophthalmology,Claim-Specialty,Travoprost,Travoprost,26,50,1440,8076.98,,#,,,,,*,
1003056516,Khemichian,Arbi,Torrance,CA,06,Ophthalmology,Claim-Specialty,Valacyclovir,Valacyclovir Hcl,14,14,249,1148.23,,,14,14,1148.23,249,*,
1003056516,Khemichian,Arbi,Torrance,CA,06,Ophthalmology,Claim-Specialty,Xiidra,Lifitegrast,41,60,1800,43223.38,,,25,44,31407.46,1320,*,
1003057886,Roleson,Ryan,Bakersfield,CA,06,Emergency Medicine,Claim-Specialty,Cephalexin,Cephalexin,14,14,109,119.86,14,*,,,,,*,
1003058207,Reddy,Sireesha,Reedley,CA,06,Family Practice,Claim-Specialty,Allopurinol,Allopurinol,21,32,960,259.32,,#,,,,,*,
1003058207,Reddy,Sireesha,Reedley,CA,06,Family Practice,Claim-Specialty,Amlodipine Besylate,Amlodipine Besylate,30,46,1380,317.69,,,19,33,215.57,990,*,
1003058207,Reddy,Sireesha,Reedley,CA,06,Family Practice,Claim-Specialty,Atorvastatin Calcium,Atorvastatin Calcium,41,75,2250,1108.37,18,,29,46,696.89,1380,#,
1003058207,Reddy,Sireesha,Reedley,CA,06,Family Practice,Claim-Specialty,Fluoxetine Hcl,Fluoxetine Hcl,16,16,480,223.17,,,0,0,0,0,#,
1003058207,Reddy,Sireesha,Reedley,CA,06,Family Practice,Claim-Specialty,Gabapentin,Gabapentin,11,11,314,862.76,,*,,,,,*,
1003058207,Reddy,Sireesha,Reedley,CA,06,Family Practice,Claim-Specialty,Levothyroxine Sodium,Levothyroxine Sodium,36,60.3,1735,473.78,,,24,44.3,276.14,1255,*,
1003058207,Reddy,Sireesha,Reedley,CA,06,Family Practice,Claim-Specialty,Lisinopril,Lisinopril,22,56,1680,377.35,12,#,,,,,*,
1003058207,Reddy,Sireesha,Reedley,CA,06,Family Practice,Claim-Specialty,Metformin Hcl,Metformin Hcl,19,40,1200,325.73,,#,,,,,*,
1003058207,Reddy,Sireesha,Reedley,CA,06,Family Practice,Claim-Specialty,Omeprazole,Omeprazole,18,31,930,438.62,,#,,,,,*,
1003058207,Reddy,Sireesha,Reedley,CA,06,Family Practice,Claim-Specialty,Ozempic,Semaglutide,12,12,338,12096.39,,,12,12,12096.39,338,*,
1003058207,Reddy,Sireesha,Reedley,CA,06,Family Practice,Claim-Specialty,Sertraline Hcl,Sertraline Hcl,13,20,600,220.72,,*,,,,,*,
1003058207,Reddy,Sireesha,Reedley,CA,06,Family Practice,Claim-Specialty,Tamsulosin Hcl,Tamsulosin Hcl,13,19,570,217.9,,#,,,,,*,
1003058207,Reddy,Sireesha,Reedley,CA,06,Family Practice,Claim-Specialty,Trelegy Ellipta,Fluticasone/Umeclidin/Vilanter,13,13,390,8980.35,,,13,13,8980.35,390,*,
1003058678,Cresante,Thomas,Walnut Creek,CA,06,Internal Medicine,Claim-Specialty,Cefpodoxime Proxetil,Cefpodoxime Proxetil,30,30,159,643.36,30,#,,,,,#,
1003058678,Cresante,Thomas,Walnut Creek,CA,06,Internal Medicine,Claim-Specialty,Doxycycline Monohydrate,Doxycycline Monohydrate,11,11,52,91.03,11,*,,,,,*,
1003058678,Cresante,Thomas,Walnut Creek,CA,06,Internal Medicine,Claim-Specialty,Furosemide,Furosemide,21,25,735,176.01,21,,21,25,176.01,735,,21
1003058678,Cresante,Thomas,Walnut Creek,CA,06,Internal Medicine,Claim-Specialty,Metoprolol Succinate,Metoprolol Succinate,13,13,390,126.34,11,,13,13,126.34,390,,11
1003058678,Cresante,Thomas,Walnut Creek,CA,06,Internal Medicine,Claim-Specialty,Metoprolol Tartrate,Metoprolol Tartrate,11,19,570,82.32,11,,11,19,82.32,570,,11
1003058678,Cresante,Thomas,Walnut Creek,CA,06,Internal Medicine,Claim-Specialty,Pantoprazole Sodium,Pantoprazole Sodium,13,21.3,640,147.98,12,#,,,,,#,
1003060492,Stevens,Seth,Thousand Oaks,CA,06,Dermatology,Claim-Specialty,Amjevita(Cf),Adalimumab-Atto,14,14,392,23858.8,,,14,14,23858.8,392,*,
1003060492,Stevens,Seth,Thousand Oaks,CA,06,Dermatology,Claim-Specialty,Betamethasone Diprop Augmented,Betamethasone/Propylene Glyc,184,213.8,6149,7190.47,82,#,,,,,#,
1003060492,Stevens,Seth,Thousand Oaks,CA,06,Dermatology,Claim-Specialty,Clindamycin Phosphate,Clindamycin Phosphate,53,60.3,1800,1325.6,27,#,,,,,#,
1003060492,Stevens,Seth,Thousand Oaks,CA,06,Dermatology,Claim-Specialty,Clobetasol Propionate,Clobetasol Propionate,94,108,3157,2547.1,43,,94,108,2547.1,3157,,43
1003060492,Stevens,Seth,Thousand Oaks,CA,06,Dermatology,Claim-Specialty,Cosentyx Sensoready (2 Pens),Secukinumab,66,66.9,1892,321161.08,11,,54,54.9,255875.98,1546,*,
1003060492,Stevens,Seth,Thousand Oaks,CA,06,Dermatology,Claim-Specialty,Doxycycline Monohydrate,Doxycycline Monohydrate,25,77,2280,1241.04,13,#,,,,,#,
1003060492,Stevens,Seth,Thousand Oaks,CA,06,Dermatology,Claim-Specialty,Dupixent Syringe,Dupilumab,23,23,584,79375.28,,,23,23,79375.28,584,*,
1003060492,Stevens,Seth,Thousand Oaks,CA,06,Dermatology,Claim-Specialty,Fluocinolone Acetonide,Fluocinolone Acetonide,13,13,374,398.96,,,13,13,398.96,374,*,
1003060492,Stevens,Seth,Thousand Oaks,CA,06,Dermatology,Claim-Specialty,Fluocinonide,Fluocinonide,66,68,1953,2008.77,32,,66,68,2008.77,1953,,32
1003060492,Stevens,Seth,Thousand Oaks,CA,06,Dermatology,Claim-Specialty,Fluorouracil,Fluorouracil,296,299,7383,12147.12,229,#,,,,,#,
1003060492,Stevens,Seth,Thousand Oaks,CA,06,Dermatology,Claim-Specialty,Imiquimod,Imiquimod,28,39.2,1146,812.91,17,,28,39.2,812.91,1146,,17
1003060492,Stevens,Seth,Thousand Oaks,CA,06,Dermatology,Claim-Specialty,Ketoconazole,Ketoconazole,43,43,1272,672.46,18,,43,43,672.46,1272,,18
1003060492,Stevens,Seth,Thousand Oaks,CA,06,Dermatology,Claim-Specialty,Methotrexate,Methotrexate Sodium,11,31.8,952,206.02,,,11,31.8,206.02,952,*,
1003060492,Stevens,Seth,Thousand Oaks,CA,06,Dermatology,Claim-Specialty,Metronidazole,Metronidazole,68,72,2076,1109.36,38,#,,,,,#,
1003060492,Stevens,Seth,Thousand Oaks,CA,06,Dermatology,Claim-Specialty,Minocycline Hcl,Minocycline Hcl,20,61.9,1860,1351.88,,,20,61.9,1351.88,1860,*,
1003060492,Stevens,Seth,Thousand Oaks,CA,06,Dermatology,Claim-Specialty,Minoxidil,Minoxidil,17,45,1350,220.57,,,17,45,220.57,1350,*,
1003060492,Stevens,Seth,Thousand Oaks,CA,06,Dermatology,Claim-Specialty,Mupirocin,Mupirocin,14,14,158,167.94,,#,,,,,*,
1003060492,Stevens,Seth,Thousand Oaks,CA,06,Dermatology,Claim-Specialty,Nystatin,Nystatin,19,19,441,334.34,15,,19,19,334.34,441,,15
1003060492,Stevens,Seth,Thousand Oaks,CA,06,Dermatology,Claim-Specialty,Retin-A,Tretinoin,47,53,1590,2033.89,27,,47,53,2033.89,1590,,27
1003060492,Stevens,Seth,Thousand Oaks,CA,06,Dermatology,Claim-Specialty,Spironolactone,Spironolactone,36,102,3060,1183.38,12,,36,102,1183.38,3060,,12
1003060492,Stevens,Seth,Thousand Oaks,CA,06,Dermatology,Claim-Specialty,Tacrolimus,Tacrolimus,94,95,2304,5710.11,50,#,,,,,#,
1003060492,Stevens,Seth,Thousand Oaks,CA,06,Dermatology,Claim-Specialty,Terbinafine Hcl,Terbinafine Hcl,16,30.8,860,318.22,12,#,,,,,#,
1003060492,Stevens,Seth,Thousand Oaks,CA,06,Dermatology,Claim-Specialty,Triamcinolone Acetonide,Triamcinolone Acetonide,152,179.1,5032,3375.54,103,,140,161.1,3079.78,4492,#,
1003060492,Stevens,Seth,Thousand Oaks,CA,06,Dermatology,Claim-Specialty,Valacyclovir,Valacyclovir Hcl,42,44.3,214,474.51,,#,,,,,*,
1003060898,Levine,David,Riverside,CA,06,Physician Assistant,Claim-Specialty,Hydrocodone-Acetaminophen,Hydrocodone/Acetaminophen,12,12,40,35.6,11,*,,,,,*,
1003061532,Jacobs,Jesse,Santa Barbara,CA,06,Physician Assistant,Claim-Specialty,Amitriptyline Hcl,Amitriptyline Hcl,14,16,451,112.33,,*,,,,,*,
1003061532,Jacobs,Jesse,Santa Barbara,CA,06,Physician Assistant,Claim-Specialty,Baclofen,Baclofen,27,29,803,267.85,,,12,12,75.72,338,*,
1003061532,Jacobs,Jesse,Santa Barbara,CA,06,Physician Assistant,Claim-Specialty,Celecoxib,Celecoxib,15,20,600,1170.17,,*,,,,,*,
1003061532,Jacobs,Jesse,Santa Barbara,CA,06,Physician Assistant,Claim-Specialty,Cyclobenzaprine Hcl,Cyclobenzaprine Hcl,47,49,1395,613.58,19,#,,,,,#,
1003061532,Jacobs,Jesse,Santa Barbara,CA,06,Physician Assistant,Claim-Specialty,Diclofenac Sodium,Diclofenac Sodium,31,32,595,814.2,17,,17,17,417.03,287,*,
1003061532,Jacobs,Jesse,Santa Barbara,CA,06,Physician Assistant,Claim-Specialty,Gabapentin,Gabapentin,61,65,1930,1501.22,23,,37,37,1117.5,1090,#,
1003061532,Jacobs,Jesse,Santa Barbara,CA,06,Physician Assistant,Claim-Specialty,Hydrocodone-Acetaminophen,Hydrocodone/Acetaminophen,174,174,4993,5280.16,52,,114,114,3474.45,3262,,33
1003061532,Jacobs,Jesse,Santa Barbara,CA,06,Physician Assistant,Claim-Specialty,Ibuprofen,Ibuprofen,21,21,630,114.43,,#,,,,,*,
1003061532,Jacobs,Jesse,Santa Barbara,CA,06,Physician Assistant,Claim-Specialty,Meloxicam,Meloxicam,27,34,1020,334.88,,#,,,,,*,
1003061532,Jacobs,Jesse,Santa Barbara,CA,06,Physician Assistant,Claim-Specialty,Morphine Sulfate Er,Morphine Sulfate,29,29,870,1397.09,,#,,,,,*,
1003061532,Jacobs,Jesse,Santa Barbara,CA,06,Physician Assistant,Claim-Specialty,Naloxone Hcl,Naloxone Hcl,13,13,149,1159.42,12,*,,,,,*,
1003061532,Jacobs,Jesse,Santa Barbara,CA,06,Physician Assistant,Claim-Specialty,Naproxen,Naproxen,19,22,660,155.39,,*,,,,,*,
1003061532,Jacobs,Jesse,Santa Barbara,CA,06,Physician Assistant,Claim-Specialty,Omeprazole,Omeprazole,12,14,404,72.3,,*,,,,,*,
1003061532,Jacobs,Jesse,Santa Barbara,CA,06,Physician Assistant,Claim-Specialty,Oxycodone Hcl,Oxycodone Hcl,26,26,780,439.73,,,14,14,178.86,420,*,
1003061532,Jacobs,Jesse,Santa Barbara,CA,06,Physician Assistant,Claim-Specialty,Oxycodone-Acetaminophen,Oxycodone Hcl/Acetaminophen,30,30,852,1142.11,15,#,,,,,*,
1003061532,Jacobs,Jesse,Santa Barbara,CA,06,Physician Assistant,Claim-Specialty,Pregabalin,Pregabalin,75,79,2365,3215.42,23,,51,55,2040.47,1650,#,
1003061532,Jacobs,Jesse,Santa Barbara,CA,06,Physician Assistant,Claim-Specialty,Tizanidine Hcl,Tizanidine Hcl,32,32,930,376.99,14,,21,21,156.61,615,*,
1003061532,Jacobs,Jesse,Santa Barbara,CA,06,Physician Assistant,Claim-Specialty,Tramadol Hcl,Tramadol Hcl,29,29,688,436.37,11,,12,12,90.28,314,*,
1003063488,Mikhailovsky,Anna,Ventura,CA,06,Family Practice,Claim-Specialty,Atorvastatin Calcium,Atorvastatin Calcium,31,62.7,1854,680.86,12,,20,44,187.65,1320,*,
1003063488,Mikhailovsky,Anna,Ventura,CA,06,Family Practice,Claim-Specialty,Levothyroxine Sodium,Levothyroxine Sodium,18,48.7,1445,320.01,,#,,,,,*,
1003063488,Mikhailovsky,Anna,Ventura,CA,06,Family Practice,Claim-Specialty,Lisinopril,Lisinopril,13,29,870,250.13,,#,,,,,*,
1003063488,Mikhailovsky,Anna,Ventura,CA,06,Family Practice,Claim-Specialty,Losartan Potassium,Losartan Potassium,12,26,780,180.02,,,12,26,180.02,780,*,
1003063488,Mikhailovsky,Anna,Ventura,CA,06,Family Practice,Claim-Specialty,Metoprolol Tartrate,Metoprolol Tartrate,15,41,1230,88.86,,,15,41,88.86,1230,*,
1003063918,Aklilu,Ephraim,San Francisco,CA,06,Student in an Organized Health Care Education/Training Program,NPPES-Taxonomy,Acetaminophen-Codeine,Acetaminophen With Codeine,14,14,40,105.99,13,,14,14,105.99,40,,13
1003063918,Aklilu,Ephraim,San Francisco,CA,06,Student in an Organized Health Care Education/Training Program,NPPES-Taxonomy,Amoxicillin,Amoxicillin,123,123,861,907.25,104,#,,,,,#,
1003063918,Aklilu,Ephraim,San Francisco,CA,06,Student in an Organized Health Care Education/Training Program,NPPES-Taxonomy,Chlorhexidine Gluconate,Chlorhexidine Gluconate,143,143,2236,1539.46,121,#,,,,,#,
1003063918,Aklilu,Ephraim,San Francisco,CA,06,Student in an Organized Health Care Education/Training Program,NPPES-Taxonomy,Clindamycin Hcl,Clindamycin Hcl,27,27,210,370.74,22,#,,,,,#,
1003063918,Aklilu,Ephraim,San Francisco,CA,06,Student in an Organized Health Care Education/Training Program,NPPES-Taxonomy,Hydrocodone-Acetaminophen,Hydrocodone/Acetaminophen,53,53,177,335.74,49,#,,,,,#,
1003063918,Aklilu,Ephraim,San Francisco,CA,06,Student in an Organized Health Care Education/Training Program,NPPES-Taxonomy,Ibuprofen,Ibuprofen,109,109,501,590.58,93,#,,,,,#,
1003064353,Eriksen,Niklaus,Anaheim,CA,06,Otolaryngology,Claim-Specialty,Hydrocodone-Acetaminophen,Hydrocodone/Acetaminophen,12,12,57,194.79,,*,,,,,*,
1003065897,Hanley,Jennifer,San Diego,CA,06,Physician Assistant,NPPES-Specialty,Baclofen,Baclofen,15,17,488,434.64,,#,,,,,*,
1003065897,Hanley,Jennifer,San Diego,CA,06,Physician Assistant,NPPES-Specialty,Diclofenac Sodium,Diclofenac Sodium,25,27.7,745,719.04,,#,,,,,*,
1003065897,Hanley,Jennifer,San Diego,CA,06,Physician Assistant,NPPES-Specialty,Gabapentin,Gabapentin,32,32,930,666.07,19,#,,,,,#,
1003065897,Hanley,Jennifer,San Diego,CA,06,Physician Assistant,NPPES-Specialty,Meloxicam,Meloxicam,19,19,486,56.73,,*,,,,,*,
1003065897,Hanley,Jennifer,San Diego,CA,06,Physician Assistant,NPPES-Specialty,Topiramate,Topiramate,18,18,518,157.43,,*,,,,,*,
1003065897,Hanley,Jennifer,San Diego,CA,06,Physician Assistant,NPPES-Specialty,Tramadol Hcl,Tramadol Hcl,33,33.4,876,332.63,15,,13,13.4,132.72,350,*,
1003065988,Medinnus,Mark,Fort Jones,CA,06,Dentist,NPPES-Specialty,Amoxicillin,Amoxicillin,17,17,115,67.81,,*,,,,,*,
1003066556,Chung,Woosin,Los Angeles,CA,06,Nurse Practitioner,Claim-Specialty,Atorvastatin Calcium,Atorvastatin Calcium,21,67.7,2032,287.53,16,,21,67.7,287.53,2032,,16
1003066556,Chung,Woosin,Los Angeles,CA,06,Nurse Practitioner,Claim-Specialty,Brimonidine Tartrate,Brimonidine Tartrate,16,19.8,425,345.81,,,16,19.8,345.81,425,*,
1003066556,Chung,Woosin,Los Angeles,CA,06,Nurse Practitioner,Claim-Specialty,Donepezil Hcl,Donepezil Hcl,46,148.2,4450,855.67,26,,46,148.2,855.67,4450,,26
1003066556,Chung,Woosin,Los Angeles,CA,06,Nurse Practitioner,Claim-Specialty,Gabapentin,Gabapentin,12,32.8,969,283.92,,,12,32.8,283.92,969,*,
1003066556,Chung,Woosin,Los Angeles,CA,06,Nurse Practitioner,Claim-Specialty,Hydrocodone-Acetaminophen,Hydrocodone/Acetaminophen,15,15,85,191.96,15,,15,15,191.96,85,,15
1003066556,Chung,Woosin,Los Angeles,CA,06,Nurse Practitioner,Claim-Specialty,Lisinopril,Lisinopril,15,49.6,1490,174.38,,,15,49.6,174.38,1490,*,
1003066556,Chung,Woosin,Los Angeles,CA,06,Nurse Practitioner,Claim-Specialty,Metoprolol Tartrate,Metoprolol Tartrate,11,36.6,1100,128.26,,,11,36.6,128.26,1100,*,
1003066556,Chung,Woosin,Los Angeles,CA,06,Nurse Practitioner,Claim-Specialty,Mirtazapine,Mirtazapine,30,97.6,2930,395.05,25,,30,97.6,395.05,2930,,25
1003066556,Chung,Woosin,Los Angeles,CA,06,Nurse Practitioner,Claim-Specialty,Pantoprazole Sodium,Pantoprazole Sodium,15,22.3,639,145.07,13,,15,22.3,145.07,639,,13
1003066556,Chung,Woosin,Los Angeles,CA,06,Nurse Practitioner,Claim-Specialty,Sertraline Hcl,Sertraline Hcl,17,55,1650,152.83,12,,17,55,152.83,1650,,12
1003066689,Perdue,Katrina,Red Bluff,CA,06,Dentist,NPPES-Specialty,Amoxicillin,Amoxicillin,91,91,434,223.48,69,#,,,,,#,
1003067141,Echeta,Alice,Riverside,CA,06,Nurse Practitioner,Claim-Specialty,Abilify Maintena,Aripiprazole,38,38,1140,91271,,,0,0,0,0,#,
1003067141,Echeta,Alice,Riverside,CA,06,Nurse Practitioner,Claim-Specialty,Alprazolam,Alprazolam,205,260.8,7740,1699.59,36,,135,173.8,997.86,5181,,25
1003067141,Echeta,Alice,Riverside,CA,06,Nurse Practitioner,Claim-Specialty,Amitriptyline Hcl,Amitriptyline Hcl,38,57,1664,1030.1,,*,,,,,*,
1003067141,Echeta,Alice,Riverside,CA,06,Nurse Practitioner,Claim-Specialty,Aripiprazole,Aripiprazole,197,262.7,7733,19514.81,38,,80,106.3,10572.51,3073,,19
1003067141,Echeta,Alice,Riverside,CA,06,Nurse Practitioner,Claim-Specialty,Atomoxetine Hcl,Atomoxetine Hcl,18,23,675,1593.73,,*,,,,,*,
1003067141,Echeta,Alice,Riverside,CA,06,Nurse Practitioner,Claim-Specialty,Benztropine Mesylate,Benztropine Mesylate,41,64.2,1915,628.83,,,18,28.2,173.07,845,*,
1003067141,Echeta,Alice,Riverside,CA,06,Nurse Practitioner,Claim-Specialty,Bupropion Hcl,Bupropion Hcl,15,16,465,331.79,,#,,,,,*,
1003067141,Echeta,Alice,Riverside,CA,06,Nurse Practitioner,Claim-Specialty,Bupropion Hcl Sr,Bupropion Hcl,56,81.2,2403,1044.82,11,,13,23,276.72,674,*,
1003067141,Echeta,Alice,Riverside,CA,06,Nurse Practitioner,Claim-Specialty,Bupropion Xl,Bupropion Hcl,235,316.2,9348,4136.66,35,,88,114.3,1427.95,3385,,17
1003067141,Echeta,Alice,Riverside,CA,06,Nurse Practitioner,Claim-Specialty,Buspirone Hcl,Buspirone Hcl,233,295.2,8714,5142.21,42,,85,113,1368.82,3333,,18
1003067141,Echeta,Alice,Riverside,CA,06,Nurse Practitioner,Claim-Specialty,Chlorpromazine Hcl,Chlorpromazine Hcl,18,24,689,6464.49,,,0,0,0,0,#,
1003067141,Echeta,Alice,Riverside,CA,06,Nurse Practitioner,Claim-Specialty,Citalopram Hbr,Citalopram Hydrobromide,89,122.2,3580,637.28,13,,21,28,74.05,840,*,
1003067141,Echeta,Alice,Riverside,CA,06,Nurse Practitioner,Claim-Specialty,Clonazepam,Clonazepam,151,181.3,5357,1167.75,20,,66,82.2,578.13,2441,*,
1003067141,Echeta,Alice,Riverside,CA,06,Nurse Practitioner,Claim-Specialty,Clonidine Hcl,Clonidine Hcl,29,36.7,1102,431.83,,,0,0,0,0,#,
1003067141,Echeta,Alice,Riverside,CA,06,Nurse Practitioner,Claim-Specialty,Dextroamphetamine-Amphet Er,Dextroamphetamine/Amphetamine,16,16,465,932.28,,,0,0,0,0,#,
1003067141,Echeta,Alice,Riverside,CA,06,Nurse Practitioner,Claim-Specialty,Dextroamphetamine-Amphetamine,Dextroamphetamine/Amphetamine,27,28.3,824,867.96,,#,,,,,*,
1003067141,Echeta,Alice,Riverside,CA,06,Nurse Practitioner,Claim-Specialty,Divalproex Sodium,Divalproex Sodium,58,88.2,2613,2636.86,12,,33,56,1614.03,1665,*,
1003067141,Echeta,Alice,Riverside,CA,06,Nurse Practitioner,Claim-Specialty,Divalproex Sodium Er,Divalproex Sodium,21,27,810,1100.86,,,0,0,0,0,#,
1003067141,Echeta,Alice,Riverside,CA,06,Nurse Practitioner,Claim-Specialty,Doxepin Hcl,Doxepin Hcl,14,20,600,331.18,,*,,,,,*,
1003067141,Echeta,Alice,Riverside,CA,06,Nurse Practitioner,Claim-Specialty,Duloxetine Hcl,Duloxetine Hcl,136,190.5,5637,4340.6,22,,22,24,347.48,720,*,
1003067141,Echeta,Alice,Riverside,CA,06,Nurse Practitioner,Claim-Specialty,Escitalopram Oxalate,Escitalopram Oxalate,254,363.3,10776,3020.29,47,,147,227.2,1940.17,6775,,29
1003067141,Echeta,Alice,Riverside,CA,06,Nurse Practitioner,Claim-Specialty,Eszopiclone,Eszopiclone,19,20,577,2297.37,,#,,,,,*,
1003067141,Echeta,Alice,Riverside,CA,06,Nurse Practitioner,Claim-Specialty,Fluoxetine Hcl,Fluoxetine Hcl,116,176.5,5261,2261,21,,56,79.3,953.97,2380,#,
1003067141,Echeta,Alice,Riverside,CA,06,Nurse Practitioner,Claim-Specialty,Gabapentin,Gabapentin,90,112.3,3310,2121.76,12,,34,41.2,733.87,1235,*,
1003067141,Echeta,Alice,Riverside,CA,06,Nurse Practitioner,Claim-Specialty,Haloperidol,Haloperidol,27,49,1454,1021.05,,*,,,,,*,
1003067141,Echeta,Alice,Riverside,CA,06,Nurse Practitioner,Claim-Specialty,Hydroxyzine Hcl,Hydroxyzine Hcl,278,358.5,10417,9534.94,66,,99,123.2,2597.46,3562,,20
1003067141,Echeta,Alice,Riverside,CA,06,Nurse Practitioner,Claim-Specialty,Hydroxyzine Pamoate,Hydroxyzine Pamoate,19,26,780,422.1,,*,,,,,*,
1003067141,Echeta,Alice,Riverside,CA,06,Nurse Practitioner,Claim-Specialty,Invega Sustenna,Paliperidone Palmitate,54,54,1618,166175.9,,*,,,,,*,
1003067141,Echeta,Alice,Riverside,CA,06,Nurse Practitioner,Claim-Specialty,Lamotrigine,Lamotrigine,108,155.2,4568,1899.18,22,,40,50,416.84,1485,*,
1003067141,Echeta,Alice,Riverside,CA,06,Nurse Practitioner,Claim-Specialty,Latuda,Lurasidone Hcl,23,29,839,42156.62,12,#,,,,,*,
1003067141,Echeta,Alice,Riverside,CA,06,Nurse Practitioner,Claim-Specialty,Lithium Carbonate,Lithium Carbonate,21,32,960,154.26,,*,,,,,*,
1003067141,Echeta,Alice,Riverside,CA,06,Nurse Practitioner,Claim-Specialty,Lorazepam,Lorazepam,78,111,3297,1043.95,16,,49,68,491.07,2025,*,
1003067141,Echeta,Alice,Riverside,CA,06,Nurse Practitioner,Claim-Specialty,Lurasidone Hcl,Lurasidone Hcl,63,82.5,2342,31733.6,11,,36,53,17171.27,1488,*,
1003067141,Echeta,Alice,Riverside,CA,06,Nurse Practitioner,Claim-Specialty,Lybalvi,Olanzapine/Samidorphan Malate,12,12,350,16904.86,,*,,,,,*,
1003067141,Echeta,Alice,Riverside,CA,06,Nurse Practitioner,Claim-Specialty,Mirtazapine,Mirtazapine,65,83,2402,586.83,,,44,61,542.76,1776,*,
1003067141,Echeta,Alice,Riverside,CA,06,Nurse Practitioner,Claim-Specialty,Olanzapine,Olanzapine,90,126,3777,3360.57,15,,24,32.2,302.2,965,*,
1003067141,Echeta,Alice,Riverside,CA,06,Nurse Practitioner,Claim-Specialty,Ondansetron Hcl,Ondansetron Hcl,11,13,390,240.56,,*,,,,,*,
1003067141,Echeta,Alice,Riverside,CA,06,Nurse Practitioner,Claim-Specialty,Paliperidone Er,Paliperidone,17,21,559,4926.19,,*,,,,,*,
1003067141,Echeta,Alice,Riverside,CA,06,Nurse Practitioner,Claim-Specialty,Paroxetine Hcl,Paroxetine Hcl,38,57,1694,1316.2,,,20,22,115.48,644,*,
1003067141,Echeta,Alice,Riverside,CA,06,Nurse Practitioner,Claim-Specialty,Pramipexole Dihydrochloride,Pramipexole Di-Hcl,15,20,600,339.93,,#,,,,,*,
1003067141,Echeta,Alice,Riverside,CA,06,Nurse Practitioner,Claim-Specialty,Prazosin Hcl,Prazosin Hcl,39,55,1601,1010.73,,,16,31,575.21,907,*,
1003067141,Echeta,Alice,Riverside,CA,06,Nurse Practitioner,Claim-Specialty,Propranolol Hcl,Propranolol Hcl,17,21.2,635,337.7,,*,,,,,*,
1003067141,Echeta,Alice,Riverside,CA,06,Nurse Practitioner,Claim-Specialty,Quetiapine Fumarate,Quetiapine Fumarate,388,483.6,14316,11910.27,57,,180,239.2,6207.34,7137,,28
1003067141,Echeta,Alice,Riverside,CA,06,Nurse Practitioner,Claim-Specialty,Rexulti,Brexpiprazole,41,41.2,1218,60538.29,,,16,16,23542.46,465,*,
1003067141,Echeta,Alice,Riverside,CA,06,Nurse Practitioner,Claim-Specialty,Risperidone,Risperidone,163,219.5,6459,1901.66,22,,76,102.2,604.07,3016,*,
1003067141,Echeta,Alice,Riverside,CA,06,Nurse Practitioner,Claim-Specialty,Seroquel Xr,Quetiapine Fumarate,11,11,330,16030.63,,,0,0,0,0,#,
1003067141,Echeta,Alice,Riverside,CA,06,Nurse Practitioner,Claim-Specialty,Sertraline Hcl,Sertraline Hcl,239,341.3,10064,2455.26,42,,126,168.6,1163.54,4969,,23
1003067141,Echeta,Alice,Riverside,CA,06,Nurse Practitioner,Claim-Specialty,Temazepam,Temazepam,19,32,945,201.11,,,19,32,201.11,945,*,
1003067141,Echeta,Alice,Riverside,CA,06,Nurse Practitioner,Claim-Specialty,Topiramate,Topiramate,16,24,696,299.9,,,0,0,0,0,#,
1003067141,Echeta,Alice,Riverside,CA,06,Nurse Practitioner,Claim-Specialty,Trazodone Hcl,Trazodone Hcl,541,709,20621,11453.26,96,,257,341.5,3773.7,9918,,50
1003067141,Echeta,Alice,Riverside,CA,06,Nurse Practitioner,Claim-Specialty,Trintellix,Vortioxetine Hydrobromide,28,44,1320,21896.1,,,13,20,9783.75,600,*,
1003067141,Echeta,Alice,Riverside,CA,06,Nurse Practitioner,Claim-Specialty,Venlafaxine Hcl,Venlafaxine Hcl,13,13,344,274.86,,,13,13,274.86,344,*,
1003067141,Echeta,Alice,Riverside,CA,06,Nurse Practitioner,Claim-Specialty,Venlafaxine Hcl Er,Venlafaxine Hcl,116,159,4732,1750.87,13,,54,68,732.6,2010,*,
1003067141,Echeta,Alice,Riverside,CA,06,Nurse Practitioner,Claim-Specialty,Vraylar,Cariprazine Hcl,44,48.2,1404,66366.28,11,*,,,,,*,
1003067141,Echeta,Alice,Riverside,CA,06,Nurse Practitioner,Claim-Specialty,Vyvanse,Lisdexamfetamine Dimesylate,11,12,345,5461.93,,,0,0,0,0,#,
1003067141,Echeta,Alice,Riverside,CA,06,Nurse Practitioner,Claim-Specialty,Ziprasidone Hcl,Ziprasidone Hcl,48,63,1838,6082.04,,*,,,,,*,
1003067141,Echeta,Alice,Riverside,CA,06,Nurse Practitioner,Claim-Specialty,Zolpidem Tartrate,Zolpidem Tartrate,76,91.5,2660,858.14,,,34,41,187.17,1215,*,
1003067745,Moles,Jeremiah,La Mesa,CA,06,Otolaryngology,Claim-Specialty,Amoxicillin,Amoxicillin,39,39,253,139.79,35,#,,,,,#,
1003067745,Moles,Jeremiah,La Mesa,CA,06,Otolaryngology,Claim-Specialty,Amoxicillin-Clavulanate Potass,Amoxicillin/Potassium Clav,67,67,584,698.53,53,#,,,,,#,
1003067745,Moles,Jeremiah,La Mesa,CA,06,Otolaryngology,Claim-Specialty,Azelastine Hcl,Azelastine Hcl,347,484,14464,10778.45,140,,310,427,9139.65,12754,,122
1003067745,Moles,Jeremiah,La Mesa,CA,06,Otolaryngology,Claim-Specialty,Clotrimazole,Clotrimazole,17,17,239,795.58,,#,,,,,*,
1003067745,Moles,Jeremiah,La Mesa,CA,06,Otolaryngology,Claim-Specialty,Famotidine,Famotidine,171,428.6,12841,2436.81,82,,141,366.1,2050.21,10966,,71
1003067745,Moles,Jeremiah,La Mesa,CA,06,Otolaryngology,Claim-Specialty,Fluocinolone Acetonide Oil,Fluocinolone Acetonide Oil,58,108.7,3330,4176.55,35,#,,,,,#,
1003067745,Moles,Jeremiah,La Mesa,CA,06,Otolaryngology,Claim-Specialty,Fluticasone Propionate,Fluticasone Propionate,214,296.7,8898,3848.62,88,,192,273.7,3428.35,8208,,77
1003067745,Moles,Jeremiah,La Mesa,CA,06,Otolaryngology,Claim-Specialty,Gabapentin,Gabapentin,24,24,720,407.08,,,24,24,407.08,720,*,
1003067745,Moles,Jeremiah,La Mesa,CA,06,Otolaryngology,Claim-Specialty,Hydrocodone-Acetaminophen,Hydrocodone/Acetaminophen,18,18,27,42.84,17,#,,,,,#,
1003067745,Moles,Jeremiah,La Mesa,CA,06,Otolaryngology,Claim-Specialty,Ipratropium Bromide,Ipratropium Bromide,63,83.4,2326,2723.52,26,#,,,,,#,
1003067745,Moles,Jeremiah,La Mesa,CA,06,Otolaryngology,Claim-Specialty,Levocetirizine Dihydrochloride,Levocetirizine Dihydrochloride,62,76,2240,822.42,26,,62,76,822.42,2240,,26
1003067745,Moles,Jeremiah,La Mesa,CA,06,Otolaryngology,Claim-Specialty,Mometasone Furoate,Mometasone Furoate,51,82,2461,1191.61,30,#,,,,,#,
1003067745,Moles,Jeremiah,La Mesa,CA,06,Otolaryngology,Claim-Specialty,Montelukast Sodium,Montelukast Sodium,62,74,2220,523.38,20,#,,,,,#,
1003067745,Moles,Jeremiah,La Mesa,CA,06,Otolaryngology,Claim-Specialty,Mupirocin,Mupirocin,13,13,243,75.98,12,*,,,,,*,
1003067745,Moles,Jeremiah,La Mesa,CA,06,Otolaryngology,Claim-Specialty,Ofloxacin,Ofloxacin,36,36.3,535,887.32,27,#,,,,,#,
1003067745,Moles,Jeremiah,La Mesa,CA,06,Otolaryngology,Claim-Specialty,Omeprazole,Omeprazole,121,309,9270,2040.28,53,,105,269,1598.2,8070,#,
1003067745,Moles,Jeremiah,La Mesa,CA,06,Otolaryngology,Claim-Specialty,Oxycodone-Acetaminophen,Oxycodone Hcl/Acetaminophen,27,27,50,109.08,22,#,,,,,#,
1003067745,Moles,Jeremiah,La Mesa,CA,06,Otolaryngology,Claim-Specialty,Pantoprazole Sodium,Pantoprazole Sodium,16,40,1200,156.08,,,16,40,156.08,1200,*,
1003067745,Moles,Jeremiah,La Mesa,CA,06,Otolaryngology,Claim-Specialty,Pilocarpine Hcl,Pilocarpine Hcl,27,41,1228,2862.95,,#,,,,,*,
1003067745,Moles,Jeremiah,La Mesa,CA,06,Otolaryngology,Claim-Specialty,Prednisone,Prednisone,22,22.4,248,132.26,18,#,,,,,#,
1003067745,Moles,Jeremiah,La Mesa,CA,06,Otolaryngology,Claim-Specialty,Sulfamethoxazole-Trimethoprim,Sulfamethoxazole/Trimethoprim,29,29,273,125.03,17,#,,,,,#,
1003067745,Moles,Jeremiah,La Mesa,CA,06,Otolaryngology,Claim-Specialty,Xhance,Fluticasone Propionate,16,17,510,16429.46,,#,,,,,*,
1003068289,Carrizosa,Margaret,Palm Desert,CA,06,Nurse Practitioner,NPPES-Specialty,Albuterol Sulfate Hfa,Albuterol Sulfate,100,110.9,2703,4981.16,27,,82,92.8,4259.61,2379,#,
1003068289,Carrizosa,Margaret,Palm Desert,CA,06,Nurse Practitioner,NPPES-Specialty,Alendronate Sodium,Alendronate Sodium,55,154.2,4626,1312.17,17,#,,,,,#,
1003068289,Carrizosa,Margaret,Palm Desert,CA,06,Nurse Practitioner,NPPES-Specialty,Allopurinol,Allopurinol,35,83,2472,530.7,,,35,83,530.7,2472,*,
1003068289,Carrizosa,Margaret,Palm Desert,CA,06,Nurse Practitioner,NPPES-Specialty,Alogliptin,Alogliptin Benzoate,20,58,1740,10290.91,,,20,58,10290.91,1740,*,
1003068289,Carrizosa,Margaret,Palm Desert,CA,06,Nurse Practitioner,NPPES-Specialty,Amlodipine Besylate,Amlodipine Besylate,105,253.6,7571,1245.96,31,,77,185.6,986.54,5531,#,
1003068289,Carrizosa,Margaret,Palm Desert,CA,06,Nurse Practitioner,NPPES-Specialty,Atorvastatin Calcium,Atorvastatin Calcium,262,615.2,18365,4831.95,71,,223,522.2,4075.75,15575,,58
1003068289,Carrizosa,Margaret,Palm Desert,CA,06,Nurse Practitioner,NPPES-Specialty,Baclofen,Baclofen,44,64,1897,690.74,14,#,,,,,#,
1003068289,Carrizosa,Margaret,Palm Desert,CA,06,Nurse Practitioner,NPPES-Specialty,Basaglar Kwikpen U-100,"Insulin Glargine,hum.Rec.Anlog",29,52.3,1535,22811.43,11,#,,,,,*,
1003068289,Carrizosa,Margaret,Palm Desert,CA,06,Nurse Practitioner,NPPES-Specialty,Benazepril Hcl,Benazepril Hcl,43,104.8,3120,581.02,14,#,,,,,#,
1003068289,Carrizosa,Margaret,Palm Desert,CA,06,Nurse Practitioner,NPPES-Specialty,Carvedilol,Carvedilol,36,71.8,2128,497.94,,#,,,,,*,
1003068289,Carrizosa,Margaret,Palm Desert,CA,06,Nurse Practitioner,NPPES-Specialty,Chlorthalidone,Chlorthalidone,34,81,2410,593.04,,#,,,,,*,
1003068289,Carrizosa,Margaret,Palm Desert,CA,06,Nurse Practitioner,NPPES-Specialty,Clopidogrel,Clopidogrel Bisulfate,37,64,1903,629.89,,#,,,,,*,
1003068289,Carrizosa,Margaret,Palm Desert,CA,06,Nurse Practitioner,NPPES-Specialty,Diclofenac Sodium,Diclofenac Sodium,55,61,1311,1220.15,14,,41,47,1034.47,1225,#,
1003068289,Carrizosa,Margaret,Palm Desert,CA,06,Nurse Practitioner,NPPES-Specialty,Donepezil Hcl,Donepezil Hcl,12,24,708,111.12,,,12,24,111.12,708,*,
1003068289,Carrizosa,Margaret,Palm Desert,CA,06,Nurse Practitioner,NPPES-Specialty,Eliquis,Apixaban,12,16,480,8558.6,,,0,0,0,0,#,
1003068289,Carrizosa,Margaret,Palm Desert,CA,06,Nurse Practitioner,NPPES-Specialty,Escitalopram Oxalate,Escitalopram Oxalate,16,31.8,938,329.2,,,16,31.8,329.2,938,*,
1003068289,Carrizosa,Margaret,Palm Desert,CA,06,Nurse Practitioner,NPPES-Specialty,Famotidine,Famotidine,53,73,2165,896.22,13,#,,,,,#,
1003068289,Carrizosa,Margaret,Palm Desert,CA,06,Nurse Practitioner,NPPES-Specialty,Farxiga,Dapagliflozin Propanediol,15,25,750,13881.27,,#,,,,,*,
1003068289,Carrizosa,Margaret,Palm Desert,CA,06,Nurse Practitioner,NPPES-Specialty,Flovent Hfa,Fluticasone Propionate,12,15,450,3633.22,,#,,,,,*,
1003068289,Carrizosa,Margaret,Palm Desert,CA,06,Nurse Practitioner,NPPES-Specialty,Fluticasone Propionate,Fluticasone Propionate,50,110,3300,1194.78,18,,36,72,710.38,2160,#,
1003068289,Carrizosa,Margaret,Palm Desert,CA,06,Nurse Practitioner,NPPES-Specialty,Furosemide,Furosemide,54,88,2618,332.28,11,#,,,,,*,
1003068289,Carrizosa,Margaret,Palm Desert,CA,06,Nurse Practitioner,NPPES-Specialty,Gabapentin,Gabapentin,99,140.3,4116,1859.74,28,#,,,,,#,
1003068289,Carrizosa,Margaret,Palm Desert,CA,06,Nurse Practitioner,NPPES-Specialty,Glipizide,Glipizide,25,46.8,1384,357.59,,#,,,,,*,
1003068289,Carrizosa,Margaret,Palm Desert,CA,06,Nurse Practitioner,NPPES-Specialty,Hydralazine Hcl,Hydralazine Hcl,34,55.8,1614,464.18,,#,,,,,*,
1003068289,Carrizosa,Margaret,Palm Desert,CA,06,Nurse Practitioner,NPPES-Specialty,Hydrochlorothiazide,Hydrochlorothiazide,70,188.8,5633,388.02,24,#,,,,,#,
1003068289,Carrizosa,Margaret,Palm Desert,CA,06,Nurse Practitioner,NPPES-Specialty,Hydroxyzine Hcl,Hydroxyzine Hcl,13,13,346,450.12,,#,,,,,*,
1003068289,Carrizosa,Margaret,Palm Desert,CA,06,Nurse Practitioner,NPPES-Specialty,Ibuprofen,Ibuprofen,53,65,1867,788.46,19,,33,45,585.25,1294,#,
1003068289,Carrizosa,Margaret,Palm Desert,CA,06,Nurse Practitioner,NPPES-Specialty,Isosorbide Mononitrate Er,Isosorbide Mononitrate,17,25,750,277.91,,,17,25,277.91,750,*,
1003068289,Carrizosa,Margaret,Palm Desert,CA,06,Nurse Practitioner,NPPES-Specialty,Janumet,Sitagliptin Phos/Metformin Hcl,11,11,330,5789.86,,,11,11,5789.86,330,*,
1003068289,Carrizosa,Margaret,Palm Desert,CA,06,Nurse Practitioner,NPPES-Specialty,Januvia,Sitagliptin Phosphate,33,53,1590,29590.01,,,33,53,29590.01,1590,*,
1003068289,Carrizosa,Margaret,Palm Desert,CA,06,Nurse Practitioner,NPPES-Specialty,Jardiance,Empagliflozin,26,56,1680,34258.42,11,#,,,,,*,
1003068289,Carrizosa,Margaret,Palm Desert,CA,06,Nurse Practitioner,NPPES-Specialty,Lantus Solostar,"Insulin Glargine,hum.Rec.Anlog",20,40.3,1205,18357.85,,#,,,,,*,
1003068289,Carrizosa,Margaret,Palm Desert,CA,06,Nurse Practitioner,NPPES-Specialty,Levothyroxine Sodium,Levothyroxine Sodium,80,210.8,6281,1588.09,23,,69,177.8,1356.05,5291,#,
1003068289,Carrizosa,Margaret,Palm Desert,CA,06,Nurse Practitioner,NPPES-Specialty,Lisinopril,Lisinopril,89,211,6314,850.29,33,,74,176,676.23,5274,#,
1003068289,Carrizosa,Margaret,Palm Desert,CA,06,Nurse Practitioner,NPPES-Specialty,Losartan Potassium,Losartan Potassium,86,205.4,6099,1636.38,22,#,,,,,#,
1003068289,Carrizosa,Margaret,Palm Desert,CA,06,Nurse Practitioner,NPPES-Specialty,Meclizine Hcl,Meclizine Hcl,15,15,315,263.82,,*,,,,,*,
1003068289,Carrizosa,Margaret,Palm Desert,CA,06,Nurse Practitioner,NPPES-Specialty,Meloxicam,Meloxicam,18,43,1290,173.66,,#,,,,,*,
1003068289,Carrizosa,Margaret,Palm Desert,CA,06,Nurse Practitioner,NPPES-Specialty,Metformin Hcl,Metformin Hcl,139,315.5,9419,1758.38,39,,119,273,1565.15,8144,#,
1003068289,Carrizosa,Margaret,Palm Desert,CA,06,Nurse Practitioner,NPPES-Specialty,Metoprolol Succinate,Metoprolol Succinate,58,125,3730,1047.09,14,,47,104,658.17,3110,*,
1003068289,Carrizosa,Margaret,Palm Desert,CA,06,Nurse Practitioner,NPPES-Specialty,Metoprolol Tartrate,Metoprolol Tartrate,26,71.2,2135,679.61,,#,,,,,*,
1003068289,Carrizosa,Margaret,Palm Desert,CA,06,Nurse Practitioner,NPPES-Specialty,Montelukast Sodium,Montelukast Sodium,19,49,1462,403.44,,#,,,,,*,
1003068289,Carrizosa,Margaret,Palm Desert,CA,06,Nurse Practitioner,NPPES-Specialty,Naproxen,Naproxen,24,38,1118,332.75,,#,,,,,*,
1003068289,Carrizosa,Margaret,Palm Desert,CA,06,Nurse Practitioner,NPPES-Specialty,Nitrofurantoin Mono-Macro,Nitrofurantoin Monohyd/M-Cryst,16,16,115,234.18,16,#,,,,,#,
1003068289,Carrizosa,Margaret,Palm Desert,CA,06,Nurse Practitioner,NPPES-Specialty,Nortriptyline Hcl,Nortriptyline Hcl,12,13,370,53.34,,,12,13,53.34,370,*,
1003068289,Carrizosa,Margaret,Palm Desert,CA,06,Nurse Practitioner,NPPES-Specialty,Nystatin,Nystatin,31,31,845,1061.86,,,31,31,1061.86,845,*,
1003068289,Carrizosa,Margaret,Palm Desert,CA,06,Nurse Practitioner,NPPES-Specialty,Nystatin-Triamcinolone,Nystatin/Triamcinolone Acet,17,19,555,788.43,,#,,,,,*,
1003068289,Carrizosa,Margaret,Palm Desert,CA,06,Nurse Practitioner,NPPES-Specialty,Omega-3 Acid Ethyl Esters,Omega-3 Acid Ethyl Esters,23,41,1208,787.94,,#,,,,,*,
1003068289,Carrizosa,Margaret,Palm Desert,CA,06,Nurse Practitioner,NPPES-Specialty,Omeprazole,Omeprazole,82,193,5758,1309.09,25,,58,148,1122.78,4440,#,
1003068289,Carrizosa,Margaret,Palm Desert,CA,06,Nurse Practitioner,NPPES-Specialty,Ozempic,Semaglutide,27,31.8,912,25603.69,,,12,15,11010.27,436,*,
1003068289,Carrizosa,Margaret,Palm Desert,CA,06,Nurse Practitioner,NPPES-Specialty,Pantoprazole Sodium,Pantoprazole Sodium,37,68.8,2024,609.28,,#,,,,,*,
1003068289,Carrizosa,Margaret,Palm Desert,CA,06,Nurse Practitioner,NPPES-Specialty,Paroxetine Hcl,Paroxetine Hcl,12,14,398,131.72,,#,,,,,*,
1003068289,Carrizosa,Margaret,Palm Desert,CA,06,Nurse Practitioner,NPPES-Specialty,Pioglitazone Hcl,Pioglitazone Hcl,41,104,3106,1538.06,14,#,,,,,#,
1003068289,Carrizosa,Margaret,Palm Desert,CA,06,Nurse Practitioner,NPPES-Specialty,Potassium Chloride,Potassium Chloride,28,41.4,1222,412.71,,#,,,,,*,
1003068289,Carrizosa,Margaret,Palm Desert,CA,06,Nurse Practitioner,NPPES-Specialty,Propranolol Hcl,Propranolol Hcl,14,14,396,195.09,,#,,,,,*,
1003068289,Carrizosa,Margaret,Palm Desert,CA,06,Nurse Practitioner,NPPES-Specialty,Ranolazine Er,Ranolazine,13,13,362,263.11,,,13,13,263.11,362,*,
1003068289,Carrizosa,Margaret,Palm Desert,CA,06,Nurse Practitioner,NPPES-Specialty,Ropinirole Hcl,Ropinirole Hcl,39,43,1266,733.54,,,39,43,733.54,1266,*,
1003068289,Carrizosa,Margaret,Palm Desert,CA,06,Nurse Practitioner,NPPES-Specialty,Rosuvastatin Calcium,Rosuvastatin Calcium,48,138,4140,1755.95,17,,34,96,1531.64,2880,#,
1003068289,Carrizosa,Margaret,Palm Desert,CA,06,Nurse Practitioner,NPPES-Specialty,Sertraline Hcl,Sertraline Hcl,29,52,1558,243.8,,#,,,,,*,
1003068289,Carrizosa,Margaret,Palm Desert,CA,06,Nurse Practitioner,NPPES-Specialty,Sevelamer Carbonate,Sevelamer Carbonate,11,12.8,359,1235.12,,,11,12.8,1235.12,359,*,
1003068289,Carrizosa,Margaret,Palm Desert,CA,06,Nurse Practitioner,NPPES-Specialty,Simvastatin,Simvastatin,19,29,842,171.58,,#,,,,,*,
1003068289,Carrizosa,Margaret,Palm Desert,CA,06,Nurse Practitioner,NPPES-Specialty,Steglatro,Ertugliflozin Pidolate,17,29,870,9329.85,,#,,,,,*,
1003068289,Carrizosa,Margaret,Palm Desert,CA,06,Nurse Practitioner,NPPES-Specialty,Tamsulosin Hcl,Tamsulosin Hcl,25,75,2250,607.12,,,25,75,607.12,2250,*,
1003068289,Carrizosa,Margaret,Palm Desert,CA,06,Nurse Practitioner,NPPES-Specialty,Testosterone,Testosterone,12,12,345,1291.33,,,12,12,1291.33,345,*,
1003068289,Carrizosa,Margaret,Palm Desert,CA,06,Nurse Practitioner,NPPES-Specialty,Trazodone Hcl,Trazodone Hcl,55,110,3300,817.89,14,#,,,,,#,
1003068289,Carrizosa,Margaret,Palm Desert,CA,06,Nurse Practitioner,NPPES-Specialty,Triamcinolone Acetonide,Triamcinolone Acetonide,17,24.7,725,119.85,,#,,,,,*,
1003068289,Carrizosa,Margaret,Palm Desert,CA,06,Nurse Practitioner,NPPES-Specialty,Triamterene-Hydrochlorothiazid,Triamterene/Hydrochlorothiazid,18,30,876,143.67,,,18,30,143.67,876,*,
1003068289,Carrizosa,Margaret,Palm Desert,CA,06,Nurse Practitioner,NPPES-Specialty,Valsartan,Valsartan,12,12,338,124.23,,,12,12,124.23,338,*,
1003068289,Carrizosa,Margaret,Palm Desert,CA,06,Nurse Practitioner,NPPES-Specialty,Ventolin Hfa,Albuterol Sulfate,13,13,302,804.69,,*,,,,,*,
1003068305,Saguandeekul,Suttinee,Novato,CA,06,Pharmacist,NPPES-Taxonomy,Arexvy,Rsvpref3 Antigen/As01e/Pf,22,22,22,6967.86,22,,22,22,6967.86,22,,22
1003068305,Saguandeekul,Suttinee,Novato,CA,06,Pharmacist,NPPES-Taxonomy,Naloxone Hcl,Naloxone Hcl,12,12,248,1026.1,12,*,,,,,*,
1003068321,Kohli,Reebu,Sylmar,CA,06,Internal Medicine,NPPES-Taxonomy,Amlodipine Besylate,Amlodipine Besylate,12,35.9,1076,280.45,,,12,35.9,280.45,1076,*,
1003068321,Kohli,Reebu,Sylmar,CA,06,Internal Medicine,NPPES-Taxonomy,Atorvastatin Calcium,Atorvastatin Calcium,11,33,990,546.14,,,11,33,546.14,990,*,
1003068420,Wong,Christina,Whittier,CA,06,Family Practice,NPPES-Specialty,Amlodipine Besylate,Amlodipine Besylate,12,36,1080,317.07,,#,,,,,*,
1003068420,Wong,Christina,Whittier,CA,06,Family Practice,NPPES-Specialty,Atorvastatin Calcium,Atorvastatin Calcium,26,78,2340,795.26,11,#,,,,,*,
1003068420,Wong,Christina,Whittier,CA,06,Family Practice,NPPES-Specialty,Metformin Hcl,Metformin Hcl,25,75,2250,479.7,12,#,,,,,*,
1003068420,Wong,Christina,Whittier,CA,06,Family Practice,NPPES-Specialty,Symbicort,Budesonide/Formoterol Fumarate,11,11,330,4189.34,,*,,,,,*,
1003068487,Balali,Shabnam,Los Angeles,CA,06,Psychiatry,Claim-Specialty,Alprazolam,Alprazolam,48,48,1333,322.95,13,#,,,,,#,
1003068487,Balali,Shabnam,Los Angeles,CA,06,Psychiatry,Claim-Specialty,Aripiprazole,Aripiprazole,12,20.7,622,123.56,,*,,,,,*,
1003068487,Balali,Shabnam,Los Angeles,CA,06,Psychiatry,Claim-Specialty,Bupropion Hcl Sr,Bupropion Hcl,21,56.5,1697,572.69,,#,,,,,*,
1003068487,Balali,Shabnam,Los Angeles,CA,06,Psychiatry,Claim-Specialty,Bupropion Xl,Bupropion Hcl,19,60.3,1810,796.05,,#,,,,,*,
1003068487,Balali,Shabnam,Los Angeles,CA,06,Psychiatry,Claim-Specialty,Buspirone Hcl,Buspirone Hcl,39,62.6,1862,887.45,18,,25,38.5,494.85,1154,*,
1003068487,Balali,Shabnam,Los Angeles,CA,06,Psychiatry,Claim-Specialty,Citalopram Hbr,Citalopram Hydrobromide,29,63,1890,281.38,,,29,63,281.38,1890,*,
1003068487,Balali,Shabnam,Los Angeles,CA,06,Psychiatry,Claim-Specialty,Clonazepam,Clonazepam,42,42,961,304.25,13,#,,,,,*,
1003068487,Balali,Shabnam,Los Angeles,CA,06,Psychiatry,Claim-Specialty,Diazepam,Diazepam,20,20,536,129,,#,,,,,*,
1003068487,Balali,Shabnam,Los Angeles,CA,06,Psychiatry,Claim-Specialty,Duloxetine Hcl,Duloxetine Hcl,33,76.3,2290,924.85,16,,13,42.6,464.22,1280,*,
1003068487,Balali,Shabnam,Los Angeles,CA,06,Psychiatry,Claim-Specialty,Escitalopram Oxalate,Escitalopram Oxalate,17,42.3,1270,210.16,,*,,,,,*,
1003068487,Balali,Shabnam,Los Angeles,CA,06,Psychiatry,Claim-Specialty,Fluoxetine Hcl,Fluoxetine Hcl,14,36.6,1098,196.72,,*,,,,,*,
1003068487,Balali,Shabnam,Los Angeles,CA,06,Psychiatry,Claim-Specialty,Gabapentin,Gabapentin,18,23.7,710,256.03,,*,,,,,*,
1003068487,Balali,Shabnam,Los Angeles,CA,06,Psychiatry,Claim-Specialty,Hydroxyzine Pamoate,Hydroxyzine Pamoate,13,18,538,197.24,,*,,,,,*,
1003068487,Balali,Shabnam,Los Angeles,CA,06,Psychiatry,Claim-Specialty,Lamotrigine,Lamotrigine,22,55.4,1662,429.16,12,*,,,,,*,
1003068487,Balali,Shabnam,Los Angeles,CA,06,Psychiatry,Claim-Specialty,Lorazepam,Lorazepam,28,33,713,196.77,,*,,,,,*,
1003068487,Balali,Shabnam,Los Angeles,CA,06,Psychiatry,Claim-Specialty,Mirtazapine,Mirtazapine,12,29.3,880,224.14,,,12,29.3,224.14,880,*,
1003068487,Balali,Shabnam,Los Angeles,CA,06,Psychiatry,Claim-Specialty,Prazosin Hcl,Prazosin Hcl,13,30,900,376.24,,*,,,,,*,
1003068487,Balali,Shabnam,Los Angeles,CA,06,Psychiatry,Claim-Specialty,Quetiapine Fumarate,Quetiapine Fumarate,44,85.7,2514,604.68,15,,21,53.7,327.93,1611,*,
1003068487,Balali,Shabnam,Los Angeles,CA,06,Psychiatry,Claim-Specialty,Risperidone,Risperidone,13,22.3,641,118.26,,*,,,,,*,
1003068487,Balali,Shabnam,Los Angeles,CA,06,Psychiatry,Claim-Specialty,Sertraline Hcl,Sertraline Hcl,47,105.7,3157,530.89,20,,29,64.7,347.44,1942,#,
1003068487,Balali,Shabnam,Los Angeles,CA,06,Psychiatry,Claim-Specialty,Topiramate,Topiramate,11,31.3,940,167.88,,*,,,,,*,
1003068487,Balali,Shabnam,Los Angeles,CA,06,Psychiatry,Claim-Specialty,Trazodone Hcl,Trazodone Hcl,35,83.6,2485,497.34,18,,15,30,202.77,875,*,
1003068487,Balali,Shabnam,Los Angeles,CA,06,Psychiatry,Claim-Specialty,Venlafaxine Hcl Er,Venlafaxine Hcl,13,39.6,1190,326.76,,*,,,,,*,
1003068503,Sanchez,Adrian,Los Angeles,CA,06,Dentist,NPPES-Specialty,Amoxicillin,Amoxicillin,38,38,331,232.57,31,#,,,,,#,
1003068503,Sanchez,Adrian,Los Angeles,CA,06,Dentist,NPPES-Specialty,Ibuprofen,Ibuprofen,18,18,164,78.87,16,#,,,,,#,
1003069667,Sharma,Sandeep,Santa Ana,CA,06,Dentist,NPPES-Specialty,Amoxicillin,Amoxicillin,11,11,73,50.98,11,,11,11,50.98,73,,11
1003070012,Kantamuneni,Uma,Santa Clara,CA,06,Internal Medicine,Claim-Specialty,Albuterol Sulfate Hfa,Albuterol Sulfate,79,81.3,2272,1331.17,45,#,,,,,#,
1003070012,Kantamuneni,Uma,Santa Clara,CA,06,Internal Medicine,Claim-Specialty,Alendronate Sodium,Alendronate Sodium,28,76.9,2303,285.71,12,,28,76.9,285.71,2303,,12
1003070012,Kantamuneni,Uma,Santa Clara,CA,06,Internal Medicine,Claim-Specialty,Alvesco,Ciclesonide,34,44,1315,3071.04,17,#,,,,,#,
1003070012,Kantamuneni,Uma,Santa Clara,CA,06,Internal Medicine,Claim-Specialty,Amlodipine Besylate,Amlodipine Besylate,180,565,16966,2182.52,72,#,,,,,#,
1003070012,Kantamuneni,Uma,Santa Clara,CA,06,Internal Medicine,Claim-Specialty,Atenolol,Atenolol,100,316.1,9490,1269.77,35,#,,,,,#,
1003070012,Kantamuneni,Uma,Santa Clara,CA,06,Internal Medicine,Claim-Specialty,Atorvastatin Calcium,Atorvastatin Calcium,196,635.4,19065,2938.14,73,,196,635.4,2938.14,19065,,73
1003070012,Kantamuneni,Uma,Santa Clara,CA,06,Internal Medicine,Claim-Specialty,Azelastine Hcl,Azelastine Hcl,11,11,285,185.68,,,11,11,185.68,285,*,
1003070012,Kantamuneni,Uma,Santa Clara,CA,06,Internal Medicine,Claim-Specialty,Azithromycin,Azithromycin,12,12,59,81.44,12,,12,12,81.44,59,,12
1003070012,Kantamuneni,Uma,Santa Clara,CA,06,Internal Medicine,Claim-Specialty,Baclofen,Baclofen,23,31.1,884,329.05,,,23,31.1,329.05,884,*,
1003070012,Kantamuneni,Uma,Santa Clara,CA,06,Internal Medicine,Claim-Specialty,Ciprofloxacin Hcl,Ciprofloxacin Hcl,15,15,76,103.47,13,,15,15,103.47,76,,13
1003070012,Kantamuneni,Uma,Santa Clara,CA,06,Internal Medicine,Claim-Specialty,Doxazosin Mesylate,Doxazosin Mesylate,12,16.7,500,121.98,,,12,16.7,121.98,500,*,
1003070012,Kantamuneni,Uma,Santa Clara,CA,06,Internal Medicine,Claim-Specialty,Famotidine,Famotidine,35,62.8,1885,598.22,11,,35,62.8,598.22,1885,,11
1003070012,Kantamuneni,Uma,Santa Clara,CA,06,Internal Medicine,Claim-Specialty,Fluocinonide,Fluocinonide,18,20,600,528.7,13,,18,20,528.7,600,,13
1003070012,Kantamuneni,Uma,Santa Clara,CA,06,Internal Medicine,Claim-Specialty,Fluoxetine Hcl,Fluoxetine Hcl,16,48.8,1466,253.42,,,16,48.8,253.42,1466,*,
1003070012,Kantamuneni,Uma,Santa Clara,CA,06,Internal Medicine,Claim-Specialty,Fluticasone Propionate,Fluticasone Propionate,57,69,2070,1057.38,26,#,,,,,#,
1003070012,Kantamuneni,Uma,Santa Clara,CA,06,Internal Medicine,Claim-Specialty,Furosemide,Furosemide,41,105.9,3055,426.79,17,,41,105.9,426.79,3055,,17
1003070012,Kantamuneni,Uma,Santa Clara,CA,06,Internal Medicine,Claim-Specialty,Gabapentin,Gabapentin,62,129.7,3831,882.71,27,,62,129.7,882.71,3831,,27
1003070012,Kantamuneni,Uma,Santa Clara,CA,06,Internal Medicine,Claim-Specialty,Glipizide,Glipizide,38,118.7,3562,435.03,17,,38,118.7,435.03,3562,,17
1003070012,Kantamuneni,Uma,Santa Clara,CA,06,Internal Medicine,Claim-Specialty,Humulin N,Insulin Nph Human Isophane,12,33.7,1010,1456.46,,,12,33.7,1456.46,1010,*,
1003070012,Kantamuneni,Uma,Santa Clara,CA,06,Internal Medicine,Claim-Specialty,Hydralazine Hcl,Hydralazine Hcl,21,60.5,1816,266.64,,,21,60.5,266.64,1816,*,
1003070012,Kantamuneni,Uma,Santa Clara,CA,06,Internal Medicine,Claim-Specialty,Hydrochlorothiazide,Hydrochlorothiazide,72,220.8,6630,715.29,30,#,,,,,#,
1003070012,Kantamuneni,Uma,Santa Clara,CA,06,Internal Medicine,Claim-Specialty,Hydrocodone-Acetaminophen,Hydrocodone/Acetaminophen,36,36,777,414.95,13,,36,36,414.95,777,,13
1003070012,Kantamuneni,Uma,Santa Clara,CA,06,Internal Medicine,Claim-Specialty,Hydrocortisone,Hydrocortisone,11,11,310,130.78,,,11,11,130.78,310,*,
1003070012,Kantamuneni,Uma,Santa Clara,CA,06,Internal Medicine,Claim-Specialty,Ibuprofen,Ibuprofen,17,27,677,165.64,,#,,,,,*,
1003070012,Kantamuneni,Uma,Santa Clara,CA,06,Internal Medicine,Claim-Specialty,Isosorbide Mononitrate Er,Isosorbide Mononitrate,12,38.6,1160,137.38,,,12,38.6,137.38,1160,*,
1003070012,Kantamuneni,Uma,Santa Clara,CA,06,Internal Medicine,Claim-Specialty,Jardiance,Empagliflozin,15,42,1260,13374.62,,,15,42,13374.62,1260,*,
1003070012,Kantamuneni,Uma,Santa Clara,CA,06,Internal Medicine,Claim-Specialty,Lactulose,Lactulose,11,12.3,356,233.8,11,,11,12.3,233.8,356,,11
1003070012,Kantamuneni,Uma,Santa Clara,CA,06,Internal Medicine,Claim-Specialty,Levothyroxine Sodium,Levothyroxine Sodium,114,348.1,10445,2426.7,40,,114,348.1,2426.7,10445,,40
1003070012,Kantamuneni,Uma,Santa Clara,CA,06,Internal Medicine,Claim-Specialty,Lisinopril,Lisinopril,100,319.2,9585,1219.7,42,#,,,,,#,
1003070012,Kantamuneni,Uma,Santa Clara,CA,06,Internal Medicine,Claim-Specialty,Lisinopril-Hydrochlorothiazide,Lisinopril/Hydrochlorothiazide,35,116.6,3500,441.81,16,,35,116.6,441.81,3500,,16
1003070012,Kantamuneni,Uma,Santa Clara,CA,06,Internal Medicine,Claim-Specialty,Losartan Potassium,Losartan Potassium,155,456.9,13655,1958.76,58,,155,456.9,1958.76,13655,,58
1003070012,Kantamuneni,Uma,Santa Clara,CA,06,Internal Medicine,Claim-Specialty,Losartan-Hydrochlorothiazide,Losartan/Hydrochlorothiazide,21,69.9,2100,238.41,,,21,69.9,238.41,2100,*,
1003070012,Kantamuneni,Uma,Santa Clara,CA,06,Internal Medicine,Claim-Specialty,Lovastatin,Lovastatin,29,96.6,2900,365.11,14,,29,96.6,365.11,2900,,14
1003070012,Kantamuneni,Uma,Santa Clara,CA,06,Internal Medicine,Claim-Specialty,Metformin Hcl,Metformin Hcl,55,168.2,5030,679.7,28,#,,,,,#,
1003070012,Kantamuneni,Uma,Santa Clara,CA,06,Internal Medicine,Claim-Specialty,Metformin Hcl Er,Metformin Hcl,41,136.5,4100,370.31,20,,41,136.5,370.31,4100,,20
1003070012,Kantamuneni,Uma,Santa Clara,CA,06,Internal Medicine,Claim-Specialty,Metoprolol Succinate,Metoprolol Succinate,35,102.8,3086,786.7,15,,35,102.8,786.7,3086,,15
1003070012,Kantamuneni,Uma,Santa Clara,CA,06,Internal Medicine,Claim-Specialty,Metoprolol Tartrate,Metoprolol Tartrate,40,128.4,3855,443.09,15,,40,128.4,443.09,3855,,15
1003070012,Kantamuneni,Uma,Santa Clara,CA,06,Internal Medicine,Claim-Specialty,Montelukast Sodium,Montelukast Sodium,15,46,1380,167.01,,,15,46,167.01,1380,*,
1003070012,Kantamuneni,Uma,Santa Clara,CA,06,Internal Medicine,Claim-Specialty,Nabumetone,Nabumetone,26,26.7,417,350.82,12,,26,26.7,350.82,417,,12
1003070012,Kantamuneni,Uma,Santa Clara,CA,06,Internal Medicine,Claim-Specialty,Nortriptyline Hcl,Nortriptyline Hcl,11,18.1,536,212.44,,,11,18.1,212.44,536,*,
1003070012,Kantamuneni,Uma,Santa Clara,CA,06,Internal Medicine,Claim-Specialty,Omeprazole,Omeprazole,40,96.3,2890,419.19,14,,40,96.3,419.19,2890,,14
1003070012,Kantamuneni,Uma,Santa Clara,CA,06,Internal Medicine,Claim-Specialty,Pantoprazole Sodium,Pantoprazole Sodium,45,99.6,2979,553.52,21,#,,,,,#,
1003070012,Kantamuneni,Uma,Santa Clara,CA,06,Internal Medicine,Claim-Specialty,Potassium Chloride,Potassium Chloride,24,65.9,1930,624.55,,,24,65.9,624.55,1930,*,
1003070012,Kantamuneni,Uma,Santa Clara,CA,06,Internal Medicine,Claim-Specialty,Pradaxa,Dabigatran Etexilate Mesylate,12,34,1020,3546.71,,,12,34,3546.71,1020,*,
1003070012,Kantamuneni,Uma,Santa Clara,CA,06,Internal Medicine,Claim-Specialty,Pravastatin Sodium,Pravastatin Sodium,14,46.6,1400,530.75,,,14,46.6,530.75,1400,*,
1003070012,Kantamuneni,Uma,Santa Clara,CA,06,Internal Medicine,Claim-Specialty,Rosuvastatin Calcium,Rosuvastatin Calcium,31,99.2,2980,347.08,12,,31,99.2,347.08,2980,,12
1003070012,Kantamuneni,Uma,Santa Clara,CA,06,Internal Medicine,Claim-Specialty,Simvastatin,Simvastatin,68,206.3,6195,963.19,28,,68,206.3,963.19,6195,,28
1003070012,Kantamuneni,Uma,Santa Clara,CA,06,Internal Medicine,Claim-Specialty,Spironolactone,Spironolactone,13,42,1260,140.38,,,13,42,140.38,1260,*,
1003070012,Kantamuneni,Uma,Santa Clara,CA,06,Internal Medicine,Claim-Specialty,Tamsulosin Hcl,Tamsulosin Hcl,23,57,1710,366.88,12,,23,57,366.88,1710,,12
1003070012,Kantamuneni,Uma,Santa Clara,CA,06,Internal Medicine,Claim-Specialty,Trazodone Hcl,Trazodone Hcl,18,30.7,890,176.86,,#,,,,,*,
1003070012,Kantamuneni,Uma,Santa Clara,CA,06,Internal Medicine,Claim-Specialty,Triamcinolone Acetonide,Triamcinolone Acetonide,25,26,744,268.1,21,,25,26,268.1,744,,21
1003070012,Kantamuneni,Uma,Santa Clara,CA,06,Internal Medicine,Claim-Specialty,Veo Insulin Syringe,"Syringe-Needle,insulin,0.5 Ml",20,49.6,1470,419.07,12,,20,49.6,419.07,1470,,12
1003070012,Kantamuneni,Uma,Santa Clara,CA,06,Internal Medicine,Claim-Specialty,Warfarin Sodium,Warfarin Sodium,12,30.6,920,218.74,,,12,30.6,218.74,920,*,
1003070012,Kantamuneni,Uma,Santa Clara,CA,06,Internal Medicine,Claim-Specialty,Wixela Inhub,Fluticasone Propion/Salmeterol,14,16,480,1453.68,,,14,16,1453.68,480,*,
1003070541,Gorey,Christine,Vallejo,CA,06,Obstetrics & Gynecology,Claim-Specialty,Acyclovir,Acyclovir,18,25,375,260.62,,,18,25,260.62,375,*,
1003070541,Gorey,Christine,Vallejo,CA,06,Obstetrics & Gynecology,Claim-Specialty,Estradiol,Estradiol,62,273.1,8195,2856.96,40,#,,,,,#,
1003070541,Gorey,Christine,Vallejo,CA,06,Obstetrics & Gynecology,Claim-Specialty,Hydrocortisone,Hydrocortisone,13,13,390,154.62,,,13,13,154.62,390,*,
1003072786,Alasil,Tarek,Los Angeles,CA,06,Ophthalmology,Claim-Specialty,Alphagan P,Brimonidine Tartrate,20,22.8,637,6374.86,,#,,,,,*,
1003072786,Alasil,Tarek,Los Angeles,CA,06,Ophthalmology,Claim-Specialty,Bimatoprost,Bimatoprost,16,16,400,1467.36,,,16,16,1467.36,400,*,
1003072786,Alasil,Tarek,Los Angeles,CA,06,Ophthalmology,Claim-Specialty,Brimonidine Tartrate,Brimonidine Tartrate,90,107.4,2473,4613.82,19,#,,,,,#,
1003072786,Alasil,Tarek,Los Angeles,CA,06,Ophthalmology,Claim-Specialty,Brimonidine Tartrate-Timolol,Brimonidine Tartrate/Timolol,25,29.6,758,3553.72,12,#,,,,,*,
1003072786,Alasil,Tarek,Los Angeles,CA,06,Ophthalmology,Claim-Specialty,Combigan,Brimonidine Tartrate/Timolol,46,57.5,1568,14586.73,15,#,,,,,#,
1003072786,Alasil,Tarek,Los Angeles,CA,06,Ophthalmology,Claim-Specialty,Dorzolamide Hcl,Dorzolamide Hcl,23,52.7,1582,1109.29,,#,,,,,*,
1003072786,Alasil,Tarek,Los Angeles,CA,06,Ophthalmology,Claim-Specialty,Dorzolamide-Timolol,Dorzolamide Hcl/Timolol Maleat,19,34.1,1024,728.27,,,19,34.1,728.27,1024,*,
1003072786,Alasil,Tarek,Los Angeles,CA,06,Ophthalmology,Claim-Specialty,Erythromycin,Erythromycin Base,49,49,749,496.56,13,#,,,,,#,
1003072786,Alasil,Tarek,Los Angeles,CA,06,Ophthalmology,Claim-Specialty,Ketorolac Tromethamine,Ketorolac Tromethamine,50,53.8,1438,1213.16,18,#,,,,,#,
1003072786,Alasil,Tarek,Los Angeles,CA,06,Ophthalmology,Claim-Specialty,Latanoprost,Latanoprost,131,178,4808,1797.32,36,,111,154.6,1598.75,4177,#,
1003072786,Alasil,Tarek,Los Angeles,CA,06,Ophthalmology,Claim-Specialty,Lumigan,Bimatoprost,24,36.3,1069,11177.91,,,24,36.3,11177.91,1069,*,
1003072786,Alasil,Tarek,Los Angeles,CA,06,Ophthalmology,Claim-Specialty,Ofloxacin,Ofloxacin,183,184.6,3147,2577.26,88,,156,157.6,2074,2705,,76
1003072786,Alasil,Tarek,Los Angeles,CA,06,Ophthalmology,Claim-Specialty,Prednisolone Acetate,Prednisolone Acetate,218,379.2,10958,8392.65,98,,179,312.2,6971.52,8981,,82
1003072786,Alasil,Tarek,Los Angeles,CA,06,Ophthalmology,Claim-Specialty,Timolol Maleate,Timolol Maleate,23,34.3,900,236.01,,,23,34.3,236.01,900,*,
1003073826,Tellalian,David,Los Angeles,CA,06,Infectious Disease,Claim-Specialty,Alprazolam,Alprazolam,36,36,1040,119.27,,#,,,,,*,
1003073826,Tellalian,David,Los Angeles,CA,06,Infectious Disease,Claim-Specialty,Amitriptyline Hcl,Amitriptyline Hcl,13,13,390,65.61,,,0,0,0,0,#,
1003073826,Tellalian,David,Los Angeles,CA,06,Infectious Disease,Claim-Specialty,Amlodipine Besylate,Amlodipine Besylate,47,61,1830,321.45,,#,,,,,*,
1003073826,Tellalian,David,Los Angeles,CA,06,Infectious Disease,Claim-Specialty,Anastrozole,Anastrozole,35,43,1238,522,,*,,,,,*,
1003073826,Tellalian,David,Los Angeles,CA,06,Infectious Disease,Claim-Specialty,Aripiprazole,Aripiprazole,13,13,390,111.41,,,0,0,0,0,#,
1003073826,Tellalian,David,Los Angeles,CA,06,Infectious Disease,Claim-Specialty,Atenolol,Atenolol,43,45,1350,169.59,,,29,31,138.59,930,*,
1003073826,Tellalian,David,Los Angeles,CA,06,Infectious Disease,Claim-Specialty,Atorvastatin Calcium,Atorvastatin Calcium,135,191,5730,960.79,20,,80,136,744.41,4080,#,
1003073826,Tellalian,David,Los Angeles,CA,06,Infectious Disease,Claim-Specialty,Biktarvy,Bictegrav/Emtricit/Tenofov Ala,208,218,6535,843547.91,22,,122,124,487044.41,3715,#,
1003073826,Tellalian,David,Los Angeles,CA,06,Infectious Disease,Claim-Specialty,Bupropion Hcl Sr,Bupropion Hcl,19,25,750,274.85,,,19,25,274.85,750,*,
1003073826,Tellalian,David,Los Angeles,CA,06,Infectious Disease,Claim-Specialty,Bupropion Xl,Bupropion Hcl,16,20.8,623,175.02,,*,,,,,*,
1003073826,Tellalian,David,Los Angeles,CA,06,Infectious Disease,Claim-Specialty,Buspirone Hcl,Buspirone Hcl,13,13,390,25.86,,,0,0,0,0,#,
1003073826,Tellalian,David,Los Angeles,CA,06,Infectious Disease,Claim-Specialty,Chlorthalidone,Chlorthalidone,12,18,540,237.84,,,12,18,237.84,540,*,
1003073826,Tellalian,David,Los Angeles,CA,06,Infectious Disease,Claim-Specialty,Clonazepam,Clonazepam,20,24,720,80.9,,*,,,,,*,
1003073826,Tellalian,David,Los Angeles,CA,06,Infectious Disease,Claim-Specialty,Descovy,Emtricitabine/Tenofov Alafenam,63,73,2190,164710.81,,,52,62,139285.5,1860,*,
1003073826,Tellalian,David,Los Angeles,CA,06,Infectious Disease,Claim-Specialty,Dovato,Dolutegravir Sodium/Lamivudine,40,40,1200,120939.39,,,40,40,120939.39,1200,*,
1003073826,Tellalian,David,Los Angeles,CA,06,Infectious Disease,Claim-Specialty,Duloxetine Hcl,Duloxetine Hcl,16,16,480,133.41,,*,,,,,*,
1003073826,Tellalian,David,Los Angeles,CA,06,Infectious Disease,Claim-Specialty,Eplerenone,Eplerenone,12,12,360,449.16,,,12,12,449.16,360,*,
1003073826,Tellalian,David,Los Angeles,CA,06,Infectious Disease,Claim-Specialty,Escitalopram Oxalate,Escitalopram Oxalate,65,73,2190,766.58,,,16,24,258.12,720,*,
1003073826,Tellalian,David,Los Angeles,CA,06,Infectious Disease,Claim-Specialty,Eszopiclone,Eszopiclone,20,20,600,1495.48,,*,,,,,*,
1003073826,Tellalian,David,Los Angeles,CA,06,Infectious Disease,Claim-Specialty,Famotidine,Famotidine,35,45,1350,437.63,,,17,25,91.92,750,*,
1003073826,Tellalian,David,Los Angeles,CA,06,Infectious Disease,Claim-Specialty,Fenofibrate,Fenofibrate Nanocrystallized,13,13,390,514.62,,,13,13,514.62,390,*,
1003073826,Tellalian,David,Los Angeles,CA,06,Infectious Disease,Claim-Specialty,Finasteride,Finasteride,39,47,1410,364.33,,,39,47,364.33,1410,*,
1003073826,Tellalian,David,Los Angeles,CA,06,Infectious Disease,Claim-Specialty,Fluconazole,Fluconazole,23,23,690,515.11,,,12,12,343.72,360,*,
1003073826,Tellalian,David,Los Angeles,CA,06,Infectious Disease,Claim-Specialty,Gabapentin,Gabapentin,28,28,840,277.44,,*,,,,,*,
1003073826,Tellalian,David,Los Angeles,CA,06,Infectious Disease,Claim-Specialty,Hydrochlorothiazide,Hydrochlorothiazide,24,26,780,60.41,,*,,,,,*,
1003073826,Tellalian,David,Los Angeles,CA,06,Infectious Disease,Claim-Specialty,Hydroxyzine Hcl,Hydroxyzine Hcl,14,14,420,66.5,,,0,0,0,0,#,
1003073826,Tellalian,David,Los Angeles,CA,06,Infectious Disease,Claim-Specialty,Insulin Syringe,"Syringe And Needle,insulin,1ml",13,13,390,155.1,,,0,0,0,0,#,
1003073826,Tellalian,David,Los Angeles,CA,06,Infectious Disease,Claim-Specialty,Juluca,Dolutegravir/Rilpivirine,13,13,390,41597.35,,,0,0,0,0,#,
1003073826,Tellalian,David,Los Angeles,CA,06,Infectious Disease,Claim-Specialty,Ketoconazole,Ketoconazole,13,13,340,331.99,,,13,13,331.99,340,*,
1003073826,Tellalian,David,Los Angeles,CA,06,Infectious Disease,Claim-Specialty,Lansoprazole,Lansoprazole,15,15,450,344.12,,*,,,,,*,
1003073826,Tellalian,David,Los Angeles,CA,06,Infectious Disease,Claim-Specialty,Levothyroxine Sodium,Levothyroxine Sodium,16,24,720,166,,*,,,,,*,
1003073826,Tellalian,David,Los Angeles,CA,06,Infectious Disease,Claim-Specialty,Livalo,Pitavastatin Calcium,12,12,360,4146.72,,,12,12,4146.72,360,*,
1003073826,Tellalian,David,Los Angeles,CA,06,Infectious Disease,Claim-Specialty,Lorazepam,Lorazepam,16,16,480,52.15,,*,,,,,*,
1003073826,Tellalian,David,Los Angeles,CA,06,Infectious Disease,Claim-Specialty,Losartan Potassium,Losartan Potassium,40,42,1260,197.47,,,15,17,126.46,510,*,
1003073826,Tellalian,David,Los Angeles,CA,06,Infectious Disease,Claim-Specialty,Metformin Hcl,Metformin Hcl,31,47,1410,93.75,,#,,,,,*,
1003073826,Tellalian,David,Los Angeles,CA,06,Infectious Disease,Claim-Specialty,Metformin Hcl Er,Metformin Hcl,28,30,900,158.42,,#,,,,,*,
1003073826,Tellalian,David,Los Angeles,CA,06,Infectious Disease,Claim-Specialty,Mirtazapine,Mirtazapine,12,12,360,59.9,,,12,12,59.9,360,*,
1003073826,Tellalian,David,Los Angeles,CA,06,Infectious Disease,Claim-Specialty,Mytesi,Crofelemer,11,11,330,27893.65,,,0,0,0,0,#,
1003073826,Tellalian,David,Los Angeles,CA,06,Infectious Disease,Claim-Specialty,Nebivolol Hcl,Nebivolol Hcl,13,13,390,783.64,,,13,13,783.64,390,*,
1003073826,Tellalian,David,Los Angeles,CA,06,Infectious Disease,Claim-Specialty,Nevirapine,Nevirapine,11,11,330,99,,,11,11,99,330,*,
1003073826,Tellalian,David,Los Angeles,CA,06,Infectious Disease,Claim-Specialty,Odefsey,Emtricitab/Rilpiviri/Tenof Ala,23,23,690,76973.83,,*,,,,,*,
1003073826,Tellalian,David,Los Angeles,CA,06,Infectious Disease,Claim-Specialty,Olmesartan Medoxomil,Olmesartan Medoxomil,26,34,1020,334,,#,,,,,*,
1003073826,Tellalian,David,Los Angeles,CA,06,Infectious Disease,Claim-Specialty,Olmesartan-Hydrochlorothiazide,Olmesartan/Hydrochlorothiazide,17,19,570,424.1,,,17,19,424.1,570,*,
1003073826,Tellalian,David,Los Angeles,CA,06,Infectious Disease,Claim-Specialty,Ozempic,Semaglutide,27,29.7,840,28606,,,27,29.7,28606,840,*,
1003073826,Tellalian,David,Los Angeles,CA,06,Infectious Disease,Claim-Specialty,Pifeltro,Doravirine,23,23,690,41962.95,,,23,23,41962.95,690,*,
1003073826,Tellalian,David,Los Angeles,CA,06,Infectious Disease,Claim-Specialty,Pregabalin,Pregabalin,39,39,1170,738,,,17,17,616.98,510,*,
1003073826,Tellalian,David,Los Angeles,CA,06,Infectious Disease,Claim-Specialty,Propranolol Hcl Er,Propranolol Hcl,18,18,540,178.16,,*,,,,,*,
1003073826,Tellalian,David,Los Angeles,CA,06,Infectious Disease,Claim-Specialty,Rosuvastatin Calcium,Rosuvastatin Calcium,35,58,1740,1311.66,,,21,32,431.86,960,*,
1003073826,Tellalian,David,Los Angeles,CA,06,Infectious Disease,Claim-Specialty,Serostim,Somatropin,33,33,924,478591.92,,,0,0,0,0,#,
1003073826,Tellalian,David,Los Angeles,CA,06,Infectious Disease,Claim-Specialty,Sulfamethoxazole-Trimethoprim,Sulfamethoxazole/Trimethoprim,11,11,307,260.69,,*,,,,,*,
1003073826,Tellalian,David,Los Angeles,CA,06,Infectious Disease,Claim-Specialty,Sumatriptan Succinate,Sumatriptan Succinate,16,16,130,127.02,,*,,,,,*,
1003073826,Tellalian,David,Los Angeles,CA,06,Infectious Disease,Claim-Specialty,Symtuza,Darunavir/Cob/Emtri/Tenof Alaf,36,36,1080,173015.03,,,12,12,59202.46,360,*,
1003073826,Tellalian,David,Los Angeles,CA,06,Infectious Disease,Claim-Specialty,Tadalafil,Tadalafil,21,25,750,3544.13,,#,,,,,*,
1003073826,Tellalian,David,Los Angeles,CA,06,Infectious Disease,Claim-Specialty,Tamsulosin Hcl,Tamsulosin Hcl,90,106,3180,735.77,12,,51,51,410.98,1530,*,
1003073826,Tellalian,David,Los Angeles,CA,06,Infectious Disease,Claim-Specialty,Testosterone,Testosterone,41,43,1290,11425.74,11,,24,26,6033.95,780,*,
1003073826,Tellalian,David,Los Angeles,CA,06,Infectious Disease,Claim-Specialty,Testosterone Cypionate,Testosterone Cypionate,58,73.7,2128,2310.15,,,26,37.7,879.04,1108,*,
1003073826,Tellalian,David,Los Angeles,CA,06,Infectious Disease,Claim-Specialty,Tivicay,Dolutegravir Sodium,16,16,480,36372.83,,*,,,,,*,
1003073826,Tellalian,David,Los Angeles,CA,06,Infectious Disease,Claim-Specialty,Tramadol Hcl,Tramadol Hcl,26,26,755,100.73,,,26,26,100.73,755,*,
1003073826,Tellalian,David,Los Angeles,CA,06,Infectious Disease,Claim-Specialty,Trazodone Hcl,Trazodone Hcl,12,12,360,52.78,,,12,12,52.78,360,*,
1003073826,Tellalian,David,Los Angeles,CA,06,Infectious Disease,Claim-Specialty,Valacyclovir,Valacyclovir Hcl,85,101,2830,5093.33,14,,48,64,1875.24,1740,*,
1003073826,Tellalian,David,Los Angeles,CA,06,Infectious Disease,Claim-Specialty,Vitamin D2,Ergocalciferol (Vitamin D2),13,13,384,36.81,,,13,13,36.81,384,*,
1003073826,Tellalian,David,Los Angeles,CA,06,Infectious Disease,Claim-Specialty,Xyosted,Testosterone Enanthate,38,38,1082,22176.26,,,17,17,11120.96,486,*,
1003073826,Tellalian,David,Los Angeles,CA,06,Infectious Disease,Claim-Specialty,Zolpidem Tartrate,Zolpidem Tartrate,40,40,1008,148.49,,#,,,,,*,
1003073883,Hu,Brian,Loma Linda,CA,06,Urology,Claim-Specialty,Alfuzosin Hcl Er,Alfuzosin Hcl,11,21,630,212.94,,,11,21,212.94,630,*,
1003073883,Hu,Brian,Loma Linda,CA,06,Urology,Claim-Specialty,Ciprofloxacin Hcl,Ciprofloxacin Hcl,22,22,66,125.19,18,#,,,,,#,
1003073883,Hu,Brian,Loma Linda,CA,06,Urology,Claim-Specialty,Finasteride,Finasteride,65,142,4260,1116.8,22,,65,142,1116.8,4260,,22
1003073883,Hu,Brian,Loma Linda,CA,06,Urology,Claim-Specialty,Myrbetriq,Mirabegron,12,21,630,9885.84,,,12,21,9885.84,630,*,
1003073883,Hu,Brian,Loma Linda,CA,06,Urology,Claim-Specialty,Tamsulosin Hcl,Tamsulosin Hcl,88,211.5,6315,2043.71,40,,88,211.5,2043.71,6315,,40
1003074345,Rabii,Cyrus,Modesto,CA,06,Emergency Medicine,Claim-Specialty,Albuterol Sulfate Hfa,Albuterol Sulfate,39,39.1,816,947.93,30,#,,,,,#,
1003074345,Rabii,Cyrus,Modesto,CA,06,Emergency Medicine,Claim-Specialty,Amoxicillin,Amoxicillin,117,117,1163,487.66,115,,104,104,407.23,1033,,102
1003074345,Rabii,Cyrus,Modesto,CA,06,Emergency Medicine,Claim-Specialty,Amoxicillin-Clavulanate Potass,Amoxicillin/Potassium Clav,44,44,440,620.11,44,#,,,,,#,
1003074345,Rabii,Cyrus,Modesto,CA,06,Emergency Medicine,Claim-Specialty,Azithromycin,Azithromycin,75,75,375,349.03,75,#,,,,,#,
1003074345,Rabii,Cyrus,Modesto,CA,06,Emergency Medicine,Claim-Specialty,Cephalexin,Cephalexin,87,87,562,682.7,84,#,,,,,#,
1003074345,Rabii,Cyrus,Modesto,CA,06,Emergency Medicine,Claim-Specialty,Doxycycline Hyclate,Doxycycline Hyclate,115,115,1134,1777.52,114,,103,103,1595.13,1014,,102
1003074345,Rabii,Cyrus,Modesto,CA,06,Emergency Medicine,Claim-Specialty,Doxycycline Monohydrate,Doxycycline Monohydrate,16,16,112,137.75,16,,16,16,137.75,112,,16
1003074345,Rabii,Cyrus,Modesto,CA,06,Emergency Medicine,Claim-Specialty,Ibuprofen,Ibuprofen,43,43,427,196.29,42,#,,,,,#,
1003074345,Rabii,Cyrus,Modesto,CA,06,Emergency Medicine,Claim-Specialty,Methylprednisolone,Methylprednisolone,11,11,66,107.76,11,*,,,,,*,
1003074345,Rabii,Cyrus,Modesto,CA,06,Emergency Medicine,Claim-Specialty,Moxifloxacin,Moxifloxacin Hcl,14,14,146,347.41,13,#,,,,,#,
1003074345,Rabii,Cyrus,Modesto,CA,06,Emergency Medicine,Claim-Specialty,Mupirocin,Mupirocin,58,58.9,811,502.35,53,#,,,,,#,
1003074345,Rabii,Cyrus,Modesto,CA,06,Emergency Medicine,Claim-Specialty,Neomycin-Polymyxin-Hydrocort,Neomycin/Polymyxin B/Hydrocort,13,13,120,800.11,13,#,,,,,#,
1003074345,Rabii,Cyrus,Modesto,CA,06,Emergency Medicine,Claim-Specialty,Nitrofurantoin Mono-Macro,Nitrofurantoin Monohyd/M-Cryst,13,13,97,268.99,13,#,,,,,#,
1003074345,Rabii,Cyrus,Modesto,CA,06,Emergency Medicine,Claim-Specialty,Ondansetron Odt,Ondansetron,11,11,110,105.32,11,*,,,,,*,
1003074345,Rabii,Cyrus,Modesto,CA,06,Emergency Medicine,Claim-Specialty,Paxlovid (Eua),Nirmatrelvir/Ritonavir,18,18,90,189,18,#,,,,,#,
1003074345,Rabii,Cyrus,Modesto,CA,06,Emergency Medicine,Claim-Specialty,Prednisone,Prednisone,49,49,282,86.07,49,#,,,,,#,
1003074345,Rabii,Cyrus,Modesto,CA,06,Emergency Medicine,Claim-Specialty,Sulfamethoxazole-Trimethoprim,Sulfamethoxazole/Trimethoprim,13,13,121,142.83,13,*,,,,,*,
1003074923,Pillai,Bindu,Los Angeles,CA,06,Dentist,NPPES-Specialty,Chlorhexidine Gluconate,Chlorhexidine Gluconate,12,12,192,73.98,,,12,12,73.98,192,*,
1003075037,Keselman,Inna,Los Angeles,CA,06,Neurology,Claim-Specialty,Clobazam,Clobazam,19,19,556,12559.95,,*,,,,,*,
1003075037,Keselman,Inna,Los Angeles,CA,06,Neurology,Claim-Specialty,Fycompa,Perampanel,16,16,480,25760.89,,*,,,,,*,
1003075037,Keselman,Inna,Los Angeles,CA,06,Neurology,Claim-Specialty,Lacosamide,Lacosamide,19,27.1,814,2889.74,,#,,,,,*,
1003075128,Warner,Shweta,San Diego,CA,06,Internal Medicine,Claim-Specialty,Amoxicillin,Amoxicillin,14,22,385,282.82,,,14,22,282.82,385,*,
1003075128,Warner,Shweta,San Diego,CA,06,Internal Medicine,Claim-Specialty,Cephalexin,Cephalexin,49,114.5,3302,2279.91,17,#,,,,,#,
1003075128,Warner,Shweta,San Diego,CA,06,Internal Medicine,Claim-Specialty,Cresemba,Isavuconazonium Sulfate,26,33.8,976,187377.3,,#,,,,,*,
1003075128,Warner,Shweta,San Diego,CA,06,Internal Medicine,Claim-Specialty,Doxycycline Monohydrate,Doxycycline Monohydrate,25,53,1498,1130.96,15,#,,,,,#,
1003075128,Warner,Shweta,San Diego,CA,06,Internal Medicine,Claim-Specialty,Ethambutol Hcl,Ethambutol Hcl,22,23.9,708,751.33,,,22,23.9,751.33,708,*,
1003075128,Warner,Shweta,San Diego,CA,06,Internal Medicine,Claim-Specialty,Fluconazole,Fluconazole,21,39.9,1165,2366.52,,,21,39.9,2366.52,1165,*,
1003075128,Warner,Shweta,San Diego,CA,06,Internal Medicine,Claim-Specialty,Prezcobix,Darunavir/Cobicistat,12,12,360,30830.68,,,12,12,30830.68,360,*,
1003075128,Warner,Shweta,San Diego,CA,06,Internal Medicine,Claim-Specialty,Rifabutin,Rifabutin,12,12,360,4954.17,,,12,12,4954.17,360,*,
1003075128,Warner,Shweta,San Diego,CA,06,Internal Medicine,Claim-Specialty,Tivicay,Dolutegravir Sodium,14,18,540,40683.26,,,14,18,40683.26,540,*,
1003075128,Warner,Shweta,San Diego,CA,06,Internal Medicine,Claim-Specialty,Valacyclovir,Valacyclovir Hcl,12,19.5,519,761.46,,,12,19.5,761.46,519,*,
1003075334,Sullivan,Melissa,Los Angeles,CA,06,Psychiatry & Neurology,NPPES-Taxonomy,Bupropion Hcl Sr,Bupropion Hcl,12,36,1080,294.86,,,12,36,294.86,1080,*,
1003075334,Sullivan,Melissa,Los Angeles,CA,06,Psychiatry & Neurology,NPPES-Taxonomy,Bupropion Xl,Bupropion Hcl,23,45,1350,2325.3,,,23,45,2325.3,1350,*,
1003075334,Sullivan,Melissa,Los Angeles,CA,06,Psychiatry & Neurology,NPPES-Taxonomy,Clonazepam,Clonazepam,13,15,450,119.32,,,13,15,119.32,450,*,
1003075334,Sullivan,Melissa,Los Angeles,CA,06,Psychiatry & Neurology,NPPES-Taxonomy,Duloxetine Hcl,Duloxetine Hcl,37,57,1710,555.21,,,37,57,555.21,1710,*,
1003075334,Sullivan,Melissa,Los Angeles,CA,06,Psychiatry & Neurology,NPPES-Taxonomy,Fluoxetine Hcl,Fluoxetine Hcl,57,89,2670,954.46,,,57,89,954.46,2670,*,
1003075334,Sullivan,Melissa,Los Angeles,CA,06,Psychiatry & Neurology,NPPES-Taxonomy,Lamotrigine,Lamotrigine,27,79,2370,501.61,,,27,79,501.61,2370,*,
1003075334,Sullivan,Melissa,Los Angeles,CA,06,Psychiatry & Neurology,NPPES-Taxonomy,Lorazepam,Lorazepam,17,32,945,250.71,,,17,32,250.71,945,*,
1003075334,Sullivan,Melissa,Los Angeles,CA,06,Psychiatry & Neurology,NPPES-Taxonomy,Trazodone Hcl,Trazodone Hcl,22,52,1540,170.16,,,22,52,170.16,1540,*,
1003075334,Sullivan,Melissa,Los Angeles,CA,06,Psychiatry & Neurology,NPPES-Taxonomy,Venlafaxine Hcl Er,Venlafaxine Hcl,14,14,420,131.7,,,14,14,131.7,420,*,
1003075334,Sullivan,Melissa,Los Angeles,CA,06,Psychiatry & Neurology,NPPES-Taxonomy,Zolpidem Tartrate,Zolpidem Tartrate,12,18,540,83.97,,,12,18,83.97,540,*,
1003076399,Kwiatkowski,Katherine,Palo Alto,CA,06,Psychiatry,Claim-Specialty,Alprazolam,Alprazolam,23,23,590,190.65,,#,,,,,*,
1003076399,Kwiatkowski,Katherine,Palo Alto,CA,06,Psychiatry,Claim-Specialty,Bupropion Hcl Sr,Bupropion Hcl,26,50,1500,791.3,,,26,50,791.3,1500,*,
1003076399,Kwiatkowski,Katherine,Palo Alto,CA,06,Psychiatry,Claim-Specialty,Bupropion Xl,Bupropion Hcl,31,81,2400,924.9,,#,,,,,*,
1003076399,Kwiatkowski,Katherine,Palo Alto,CA,06,Psychiatry,Claim-Specialty,Buspirone Hcl,Buspirone Hcl,19,42,1260,453.2,,#,,,,,*,
1003076399,Kwiatkowski,Katherine,Palo Alto,CA,06,Psychiatry,Claim-Specialty,Clonazepam,Clonazepam,26,26,600,116.95,,,13,13,56.46,315,*,
1003076399,Kwiatkowski,Katherine,Palo Alto,CA,06,Psychiatry,Claim-Specialty,Dextroamphetamine-Amphetamine,Dextroamphetamine/Amphetamine,18,18,538,477.49,,#,,,,,*,
1003076399,Kwiatkowski,Katherine,Palo Alto,CA,06,Psychiatry,Claim-Specialty,Diazepam,Diazepam,11,11,120,14.88,,,11,11,14.88,120,*,
1003076399,Kwiatkowski,Katherine,Palo Alto,CA,06,Psychiatry,Claim-Specialty,Duloxetine Hcl,Duloxetine Hcl,40,86,2580,2139.01,,#,,,,,*,
1003076399,Kwiatkowski,Katherine,Palo Alto,CA,06,Psychiatry,Claim-Specialty,Escitalopram Oxalate,Escitalopram Oxalate,45,89,2615,593.58,14,#,,,,,#,
1003076399,Kwiatkowski,Katherine,Palo Alto,CA,06,Psychiatry,Claim-Specialty,Fluoxetine Hcl,Fluoxetine Hcl,13,27,810,270.92,,*,,,,,*,
1003076399,Kwiatkowski,Katherine,Palo Alto,CA,06,Psychiatry,Claim-Specialty,Fluphenazine Hcl,Fluphenazine Hcl,21,21,630,2111.88,,,21,21,2111.88,630,*,
1003076399,Kwiatkowski,Katherine,Palo Alto,CA,06,Psychiatry,Claim-Specialty,Gabapentin,Gabapentin,14,24,720,495.1,,*,,,,,*,
1003076399,Kwiatkowski,Katherine,Palo Alto,CA,06,Psychiatry,Claim-Specialty,Lamotrigine,Lamotrigine,15,45,1350,476.95,,#,,,,,*,
1003076399,Kwiatkowski,Katherine,Palo Alto,CA,06,Psychiatry,Claim-Specialty,Lorazepam,Lorazepam,43,57,1533,393.34,13,#,,,,,*,
1003076399,Kwiatkowski,Katherine,Palo Alto,CA,06,Psychiatry,Claim-Specialty,Mirtazapine,Mirtazapine,14,36,1080,497.56,,,14,36,497.56,1080,*,
1003076399,Kwiatkowski,Katherine,Palo Alto,CA,06,Psychiatry,Claim-Specialty,Olanzapine,Olanzapine,18,30,900,316.19,,#,,,,,*,
1003076399,Kwiatkowski,Katherine,Palo Alto,CA,06,Psychiatry,Claim-Specialty,Quetiapine Fumarate,Quetiapine Fumarate,31,54,1585,876.59,,#,,,,,*,
1003076399,Kwiatkowski,Katherine,Palo Alto,CA,06,Psychiatry,Claim-Specialty,Sertraline Hcl,Sertraline Hcl,27,65.2,1933,501.29,,,27,65.2,501.29,1933,*,
1003076399,Kwiatkowski,Katherine,Palo Alto,CA,06,Psychiatry,Claim-Specialty,Trazodone Hcl,Trazodone Hcl,39,77,2310,855.66,14,,28,56,569.64,1680,#,
1003076399,Kwiatkowski,Katherine,Palo Alto,CA,06,Psychiatry,Claim-Specialty,Venlafaxine Hcl Er,Venlafaxine Hcl,12,32,960,440.3,,*,,,,,*,
1003076399,Kwiatkowski,Katherine,Palo Alto,CA,06,Psychiatry,Claim-Specialty,Zolpidem Tartrate,Zolpidem Tartrate,18,26,690,91.39,,#,,,,,*,
1003076597,Joshi,Leena,Travis Afb,CA,06,Internal Medicine,Claim-Specialty,Allopurinol,Allopurinol,272,714,21298,3601.66,77,,237,649,3091.27,19380,#,
1003076597,Joshi,Leena,Travis Afb,CA,06,Internal Medicine,Claim-Specialty,Alprazolam,Alprazolam,12,12,328,77.42,,#,,,,,*,
1003076597,Joshi,Leena,Travis Afb,CA,06,Internal Medicine,Claim-Specialty,Amlodipine Besylate,Amlodipine Besylate,88,228.5,6855,1658.75,24,,57,167.5,1077.75,5025,#,
1003076597,Joshi,Leena,Travis Afb,CA,06,Internal Medicine,Claim-Specialty,Bumetanide,Bumetanide,81,132.8,3922,4493.51,16,,58,98,3150.25,2888,#,
1003076597,Joshi,Leena,Travis Afb,CA,06,Internal Medicine,Claim-Specialty,Calcitriol,Calcitriol,149,380,11352,4261.25,54,,121,307,2980.28,9162,#,
1003076597,Joshi,Leena,Travis Afb,CA,06,Internal Medicine,Claim-Specialty,Calcium Acetate,Calcium Acetate,73,114.8,3334,9615.5,25,,44,76.1,6195.27,2211,#,
1003076597,Joshi,Leena,Travis Afb,CA,06,Internal Medicine,Claim-Specialty,Carvedilol,Carvedilol,26,46,1380,281.52,,*,,,,,*,
1003076597,Joshi,Leena,Travis Afb,CA,06,Internal Medicine,Claim-Specialty,Cefdinir,Cefdinir,20,20,166,350.28,15,#,,,,,#,
1003076597,Joshi,Leena,Travis Afb,CA,06,Internal Medicine,Claim-Specialty,Clonidine,Clonidine,24,38.4,1120,5648.2,,#,,,,,*,
1003076597,Joshi,Leena,Travis Afb,CA,06,Internal Medicine,Claim-Specialty,Clonidine Hcl,Clonidine Hcl,20,56,1680,370.35,,#,,,,,*,
1003076597,Joshi,Leena,Travis Afb,CA,06,Internal Medicine,Claim-Specialty,Diltiazem 24hr Er (Cd),Diltiazem Hcl,11,27,804,916.26,,*,,,,,*,
1003076597,Joshi,Leena,Travis Afb,CA,06,Internal Medicine,Claim-Specialty,Farxiga,Dapagliflozin Propanediol,14,36,1080,21685.07,,*,,,,,*,
1003076597,Joshi,Leena,Travis Afb,CA,06,Internal Medicine,Claim-Specialty,Furosemide,Furosemide,178,463.4,13846,1432.85,54,,141,375.4,913.75,11206,,43
1003076597,Joshi,Leena,Travis Afb,CA,06,Internal Medicine,Claim-Specialty,Hydralazine Hcl,Hydralazine Hcl,66,119.3,3499,1798.26,17,,32,64,837.64,1886,*,
1003076597,Joshi,Leena,Travis Afb,CA,06,Internal Medicine,Claim-Specialty,Hydrochlorothiazide,Hydrochlorothiazide,19,43.4,1292,220.75,,#,,,,,*,
1003076597,Joshi,Leena,Travis Afb,CA,06,Internal Medicine,Claim-Specialty,Lisinopril,Lisinopril,45,133.2,3997,402.28,16,#,,,,,#,
1003076597,Joshi,Leena,Travis Afb,CA,06,Internal Medicine,Claim-Specialty,Losartan Potassium,Losartan Potassium,71,159,4750,1062.11,18,,44,112,640.23,3342,#,
1003076597,Joshi,Leena,Travis Afb,CA,06,Internal Medicine,Claim-Specialty,Metolazone,Metolazone,22,46.2,1256,502.69,,#,,,,,*,
1003076597,Joshi,Leena,Travis Afb,CA,06,Internal Medicine,Claim-Specialty,Metoprolol Tartrate,Metoprolol Tartrate,37,109,3270,309.82,11,#,,,,,*,
1003076597,Joshi,Leena,Travis Afb,CA,06,Internal Medicine,Claim-Specialty,Nifedipine Er,Nifedipine,28,52,1519,982.56,,#,,,,,*,
1003076597,Joshi,Leena,Travis Afb,CA,06,Internal Medicine,Claim-Specialty,Potassium Chloride,Potassium Chloride,94,176.8,5050,4281.13,23,,81,163.7,2232.49,4656,#,
1003076597,Joshi,Leena,Travis Afb,CA,06,Internal Medicine,Claim-Specialty,Potassium Citrate Er,Potassium Citrate,17,51,1530,4313.29,,#,,,,,*,
1003076597,Joshi,Leena,Travis Afb,CA,06,Internal Medicine,Claim-Specialty,Prednisone,Prednisone,17,17.8,488,87.59,,,17,17.8,87.59,488,*,
1003076597,Joshi,Leena,Travis Afb,CA,06,Internal Medicine,Claim-Specialty,Sevelamer Carbonate,Sevelamer Carbonate,17,25,750,5502.73,,#,,,,,*,
1003076597,Joshi,Leena,Travis Afb,CA,06,Internal Medicine,Claim-Specialty,Spironolactone,Spironolactone,57,127.6,3777,779.46,15,#,,,,,#,
1003076597,Joshi,Leena,Travis Afb,CA,06,Internal Medicine,Claim-Specialty,Veltassa,Patiromer Calcium Sorbitex,29,30.4,876,35780.53,,,11,11.1,13544.93,326,*,
1003076845,Pedneault,Gary,Los Angeles,CA,06,Psychiatry & Neurology,NPPES-Taxonomy,Aripiprazole,Aripiprazole,12,12,360,1095.4,,*,,,,,*,
1003076845,Pedneault,Gary,Los Angeles,CA,06,Psychiatry & Neurology,NPPES-Taxonomy,Hydroxyzine Hcl,Hydroxyzine Hcl,13,14,413,355.67,,,0,0,0,0,#,
1003078338,Chen,Michael,Santa Monica,CA,06,Plastic Surgery,NPPES-Taxonomy,Doxycycline Monohydrate,Doxycycline Monohydrate,35,35,347,410.61,33,,35,35,410.61,347,,33
1003078981,Lee,Paul,Fullerton,CA,06,Interventional Pain Management,Claim-Specialty,Acetaminophen-Codeine,Acetaminophen With Codeine,18,18,261,121.12,11,,18,18,121.12,261,,11
1003078981,Lee,Paul,Fullerton,CA,06,Interventional Pain Management,Claim-Specialty,Baclofen,Baclofen,62,81.5,2220,1428.49,25,,41,52.5,540.93,1400,#,
1003078981,Lee,Paul,Fullerton,CA,06,Interventional Pain Management,Claim-Specialty,Celecoxib,Celecoxib,20,24,585,908.36,,#,,,,,*,
1003078981,Lee,Paul,Fullerton,CA,06,Interventional Pain Management,Claim-Specialty,Cyclobenzaprine Hcl,Cyclobenzaprine Hcl,39,53,1398,381.21,17,,24,28,93.94,717,#,
1003078981,Lee,Paul,Fullerton,CA,06,Interventional Pain Management,Claim-Specialty,Duloxetine Hcl,Duloxetine Hcl,18,30,900,299.26,,#,,,,,*,
1003078981,Lee,Paul,Fullerton,CA,06,Interventional Pain Management,Claim-Specialty,Gabapentin,Gabapentin,112,151.5,4500,2054.09,40,,81,104.5,1189.63,3105,#,
1003078981,Lee,Paul,Fullerton,CA,06,Interventional Pain Management,Claim-Specialty,Hydrocodone-Acetaminophen,Hydrocodone/Acetaminophen,159,159,3667,2155.2,48,#,,,,,#,
1003078981,Lee,Paul,Fullerton,CA,06,Interventional Pain Management,Claim-Specialty,Lumigan,Bimatoprost,20,20,500,5392.56,,,20,20,5392.56,500,*,
1003078981,Lee,Paul,Fullerton,CA,06,Interventional Pain Management,Claim-Specialty,Meloxicam,Meloxicam,32,47,1260,202.24,21,,17,18,81.53,435,#,
1003078981,Lee,Paul,Fullerton,CA,06,Interventional Pain Management,Claim-Specialty,Methocarbamol,Methocarbamol,33,37,822,262.46,17,#,,,,,#,
1003078981,Lee,Paul,Fullerton,CA,06,Interventional Pain Management,Claim-Specialty,Morphine Sulfate Er,Morphine Sulfate,65,65,1832,1622.62,12,,35,35,540.04,1010,*,
1003078981,Lee,Paul,Fullerton,CA,06,Interventional Pain Management,Claim-Specialty,Oxycodone Hcl,Oxycodone Hcl,41,41,1055,784.21,15,,29,29,579.22,740,*,
1003078981,Lee,Paul,Fullerton,CA,06,Interventional Pain Management,Claim-Specialty,Oxycodone-Acetaminophen,Oxycodone Hcl/Acetaminophen,79,79,1707,1862.78,23,,51,51,961.8,1085,#,
1003078981,Lee,Paul,Fullerton,CA,06,Interventional Pain Management,Claim-Specialty,Oxycontin,Oxycodone Hcl,11,11,330,12997.48,,*,,,,,*,
1003078981,Lee,Paul,Fullerton,CA,06,Interventional Pain Management,Claim-Specialty,Pregabalin,Pregabalin,34,34,975,253.5,,,19,19,169.88,525,*,
1003078981,Lee,Paul,Fullerton,CA,06,Interventional Pain Management,Claim-Specialty,Tizanidine Hcl,Tizanidine Hcl,26,26.7,766,268.54,,*,,,,,*,
1003078981,Lee,Paul,Fullerton,CA,06,Interventional Pain Management,Claim-Specialty,Tramadol Hcl,Tramadol Hcl,44,44,1011,230.81,26,,27,27,121.9,567,#,
1003078981,Lee,Paul,Fullerton,CA,06,Interventional Pain Management,Claim-Specialty,Vascepa,Icosapent Ethyl,12,12,360,2403,,,12,12,2403,360,*,
1003078981,Lee,Paul,Fullerton,CA,06,Interventional Pain Management,Claim-Specialty,Xtampza Er,Oxycodone Myristate,30,30,900,15319.01,,,30,30,15319.01,900,*,
1003079062,Mundi,Jagmeet,Mission Viejo,CA,06,Otolaryngology,Claim-Specialty,Amoxicillin-Clavulanate Potass,Amoxicillin/Potassium Clav,134,134,1095,1140.66,119,#,,,,,#,
1003079062,Mundi,Jagmeet,Mission Viejo,CA,06,Otolaryngology,Claim-Specialty,Azithromycin,Azithromycin,11,11,55,45.04,,,11,11,45.04,55,*,
1003079062,Mundi,Jagmeet,Mission Viejo,CA,06,Otolaryngology,Claim-Specialty,Clarithromycin,Clarithromycin,37,37,288,623.1,35,,37,37,623.1,288,,35
1003079062,Mundi,Jagmeet,Mission Viejo,CA,06,Otolaryngology,Claim-Specialty,Clindamycin Hcl,Clindamycin Hcl,21,21,154,195.5,19,,21,21,195.5,154,,19
1003079062,Mundi,Jagmeet,Mission Viejo,CA,06,Otolaryngology,Claim-Specialty,Doxycycline Monohydrate,Doxycycline Monohydrate,67,67,774,1056.48,62,#,,,,,#,
1003079062,Mundi,Jagmeet,Mission Viejo,CA,06,Otolaryngology,Claim-Specialty,Hydrocodone-Acetaminophen,Hydrocodone/Acetaminophen,24,24,126,140.8,23,,24,24,140.8,126,,23
1003079062,Mundi,Jagmeet,Mission Viejo,CA,06,Otolaryngology,Claim-Specialty,Ipratropium Bromide,Ipratropium Bromide,21,30.5,866,1197.09,13,,21,30.5,1197.09,866,,13
1003079062,Mundi,Jagmeet,Mission Viejo,CA,06,Otolaryngology,Claim-Specialty,Methylprednisolone,Methylprednisolone,57,57,341,524.29,54,#,,,,,#,
1003079062,Mundi,Jagmeet,Mission Viejo,CA,06,Otolaryngology,Claim-Specialty,Montelukast Sodium,Montelukast Sodium,13,31,930,181.1,,,13,31,181.1,930,*,
1003079062,Mundi,Jagmeet,Mission Viejo,CA,06,Otolaryngology,Claim-Specialty,Mupirocin,Mupirocin,34,34,710,236.3,32,#,,,,,#,
1003079062,Mundi,Jagmeet,Mission Viejo,CA,06,Otolaryngology,Claim-Specialty,Ofloxacin,Ofloxacin,44,44,501,787.91,30,,44,44,787.91,501,,30
1003079062,Mundi,Jagmeet,Mission Viejo,CA,06,Otolaryngology,Claim-Specialty,Omeprazole,Omeprazole,16,25,735,191.8,,,16,25,191.8,735,*,
1003079062,Mundi,Jagmeet,Mission Viejo,CA,06,Otolaryngology,Claim-Specialty,Prednisone,Prednisone,15,15,107,44.6,13,,15,15,44.6,107,,13
1003079062,Mundi,Jagmeet,Mission Viejo,CA,06,Otolaryngology,Claim-Specialty,Sulfamethoxazole-Trimethoprim,Sulfamethoxazole/Trimethoprim,20,20,208,90.81,16,,20,20,90.81,208,,16
1003080052,Cronin,Julia,Mountain View,CA,06,Allergy/ Immunology,Claim-Specialty,Albuterol Sulfate Hfa,Albuterol Sulfate,29,29.1,604,495.39,,#,,,,,*,
1003080052,Cronin,Julia,Mountain View,CA,06,Allergy/ Immunology,Claim-Specialty,Alvesco,Ciclesonide,12,12.5,375,7655.18,,,0,0,0,0,#,
1003080052,Cronin,Julia,Mountain View,CA,06,Allergy/ Immunology,Claim-Specialty,Azelastine Hcl,Azelastine Hcl,39,81.2,2410,3129.71,15,,39,81.2,3129.71,2410,,15
1003080052,Cronin,Julia,Mountain View,CA,06,Allergy/ Immunology,Claim-Specialty,Breo Ellipta,Fluticasone/Vilanterol,13,15,450,6417.37,,,13,15,6417.37,450,*,
1003080052,Cronin,Julia,Mountain View,CA,06,Allergy/ Immunology,Claim-Specialty,Dulera,Mometasone/Formoterol,19,29,840,9607.68,,,19,29,9607.68,840,*,
1003080052,Cronin,Julia,Mountain View,CA,06,Allergy/ Immunology,Claim-Specialty,Dupixent Pen,Dupilumab,15,15,420,53956.18,,,15,15,53956.18,420,*,
1003080052,Cronin,Julia,Mountain View,CA,06,Allergy/ Immunology,Claim-Specialty,Mometasone Furoate,Mometasone Furoate,12,33.7,1010,3493.66,,#,,,,,*,
1003080052,Cronin,Julia,Mountain View,CA,06,Allergy/ Immunology,Claim-Specialty,Montelukast Sodium,Montelukast Sodium,43,89,2650,803.05,14,,26,62,444.44,1840,#,
1003080243,Kelleti,Arunasri,San Jose,CA,06,Internal Medicine,Claim-Specialty,Albuterol Sulfate Hfa,Albuterol Sulfate,37,37,840,1371.61,15,#,,,,,#,
1003080243,Kelleti,Arunasri,San Jose,CA,06,Internal Medicine,Claim-Specialty,Alendronate Sodium,Alendronate Sodium,29,73.9,2209,516.28,,,29,73.9,516.28,2209,*,
1003080243,Kelleti,Arunasri,San Jose,CA,06,Internal Medicine,Claim-Specialty,Amlodipine Besylate,Amlodipine Besylate,163,422,12657,2599.89,58,,127,361.5,2240.08,10846,#,
1003080243,Kelleti,Arunasri,San Jose,CA,06,Internal Medicine,Claim-Specialty,Atenolol,Atenolol,13,36.5,1096,367.69,,#,,,,,*,
1003080243,Kelleti,Arunasri,San Jose,CA,06,Internal Medicine,Claim-Specialty,Atorvastatin Calcium,Atorvastatin Calcium,160,415.2,12436,3342.59,60,,115,329.6,2615.47,9869,,49
1003080243,Kelleti,Arunasri,San Jose,CA,06,Internal Medicine,Claim-Specialty,Baclofen,Baclofen,20,37,1090,644.86,,#,,,,,*,
1003080243,Kelleti,Arunasri,San Jose,CA,06,Internal Medicine,Claim-Specialty,Basaglar Kwikpen U-100,"Insulin Glargine,hum.Rec.Anlog",11,19.1,565,2863.87,,*,,,,,*,
1003080243,Kelleti,Arunasri,San Jose,CA,06,Internal Medicine,Claim-Specialty,Benazepril Hcl,Benazepril Hcl,16,48,1440,677.38,,,16,48,677.38,1440,*,
1003080243,Kelleti,Arunasri,San Jose,CA,06,Internal Medicine,Claim-Specialty,Cyclobenzaprine Hcl,Cyclobenzaprine Hcl,16,16,404,138.55,,*,,,,,*,
1003080243,Kelleti,Arunasri,San Jose,CA,06,Internal Medicine,Claim-Specialty,Diclofenac Sodium,Diclofenac Sodium,21,22.3,602,586.87,,,21,22.3,586.87,602,*,
1003080243,Kelleti,Arunasri,San Jose,CA,06,Internal Medicine,Claim-Specialty,Eliquis,Apixaban,15,41,1230,22444.71,,,15,41,22444.71,1230,*,
1003080243,Kelleti,Arunasri,San Jose,CA,06,Internal Medicine,Claim-Specialty,Famotidine,Famotidine,21,43.1,1277,329.12,,#,,,,,*,
1003080243,Kelleti,Arunasri,San Jose,CA,06,Internal Medicine,Claim-Specialty,Fluticasone Propionate,Fluticasone Propionate,30,59,1770,585.15,22,#,,,,,#,
1003080243,Kelleti,Arunasri,San Jose,CA,06,Internal Medicine,Claim-Specialty,Furosemide,Furosemide,12,29,870,98.35,,,12,29,98.35,870,*,
1003080243,Kelleti,Arunasri,San Jose,CA,06,Internal Medicine,Claim-Specialty,Gabapentin,Gabapentin,77,167,4990,2507.98,30,#,,,,,#,
1003080243,Kelleti,Arunasri,San Jose,CA,06,Internal Medicine,Claim-Specialty,Glipizide,Glipizide,27,47.2,1418,209.07,,,15,35,141.31,1050,*,
1003080243,Kelleti,Arunasri,San Jose,CA,06,Internal Medicine,Claim-Specialty,Hydralazine Hcl,Hydralazine Hcl,12,21,630,178.65,,#,,,,,*,
1003080243,Kelleti,Arunasri,San Jose,CA,06,Internal Medicine,Claim-Specialty,Hydrochlorothiazide,Hydrochlorothiazide,37,107,3210,229.8,17,#,,,,,#,
1003080243,Kelleti,Arunasri,San Jose,CA,06,Internal Medicine,Claim-Specialty,Hydroxyzine Hcl,Hydroxyzine Hcl,11,11,331,91.89,,*,,,,,*,
1003080243,Kelleti,Arunasri,San Jose,CA,06,Internal Medicine,Claim-Specialty,Januvia,Sitagliptin Phosphate,55,127,3759,72846.33,16,,43,114.8,65566.64,3394,#,
1003080243,Kelleti,Arunasri,San Jose,CA,06,Internal Medicine,Claim-Specialty,Jardiance,Empagliflozin,23,68.5,2056,42240.71,,,23,68.5,42240.71,2056,*,
1003080243,Kelleti,Arunasri,San Jose,CA,06,Internal Medicine,Claim-Specialty,Levothyroxine Sodium,Levothyroxine Sodium,58,148.1,4415,1579.61,18,,46,120.1,1239.14,3575,#,
1003080243,Kelleti,Arunasri,San Jose,CA,06,Internal Medicine,Claim-Specialty,Lisinopril,Lisinopril,43,121,3605,696.96,20,#,,,,,#,
1003080243,Kelleti,Arunasri,San Jose,CA,06,Internal Medicine,Claim-Specialty,Losartan Potassium,Losartan Potassium,100,290.5,8700,2758.35,38,,88,254.5,2439.07,7620,#,
1003080243,Kelleti,Arunasri,San Jose,CA,06,Internal Medicine,Claim-Specialty,Metformin Hcl,Metformin Hcl,123,302,9048,2474.06,38,,98,274.5,2328.12,8228,#,
1003080243,Kelleti,Arunasri,San Jose,CA,06,Internal Medicine,Claim-Specialty,Metformin Hcl Er,Metformin Hcl,14,42,1260,306.46,,#,,,,,*,
1003080243,Kelleti,Arunasri,San Jose,CA,06,Internal Medicine,Claim-Specialty,Metoclopramide Hcl,Metoclopramide Hcl,12,12,360,132.33,,,12,12,132.33,360,*,
1003080243,Kelleti,Arunasri,San Jose,CA,06,Internal Medicine,Claim-Specialty,Metoprolol Succinate,Metoprolol Succinate,29,72,2160,517.54,13,,29,72,517.54,2160,,13
1003080243,Kelleti,Arunasri,San Jose,CA,06,Internal Medicine,Claim-Specialty,Metoprolol Tartrate,Metoprolol Tartrate,23,66.5,1980,430.65,,#,,,,,*,
1003080243,Kelleti,Arunasri,San Jose,CA,06,Internal Medicine,Claim-Specialty,Nitrofurantoin Mono-Macro,Nitrofurantoin Monohyd/M-Cryst,33,33,406,573.01,,,33,33,573.01,406,*,
1003080243,Kelleti,Arunasri,San Jose,CA,06,Internal Medicine,Claim-Specialty,Omeprazole,Omeprazole,93,197.9,5937,1924.52,34,,59,141.5,1436.6,4245,#,
1003080243,Kelleti,Arunasri,San Jose,CA,06,Internal Medicine,Claim-Specialty,Oxybutynin Chloride,Oxybutynin Chloride,20,34.1,1022,712.22,,,20,34.1,712.22,1022,*,
1003080243,Kelleti,Arunasri,San Jose,CA,06,Internal Medicine,Claim-Specialty,Oxybutynin Chloride Er,Oxybutynin Chloride,16,38,1140,923.61,,#,,,,,*,
1003080243,Kelleti,Arunasri,San Jose,CA,06,Internal Medicine,Claim-Specialty,Pravastatin Sodium,Pravastatin Sodium,20,57.9,1710,584.12,,,20,57.9,584.12,1710,*,
1003080243,Kelleti,Arunasri,San Jose,CA,06,Internal Medicine,Claim-Specialty,Pregabalin,Pregabalin,29,72.5,2175,2307.07,17,#,,,,,#,
1003080243,Kelleti,Arunasri,San Jose,CA,06,Internal Medicine,Claim-Specialty,Rosuvastatin Calcium,Rosuvastatin Calcium,21,53,1590,667.6,,#,,,,,*,
1003080243,Kelleti,Arunasri,San Jose,CA,06,Internal Medicine,Claim-Specialty,Rybelsus,Semaglutide,13,13,390,12586.73,,,0,0,0,0,#,
1003080243,Kelleti,Arunasri,San Jose,CA,06,Internal Medicine,Claim-Specialty,Sertraline Hcl,Sertraline Hcl,20,38,1140,282.16,,,20,38,282.16,1140,*,
1003080243,Kelleti,Arunasri,San Jose,CA,06,Internal Medicine,Claim-Specialty,Simvastatin,Simvastatin,20,60,1800,586.07,,,20,60,586.07,1800,*,
1003080243,Kelleti,Arunasri,San Jose,CA,06,Internal Medicine,Claim-Specialty,Tamsulosin Hcl,Tamsulosin Hcl,24,69,2070,775.84,,,24,69,775.84,2070,*,
1003080243,Kelleti,Arunasri,San Jose,CA,06,Internal Medicine,Claim-Specialty,Trulicity,Dulaglutide,21,35.6,1042,36738.93,,,21,35.6,36738.93,1042,*,
1003080243,Kelleti,Arunasri,San Jose,CA,06,Internal Medicine,Claim-Specialty,Ventolin Hfa,Albuterol Sulfate,16,20.7,581,1005.26,,*,,,,,*,
1003081357,Waggoner,Jesse,Belmont,CA,06,Infectious Disease,Claim-Specialty,Atovaquone-Proguanil Hcl,Atovaquone/Proguanil Hcl,17,17.9,387,1738.03,17,,17,17.9,1738.03,387,,17
1003081357,Waggoner,Jesse,Belmont,CA,06,Infectious Disease,Claim-Specialty,Azithromycin,Azithromycin,16,16,58,69.57,13,,16,16,69.57,58,,13
1003083031,Canet,Frances,Auburn,CA,06,Cardiology,Claim-Specialty,Amiodarone Hcl,Amiodarone Hcl,38,95.1,2852,1357.53,14,,38,95.1,1357.53,2852,,14
1003083031,Canet,Frances,Auburn,CA,06,Cardiology,Claim-Specialty,Amlodipine Besylate,Amlodipine Besylate,370,1069.5,32069,3088.09,115,,370,1069.5,3088.09,32069,,115
1003083031,Canet,Frances,Auburn,CA,06,Cardiology,Claim-Specialty,Atenolol,Atenolol,45,131,3930,816.87,15,#,,,,,#,
1003083031,Canet,Frances,Auburn,CA,06,Cardiology,Claim-Specialty,Atorvastatin Calcium,Atorvastatin Calcium,597,1745,52327,10011.47,178,,584,1706,9642,51157,#,
1003083031,Canet,Frances,Auburn,CA,06,Cardiology,Claim-Specialty,Bisoprolol Fumarate,Bisoprolol Fumarate,12,24.5,690,582.77,,,12,24.5,582.77,690,*,
1003083031,Canet,Frances,Auburn,CA,06,Cardiology,Claim-Specialty,Candesartan Cilexetil,Candesartan Cilexetil,13,35,1050,1345.57,,,13,35,1345.57,1050,*,
1003083031,Canet,Frances,Auburn,CA,06,Cardiology,Claim-Specialty,Cartia Xt,Diltiazem Hcl,23,61,1830,1153.64,12,,23,61,1153.64,1830,,12
1003083031,Canet,Frances,Auburn,CA,06,Cardiology,Claim-Specialty,Carvedilol,Carvedilol,132,393,11790,2148.38,42,#,,,,,#,
1003083031,Canet,Frances,Auburn,CA,06,Cardiology,Claim-Specialty,Clonidine Hcl,Clonidine Hcl,38,112,3360,617.92,11,,38,112,617.92,3360,,11
1003083031,Canet,Frances,Auburn,CA,06,Cardiology,Claim-Specialty,Clopidogrel,Clopidogrel Bisulfate,83,240.3,7210,1697.76,27,#,,,,,#,
1003083031,Canet,Frances,Auburn,CA,06,Cardiology,Claim-Specialty,Dabigatran Etexilate,Dabigatran Etexilate Mesylate,16,28,840,5143.82,,,16,28,5143.82,840,*,
1003083031,Canet,Frances,Auburn,CA,06,Cardiology,Claim-Specialty,Digoxin,Digoxin,65,187,5585,1921.07,22,#,,,,,#,
1003083031,Canet,Frances,Auburn,CA,06,Cardiology,Claim-Specialty,Dilt-Xr,Diltiazem Hcl,16,48,1440,423.04,,,16,48,423.04,1440,*,
1003083031,Canet,Frances,Auburn,CA,06,Cardiology,Claim-Specialty,Diltiazem 24hr Er,Diltiazem Hcl,21,63,1890,1115.42,,#,,,,,*,
1003083031,Canet,Frances,Auburn,CA,06,Cardiology,Claim-Specialty,Diltiazem 24hr Er (Cd),Diltiazem Hcl,158,451,13530,7397.62,55,,158,451,7397.62,13530,,55
1003083031,Canet,Frances,Auburn,CA,06,Cardiology,Claim-Specialty,Diltiazem Hcl,Diltiazem Hcl,33,55,1444,776.58,20,,33,55,776.58,1444,,20
1003083031,Canet,Frances,Auburn,CA,06,Cardiology,Claim-Specialty,Eliquis,Apixaban,514,1180.6,35418,677996.7,134,,514,1180.6,677996.7,35418,,134
1003083031,Canet,Frances,Auburn,CA,06,Cardiology,Claim-Specialty,Entresto,Sacubitril/Valsartan,95,197,5910,135510.17,26,,95,197,135510.17,5910,,26
1003083031,Canet,Frances,Auburn,CA,06,Cardiology,Claim-Specialty,Ezetimibe,Ezetimibe,169,466.4,13992,7497.78,50,,169,466.4,7497.78,13992,,50
1003083031,Canet,Frances,Auburn,CA,06,Cardiology,Claim-Specialty,Farxiga,Dapagliflozin Propanediol,41,73,2190,43507.19,11,,41,73,43507.19,2190,,11
1003083031,Canet,Frances,Auburn,CA,06,Cardiology,Claim-Specialty,Fenofibrate,Fenofibrate Nanocrystallized,11,33,990,599.44,,,11,33,599.44,990,*,
1003083031,Canet,Frances,Auburn,CA,06,Cardiology,Claim-Specialty,Flecainide Acetate,Flecainide Acetate,60,169.5,5070,3571.15,19,,60,169.5,3571.15,5070,,19
1003083031,Canet,Frances,Auburn,CA,06,Cardiology,Claim-Specialty,Furosemide,Furosemide,251,650.6,19489,2230.5,82,#,,,,,#,
1003083031,Canet,Frances,Auburn,CA,06,Cardiology,Claim-Specialty,Hydralazine Hcl,Hydralazine Hcl,68,162,4813,1436.19,26,#,,,,,#,
1003083031,Canet,Frances,Auburn,CA,06,Cardiology,Claim-Specialty,Hydrochlorothiazide,Hydrochlorothiazide,164,472,14130,1448.37,58,#,,,,,#,
1003083031,Canet,Frances,Auburn,CA,06,Cardiology,Claim-Specialty,Icosapent Ethyl,Icosapent Ethyl,13,35,1050,6177.86,,,13,35,6177.86,1050,*,
1003083031,Canet,Frances,Auburn,CA,06,Cardiology,Claim-Specialty,Isosorbide Mononitrate Er,Isosorbide Mononitrate,63,187,5610,1182.61,17,,63,187,1182.61,5610,,17
1003083031,Canet,Frances,Auburn,CA,06,Cardiology,Claim-Specialty,Jardiance,Empagliflozin,11,33,990,20107.22,,*,,,,,*,
1003083031,Canet,Frances,Auburn,CA,06,Cardiology,Claim-Specialty,Lisinopril,Lisinopril,250,740.2,22205,2759.78,75,#,,,,,#,
1003083031,Canet,Frances,Auburn,CA,06,Cardiology,Claim-Specialty,Losartan Potassium,Losartan Potassium,377,1100.6,33017,6814.43,116,#,,,,,#,
1003083031,Canet,Frances,Auburn,CA,06,Cardiology,Claim-Specialty,Metoprolol Succinate,Metoprolol Succinate,715,2095.3,62850,15224.63,221,,696,2038.3,14548.4,61140,#,
1003083031,Canet,Frances,Auburn,CA,06,Cardiology,Claim-Specialty,Metoprolol Tartrate,Metoprolol Tartrate,141,379.6,11337,1634.83,52,#,,,,,#,
1003083031,Canet,Frances,Auburn,CA,06,Cardiology,Claim-Specialty,Multaq,Dronedarone Hcl,23,45,1350,35089.21,,,23,45,35089.21,1350,*,
1003083031,Canet,Frances,Auburn,CA,06,Cardiology,Claim-Specialty,Nebivolol Hcl,Nebivolol Hcl,22,61,1830,2057.69,,,22,61,2057.69,1830,*,
1003083031,Canet,Frances,Auburn,CA,06,Cardiology,Claim-Specialty,Nitroglycerin,Nitroglycerin,36,51.3,1312,719.47,22,,36,51.3,719.47,1312,,22
1003083031,Canet,Frances,Auburn,CA,06,Cardiology,Claim-Specialty,Olmesartan Medoxomil,Olmesartan Medoxomil,12,36,1080,543.71,,,12,36,543.71,1080,*,
1003083031,Canet,Frances,Auburn,CA,06,Cardiology,Claim-Specialty,Pantoprazole Sodium,Pantoprazole Sodium,12,36,1080,795.64,,,12,36,795.64,1080,*,
1003083031,Canet,Frances,Auburn,CA,06,Cardiology,Claim-Specialty,Potassium Chloride,Potassium Chloride,56,152,4560,2398.93,22,#,,,,,#,
1003083031,Canet,Frances,Auburn,CA,06,Cardiology,Claim-Specialty,Pravastatin Sodium,Pravastatin Sodium,60,180,5400,1043.38,21,,60,180,1043.38,5400,,21
1003083031,Canet,Frances,Auburn,CA,06,Cardiology,Claim-Specialty,Propranolol Hcl,Propranolol Hcl,16,42,1260,423.9,,#,,,,,*,
1003083031,Canet,Frances,Auburn,CA,06,Cardiology,Claim-Specialty,Repatha Pushtronex,Evolocumab,18,32.8,976,21625.4,,#,,,,,*,
1003083031,Canet,Frances,Auburn,CA,06,Cardiology,Claim-Specialty,Repatha Sureclick,Evolocumab,65,112.2,3292,63268.15,13,,65,112.2,63268.15,3292,,13
1003083031,Canet,Frances,Auburn,CA,06,Cardiology,Claim-Specialty,Rosuvastatin Calcium,Rosuvastatin Calcium,336,998.4,29902,7859.4,102,,336,998.4,7859.4,29902,,102
1003083031,Canet,Frances,Auburn,CA,06,Cardiology,Claim-Specialty,Simvastatin,Simvastatin,17,41,1230,352.21,,,17,41,352.21,1230,*,
1003083031,Canet,Frances,Auburn,CA,06,Cardiology,Claim-Specialty,Sotalol,Sotalol Hcl,12,36,1080,715.06,,,12,36,715.06,1080,*,
1003083031,Canet,Frances,Auburn,CA,06,Cardiology,Claim-Specialty,Spironolactone,Spironolactone,161,465,13950,2335.79,54,,161,465,2335.79,13950,,54
1003083031,Canet,Frances,Auburn,CA,06,Cardiology,Claim-Specialty,Valsartan,Valsartan,30,90,2700,1455.41,,,30,90,1455.41,2700,*,
1003083031,Canet,Frances,Auburn,CA,06,Cardiology,Claim-Specialty,Vascepa,Icosapent Ethyl,22,32,960,9384.5,,,22,32,9384.5,960,*,
1003083031,Canet,Frances,Auburn,CA,06,Cardiology,Claim-Specialty,Warfarin Sodium,Warfarin Sodium,31,70.9,2112,1300.38,,,31,70.9,1300.38,2112,*,
1003083031,Canet,Frances,Auburn,CA,06,Cardiology,Claim-Specialty,Xarelto,Rivaroxaban,150,398.9,11968,227316.96,42,,150,398.9,227316.96,11968,,42
1003083965,Bautista,Reymond,Davis,CA,06,Dentist,NPPES-Specialty,Ibuprofen,Ibuprofen,12,12,80,67.87,,*,,,,,*,
1003084120,Nowain,Arash,Beverly Hills,CA,06,Specialist,NPPES-Taxonomy,Amitriptyline Hcl,Amitriptyline Hcl,12,12,360,59.82,,,12,12,59.82,360,*,
1003084120,Nowain,Arash,Beverly Hills,CA,06,Specialist,NPPES-Taxonomy,Creon,Lipase/Protease/Amylase,12,13.8,340,22134.92,,,12,13.8,22134.92,340,*,
1003084120,Nowain,Arash,Beverly Hills,CA,06,Specialist,NPPES-Taxonomy,Dexilant,Dexlansoprazole,11,23,690,7619.39,,,11,23,7619.39,690,*,
1003084120,Nowain,Arash,Beverly Hills,CA,06,Specialist,NPPES-Taxonomy,Esomeprazole Magnesium,Esomeprazole Magnesium,12,12,334,651.1,,,12,12,651.1,334,*,
1003084120,Nowain,Arash,Beverly Hills,CA,06,Specialist,NPPES-Taxonomy,Hydrocortisone,Hydrocortisone,17,17,510,537.31,,,17,17,537.31,510,*,
1003084120,Nowain,Arash,Beverly Hills,CA,06,Specialist,NPPES-Taxonomy,Linzess,Linaclotide,14,22,660,12253.38,,,14,22,12253.38,660,*,
1003084120,Nowain,Arash,Beverly Hills,CA,06,Specialist,NPPES-Taxonomy,Omeprazole,Omeprazole,61,105,3150,769.67,17,,49,93,692.87,2790,#,
1003084120,Nowain,Arash,Beverly Hills,CA,06,Specialist,NPPES-Taxonomy,Ondansetron Odt,Ondansetron,11,11,69,124.01,,,11,11,124.01,69,*,
1003085192,Price,Robert,San Luis Obispo,CA,06,Neurology,Claim-Specialty,Aimovig Autoinjector,Erenumab-Aooe,36,58,1740,42875.77,,#,,,,,*,
1003085192,Price,Robert,San Luis Obispo,CA,06,Neurology,Claim-Specialty,Amitriptyline Hcl,Amitriptyline Hcl,17,31,930,282.73,,#,,,,,*,
1003085192,Price,Robert,San Luis Obispo,CA,06,Neurology,Claim-Specialty,Austedo,Deutetrabenazine,15,15,450,117289.13,,,15,15,117289.13,450,*,
1003085192,Price,Robert,San Luis Obispo,CA,06,Neurology,Claim-Specialty,Botox,Onabotulinumtoxina,18,53.8,1614,22040.02,,,18,53.8,22040.02,1614,*,
1003085192,Price,Robert,San Luis Obispo,CA,06,Neurology,Claim-Specialty,Briviact,Brivaracetam,29,29.3,880,52359.7,,,0,0,0,0,#,
1003085192,Price,Robert,San Luis Obispo,CA,06,Neurology,Claim-Specialty,Carbamazepine,Carbamazepine,13,17,510,3955.43,,*,,,,,*,
1003085192,Price,Robert,San Luis Obispo,CA,06,Neurology,Claim-Specialty,Carbidopa-Levodopa,Carbidopa/Levodopa,89,199,5970,6040.96,30,,89,199,6040.96,5970,,30
1003085192,Price,Robert,San Luis Obispo,CA,06,Neurology,Claim-Specialty,Carbidopa-Levodopa Er,Carbidopa/Levodopa,25,53,1590,3612.75,,,25,53,3612.75,1590,*,
1003085192,Price,Robert,San Luis Obispo,CA,06,Neurology,Claim-Specialty,Clonazepam,Clonazepam,11,11,328,74.87,,,0,0,0,0,#,
1003085192,Price,Robert,San Luis Obispo,CA,06,Neurology,Claim-Specialty,Donepezil Hcl,Donepezil Hcl,22,42,1260,489.74,13,,22,42,489.74,1260,,13
1003085192,Price,Robert,San Luis Obispo,CA,06,Neurology,Claim-Specialty,Duloxetine Hcl,Duloxetine Hcl,35,69,2070,1498.44,13,,35,69,1498.44,2070,,13
1003085192,Price,Robert,San Luis Obispo,CA,06,Neurology,Claim-Specialty,Emgality Pen,Galcanezumab-Gnlm,22,22,652,16145.33,,#,,,,,*,
1003085192,Price,Robert,San Luis Obispo,CA,06,Neurology,Claim-Specialty,Escitalopram Oxalate,Escitalopram Oxalate,21,21,630,373.31,,,21,21,373.31,630,*,
1003085192,Price,Robert,San Luis Obispo,CA,06,Neurology,Claim-Specialty,Gabapentin,Gabapentin,46,82,2390,1185.59,20,,46,82,1185.59,2390,,20
1003085192,Price,Robert,San Luis Obispo,CA,06,Neurology,Claim-Specialty,Gocovri,Amantadine Hcl,13,13,390,32151.28,,,13,13,32151.28,390,*,
1003085192,Price,Robert,San Luis Obispo,CA,06,Neurology,Claim-Specialty,Lacosamide,Lacosamide,108,147,4410,9393.7,15,,77,112,5359.91,3360,#,
1003085192,Price,Robert,San Luis Obispo,CA,06,Neurology,Claim-Specialty,Lamotrigine,Lamotrigine,47,121,3630,1429.47,12,#,,,,,*,
1003085192,Price,Robert,San Luis Obispo,CA,06,Neurology,Claim-Specialty,Levetiracetam,Levetiracetam,95,217.7,6505,6573.89,27,,69,175.6,4587.21,5245,#,
1003085192,Price,Robert,San Luis Obispo,CA,06,Neurology,Claim-Specialty,Levetiracetam Er,Levetiracetam,27,67,2010,2781.97,,#,,,,,*,
1003085192,Price,Robert,San Luis Obispo,CA,06,Neurology,Claim-Specialty,Memantine Hcl,Memantine Hcl,11,27,810,805.5,,,11,27,805.5,810,*,
1003085192,Price,Robert,San Luis Obispo,CA,06,Neurology,Claim-Specialty,Nurtec Odt,Rimegepant Sulfate,14,19.2,560,26109.77,,,14,19.2,26109.77,560,*,
1003085192,Price,Robert,San Luis Obispo,CA,06,Neurology,Claim-Specialty,Oxcarbazepine,Oxcarbazepine,16,32,960,1238.04,,#,,,,,*,
1003085192,Price,Robert,San Luis Obispo,CA,06,Neurology,Claim-Specialty,Pramipexole Dihydrochloride,Pramipexole Di-Hcl,15,35,1035,555.96,,,15,35,555.96,1035,*,
1003085192,Price,Robert,San Luis Obispo,CA,06,Neurology,Claim-Specialty,Primidone,Primidone,16,32,960,1413.62,,,16,32,1413.62,960,*,
1003085192,Price,Robert,San Luis Obispo,CA,06,Neurology,Claim-Specialty,Propranolol Hcl,Propranolol Hcl,34,56,1680,1247.14,11,,34,56,1247.14,1680,,11
1003085192,Price,Robert,San Luis Obispo,CA,06,Neurology,Claim-Specialty,Pyridostigmine Bromide,Pyridostigmine Bromide,14,23.9,708,2309.61,,,14,23.9,2309.61,708,*,
1003085192,Price,Robert,San Luis Obispo,CA,06,Neurology,Claim-Specialty,Quetiapine Fumarate,Quetiapine Fumarate,14,20,600,584.69,,*,,,,,*,
1003085192,Price,Robert,San Luis Obispo,CA,06,Neurology,Claim-Specialty,Qulipta,Atogepant,12,12,360,11932.06,,,12,12,11932.06,360,*,
1003085192,Price,Robert,San Luis Obispo,CA,06,Neurology,Claim-Specialty,Rizatriptan,Rizatriptan Benzoate,67,86.9,2179,2672.22,15,#,,,,,#,
1003085192,Price,Robert,San Luis Obispo,CA,06,Neurology,Claim-Specialty,Ropinirole Hcl,Ropinirole Hcl,19,41,1140,542.96,,,19,41,542.96,1140,*,
1003085192,Price,Robert,San Luis Obispo,CA,06,Neurology,Claim-Specialty,Rytary,Carbidopa/Levodopa,32,56,1680,24132.2,,,32,56,24132.2,1680,*,
1003085192,Price,Robert,San Luis Obispo,CA,06,Neurology,Claim-Specialty,Sumatriptan Succinate,Sumatriptan Succinate,14,16,427,215.04,,,14,16,215.04,427,*,
1003085192,Price,Robert,San Luis Obispo,CA,06,Neurology,Claim-Specialty,Topiramate,Topiramate,45,75,2250,798.58,,,13,27,190.37,810,*,
1003085192,Price,Robert,San Luis Obispo,CA,06,Neurology,Claim-Specialty,Ubrelvy,Ubrogepant,12,12,349,11973.42,,*,,,,,*,
1003085572,Denysiak,Barbara,San Diego,CA,06,General Practice,Claim-Specialty,Acyclovir,Acyclovir,12,22.7,680,734.3,,*,,,,,*,
1003085572,Denysiak,Barbara,San Diego,CA,06,General Practice,Claim-Specialty,Advair Diskus,Fluticasone Propion/Salmeterol,11,11,330,4365.07,,*,,,,,*,
1003085572,Denysiak,Barbara,San Diego,CA,06,General Practice,Claim-Specialty,Albuterol Sulfate Hfa,Albuterol Sulfate,44,49,1211,1623.95,21,#,,,,,#,
1003085572,Denysiak,Barbara,San Diego,CA,06,General Practice,Claim-Specialty,Alendronate Sodium,Alendronate Sodium,67,183.2,5490,1036.52,32,#,,,,,#,
1003085572,Denysiak,Barbara,San Diego,CA,06,General Practice,Claim-Specialty,Allopurinol,Allopurinol,23,44.3,1330,328.43,,,23,44.3,328.43,1330,*,
1003085572,Denysiak,Barbara,San Diego,CA,06,General Practice,Claim-Specialty,Amlodipine Besylate,Amlodipine Besylate,124,331.2,9927,1635.22,46,#,,,,,#,
1003085572,Denysiak,Barbara,San Diego,CA,06,General Practice,Claim-Specialty,Atorvastatin Calcium,Atorvastatin Calcium,221,609.8,18300,5040.26,78,#,,,,,#,
1003085572,Denysiak,Barbara,San Diego,CA,06,General Practice,Claim-Specialty,Bupropion Xl,Bupropion Hcl,56,144,4320,2110.17,17,#,,,,,#,
1003085572,Denysiak,Barbara,San Diego,CA,06,General Practice,Claim-Specialty,Buspirone Hcl,Buspirone Hcl,29,80,2400,1571.92,,#,,,,,*,
1003085572,Denysiak,Barbara,San Diego,CA,06,General Practice,Claim-Specialty,Carvedilol,Carvedilol,60,180.6,5420,992.67,23,#,,,,,#,
1003085572,Denysiak,Barbara,San Diego,CA,06,General Practice,Claim-Specialty,Celecoxib,Celecoxib,48,104.6,3107,5460.3,23,#,,,,,#,
1003085572,Denysiak,Barbara,San Diego,CA,06,General Practice,Claim-Specialty,Cephalexin,Cephalexin,40,40,214,242.15,24,#,,,,,#,
1003085572,Denysiak,Barbara,San Diego,CA,06,General Practice,Claim-Specialty,Chlorthalidone,Chlorthalidone,16,48,1440,776.81,,,16,48,776.81,1440,*,
1003085572,Denysiak,Barbara,San Diego,CA,06,General Practice,Claim-Specialty,Ciprofloxacin Hcl,Ciprofloxacin Hcl,19,19,147,125.15,17,#,,,,,#,
1003085572,Denysiak,Barbara,San Diego,CA,06,General Practice,Claim-Specialty,Citalopram Hbr,Citalopram Hydrobromide,15,45,1350,560.81,,,15,45,560.81,1350,*,
1003085572,Denysiak,Barbara,San Diego,CA,06,General Practice,Claim-Specialty,Diclofenac Sodium,Diclofenac Sodium,87,94.1,2454,7839.58,42,,74,78.8,6977.61,2045,#,
1003085572,Denysiak,Barbara,San Diego,CA,06,General Practice,Claim-Specialty,Duloxetine Hcl,Duloxetine Hcl,66,178.4,5353,6178.19,22,#,,,,,#,
1003085572,Denysiak,Barbara,San Diego,CA,06,General Practice,Claim-Specialty,Eliquis,Apixaban,25,50.8,1510,29591.84,,#,,,,,*,
1003085572,Denysiak,Barbara,San Diego,CA,06,General Practice,Claim-Specialty,Escitalopram Oxalate,Escitalopram Oxalate,46,133.3,3977,1065.57,20,#,,,,,#,
1003085572,Denysiak,Barbara,San Diego,CA,06,General Practice,Claim-Specialty,Ezetimibe,Ezetimibe,13,42,1260,914.89,,,13,42,914.89,1260,*,
1003085572,Denysiak,Barbara,San Diego,CA,06,General Practice,Claim-Specialty,Famotidine,Famotidine,21,55.3,1660,613.03,,#,,,,,*,
1003085572,Denysiak,Barbara,San Diego,CA,06,General Practice,Claim-Specialty,Farxiga,Dapagliflozin Propanediol,26,59.7,1790,35283.93,11,,26,59.7,35283.93,1790,,11
1003085572,Denysiak,Barbara,San Diego,CA,06,General Practice,Claim-Specialty,Fluoxetine Hcl,Fluoxetine Hcl,14,44,1320,398.29,,#,,,,,*,
1003085572,Denysiak,Barbara,San Diego,CA,06,General Practice,Claim-Specialty,Fluticasone Propionate,Fluticasone Propionate,17,36,1080,218.78,,#,,,,,*,
1003085572,Denysiak,Barbara,San Diego,CA,06,General Practice,Claim-Specialty,Furosemide,Furosemide,31,79.8,2343,190.38,11,,31,79.8,190.38,2343,,11
1003085572,Denysiak,Barbara,San Diego,CA,06,General Practice,Claim-Specialty,Gabapentin,Gabapentin,127,245.4,7265,3949.16,43,#,,,,,#,
1003085572,Denysiak,Barbara,San Diego,CA,06,General Practice,Claim-Specialty,Haloperidol,Haloperidol,13,13,390,272.04,,,13,13,272.04,390,*,
1003085572,Denysiak,Barbara,San Diego,CA,06,General Practice,Claim-Specialty,Hydralazine Hcl,Hydralazine Hcl,15,45.3,1358,533.61,,#,,,,,*,
1003085572,Denysiak,Barbara,San Diego,CA,06,General Practice,Claim-Specialty,Hydrochlorothiazide,Hydrochlorothiazide,20,57.2,1717,232.8,,#,,,,,*,
1003085572,Denysiak,Barbara,San Diego,CA,06,General Practice,Claim-Specialty,Hydroxychloroquine Sulfate,Hydroxychloroquine Sulfate,12,18,540,816.71,,,12,18,816.71,540,*,
1003085572,Denysiak,Barbara,San Diego,CA,06,General Practice,Claim-Specialty,Hydroxyzine Hcl,Hydroxyzine Hcl,37,62.5,1627,1023.79,19,#,,,,,#,
1003085572,Denysiak,Barbara,San Diego,CA,06,General Practice,Claim-Specialty,Levothyroxine Sodium,Levothyroxine Sodium,159,439.7,13174,3434.1,55,,145,403.7,3194.84,12094,#,
1003085572,Denysiak,Barbara,San Diego,CA,06,General Practice,Claim-Specialty,Lisinopril,Lisinopril,94,263.4,7889,1726.09,35,#,,,,,#,
1003085572,Denysiak,Barbara,San Diego,CA,06,General Practice,Claim-Specialty,Losartan Potassium,Losartan Potassium,154,459.8,13782,3216.08,55,,140,422.8,2932.58,12688,#,
1003085572,Denysiak,Barbara,San Diego,CA,06,General Practice,Claim-Specialty,Losartan-Hydrochlorothiazide,Losartan/Hydrochlorothiazide,17,26,780,210.31,,,17,26,210.31,780,*,
1003085572,Denysiak,Barbara,San Diego,CA,06,General Practice,Claim-Specialty,Metformin Hcl,Metformin Hcl,41,124.3,3730,1006.8,22,#,,,,,#,
1003085572,Denysiak,Barbara,San Diego,CA,06,General Practice,Claim-Specialty,Metformin Hcl Er,Metformin Hcl,39,109,3270,517.48,12,#,,,,,#,
1003085572,Denysiak,Barbara,San Diego,CA,06,General Practice,Claim-Specialty,Metoprolol Succinate,Metoprolol Succinate,119,361.6,10834,3226.96,44,,107,323.6,2742.37,9694,#,
1003085572,Denysiak,Barbara,San Diego,CA,06,General Practice,Claim-Specialty,Mirtazapine,Mirtazapine,38,94,2810,2956.07,15,#,,,,,#,
1003085572,Denysiak,Barbara,San Diego,CA,06,General Practice,Claim-Specialty,Montelukast Sodium,Montelukast Sodium,11,33,990,174.28,,*,,,,,*,
1003085572,Denysiak,Barbara,San Diego,CA,06,General Practice,Claim-Specialty,Olanzapine,Olanzapine,22,34.3,1015,1431.17,,,22,34.3,1431.17,1015,*,
1003085572,Denysiak,Barbara,San Diego,CA,06,General Practice,Claim-Specialty,Omeprazole,Omeprazole,64,158.4,4683,1723.76,20,#,,,,,#,
1003085572,Denysiak,Barbara,San Diego,CA,06,General Practice,Claim-Specialty,Ozempic,Semaglutide,34,35.8,1012,33920.73,,,34,35.8,33920.73,1012,*,
1003085572,Denysiak,Barbara,San Diego,CA,06,General Practice,Claim-Specialty,Pantoprazole Sodium,Pantoprazole Sodium,51,143.6,4295,1051.29,19,,51,143.6,1051.29,4295,,19
1003085572,Denysiak,Barbara,San Diego,CA,06,General Practice,Claim-Specialty,Paroxetine Hcl,Paroxetine Hcl,12,37,1110,283.4,,,12,37,283.4,1110,*,
1003085572,Denysiak,Barbara,San Diego,CA,06,General Practice,Claim-Specialty,Pioglitazone Hcl,Pioglitazone Hcl,12,37.3,1120,372.32,,,12,37.3,372.32,1120,*,
1003085572,Denysiak,Barbara,San Diego,CA,06,General Practice,Claim-Specialty,Potassium Chloride,Potassium Chloride,23,49,1462,479.25,,#,,,,,*,
1003085572,Denysiak,Barbara,San Diego,CA,06,General Practice,Claim-Specialty,Quetiapine Fumarate,Quetiapine Fumarate,23,41.3,1240,1276.99,,#,,,,,*,
1003085572,Denysiak,Barbara,San Diego,CA,06,General Practice,Claim-Specialty,Repatha Sureclick,Evolocumab,15,22.2,644,11856.97,,,15,22.2,11856.97,644,*,
1003085572,Denysiak,Barbara,San Diego,CA,06,General Practice,Claim-Specialty,Rosuvastatin Calcium,Rosuvastatin Calcium,33,96.3,2835,1027.79,14,#,,,,,#,
1003085572,Denysiak,Barbara,San Diego,CA,06,General Practice,Claim-Specialty,Rybelsus,Semaglutide,28,32,960,31457.64,,#,,,,,*,
1003085572,Denysiak,Barbara,San Diego,CA,06,General Practice,Claim-Specialty,Sertraline Hcl,Sertraline Hcl,21,58.6,1730,530.97,,#,,,,,*,
1003085572,Denysiak,Barbara,San Diego,CA,06,General Practice,Claim-Specialty,Simvastatin,Simvastatin,17,52.6,1578,216.61,,,17,52.6,216.61,1578,*,
1003085572,Denysiak,Barbara,San Diego,CA,06,General Practice,Claim-Specialty,Soliqua 100-33,Insulin Glargine/Lixisenatide,16,19.3,522,13438.69,,,16,19.3,13438.69,522,*,
1003085572,Denysiak,Barbara,San Diego,CA,06,General Practice,Claim-Specialty,Tamsulosin Hcl,Tamsulosin Hcl,26,55.1,1653,563.79,,,26,55.1,563.79,1653,*,
1003085572,Denysiak,Barbara,San Diego,CA,06,General Practice,Claim-Specialty,Topiramate,Topiramate,11,26.3,790,811.02,,*,,,,,*,
1003085572,Denysiak,Barbara,San Diego,CA,06,General Practice,Claim-Specialty,Trazodone Hcl,Trazodone Hcl,40,107.5,3205,493.49,13,#,,,,,#,
1003085572,Denysiak,Barbara,San Diego,CA,06,General Practice,Claim-Specialty,Trelegy Ellipta,Fluticasone/Umeclidin/Vilanter,19,19,570,12662.74,14,#,,,,,#,
1003085572,Denysiak,Barbara,San Diego,CA,06,General Practice,Claim-Specialty,Trulicity,Dulaglutide,19,29.8,868,29476.34,,#,,,,,*,
1003085572,Denysiak,Barbara,San Diego,CA,06,General Practice,Claim-Specialty,Valsartan,Valsartan,24,69,2070,1083.9,,,24,69,1083.9,2070,*,
1003085572,Denysiak,Barbara,San Diego,CA,06,General Practice,Claim-Specialty,Venlafaxine Hcl Er,Venlafaxine Hcl,13,37,1110,368.1,,,13,37,368.1,1110,*,
1003085572,Denysiak,Barbara,San Diego,CA,06,General Practice,Claim-Specialty,Xarelto,Rivaroxaban,18,24,720,13042.57,,#,,,,,*,
1003087693,Meek,Jerald,Paso Robles,CA,06,Optometry,Claim-Specialty,Tobramycin-Dexamethasone,Tobramycin/Dexamethasone,23,23.4,399,1230.66,23,#,,,,,#,
1003087891,Paget,Edward,Needles,CA,06,General Practice,Claim-Specialty,Amlodipine Besylate,Amlodipine Besylate,14,37.5,1125,279.75,11,#,,,,,*,
1003087891,Paget,Edward,Needles,CA,06,General Practice,Claim-Specialty,Atorvastatin Calcium,Atorvastatin Calcium,17,44,1320,206.43,16,#,,,,,#,
1003087891,Paget,Edward,Needles,CA,06,General Practice,Claim-Specialty,Levothyroxine Sodium,Levothyroxine Sodium,11,31,930,73.84,,,11,31,73.84,930,*,
1003087891,Paget,Edward,Needles,CA,06,General Practice,Claim-Specialty,Lisinopril,Lisinopril,14,40,1200,191.17,,,14,40,191.17,1200,*,
1003087891,Paget,Edward,Needles,CA,06,General Practice,Claim-Specialty,Metformin Hcl,Metformin Hcl,14,36.5,1094,179.18,11,*,,,,,*,
1003088428,Carrillo,Rebecca,Berkeley,CA,06,Psychiatry,Claim-Specialty,Abilify Maintena,Aripiprazole,11,11,308,31727.69,,,0,0,0,0,#,
1003088428,Carrillo,Rebecca,Berkeley,CA,06,Psychiatry,Claim-Specialty,Amantadine,Amantadine Hcl,13,13,364,799.07,,,13,13,799.07,364,*,
1003088428,Carrillo,Rebecca,Berkeley,CA,06,Psychiatry,Claim-Specialty,Aripiprazole,Aripiprazole,124,172,4998,40156.95,22,,50,74,22912.92,2148,*,
1003088428,Carrillo,Rebecca,Berkeley,CA,06,Psychiatry,Claim-Specialty,Benztropine Mesylate,Benztropine Mesylate,252,254,6160,2870.32,20,,100,100,938.26,1849,*,
1003088428,Carrillo,Rebecca,Berkeley,CA,06,Psychiatry,Claim-Specialty,Bupropion Hcl Sr,Bupropion Hcl,15,19,544,477.36,,,15,19,477.36,544,*,
1003088428,Carrillo,Rebecca,Berkeley,CA,06,Psychiatry,Claim-Specialty,Bupropion Xl,Bupropion Hcl,122,142,4172,4398.77,11,,23,23,604.48,690,*,
1003088428,Carrillo,Rebecca,Berkeley,CA,06,Psychiatry,Claim-Specialty,Buspirone Hcl,Buspirone Hcl,13,19,552,341.03,,*,,,,,*,
1003088428,Carrillo,Rebecca,Berkeley,CA,06,Psychiatry,Claim-Specialty,Citalopram Hbr,Citalopram Hydrobromide,27,33,942,217.11,,,27,33,217.11,942,*,
1003088428,Carrillo,Rebecca,Berkeley,CA,06,Psychiatry,Claim-Specialty,Clonazepam,Clonazepam,12,12,339,47.73,,,12,12,47.73,339,*,
1003088428,Carrillo,Rebecca,Berkeley,CA,06,Psychiatry,Claim-Specialty,Clozapine,Clozapine,45,45,1257,5258.52,,,33,33,5078.5,924,*,
1003088428,Carrillo,Rebecca,Berkeley,CA,06,Psychiatry,Claim-Specialty,Divalproex Sodium,Divalproex Sodium,54,60,1698,2705.81,,,26,26,625.17,728,*,
1003088428,Carrillo,Rebecca,Berkeley,CA,06,Psychiatry,Claim-Specialty,Divalproex Sodium Er,Divalproex Sodium,63,63,1764,4533.33,,,26,26,1985.79,728,*,
1003088428,Carrillo,Rebecca,Berkeley,CA,06,Psychiatry,Claim-Specialty,Escitalopram Oxalate,Escitalopram Oxalate,46,61,1743,812.44,,,31,31,384.18,868,*,
1003088428,Carrillo,Rebecca,Berkeley,CA,06,Psychiatry,Claim-Specialty,Fluoxetine Hcl,Fluoxetine Hcl,79,103,2959,1425.34,12,,41,55,779.51,1600,*,
1003088428,Carrillo,Rebecca,Berkeley,CA,06,Psychiatry,Claim-Specialty,Fluphenazine Hcl,Fluphenazine Hcl,65,67,1884,13058.95,,,14,14,1832.33,378,*,
1003088428,Carrillo,Rebecca,Berkeley,CA,06,Psychiatry,Claim-Specialty,Gabapentin,Gabapentin,15,15,409,129.73,,#,,,,,*,
1003088428,Carrillo,Rebecca,Berkeley,CA,06,Psychiatry,Claim-Specialty,Haloperidol,Haloperidol,139,147,4124,5258.45,13,,24,24,1280.45,660,*,
1003088428,Carrillo,Rebecca,Berkeley,CA,06,Psychiatry,Claim-Specialty,Invega Sustenna,Paliperidone Palmitate,34,34,952,75938.85,,,34,34,75938.85,952,*,
1003088428,Carrillo,Rebecca,Berkeley,CA,06,Psychiatry,Claim-Specialty,Invega Trinza,Paliperidone Palmitate,15,41.7,1252,100433.04,,*,,,,,*,
1003088428,Carrillo,Rebecca,Berkeley,CA,06,Psychiatry,Claim-Specialty,Lamotrigine,Lamotrigine,23,41,1230,740.57,,#,,,,,*,
1003088428,Carrillo,Rebecca,Berkeley,CA,06,Psychiatry,Claim-Specialty,Latuda,Lurasidone Hcl,11,13,383,24098.56,,*,,,,,*,
1003088428,Carrillo,Rebecca,Berkeley,CA,06,Psychiatry,Claim-Specialty,Lithium Carbonate,Lithium Carbonate,26,30,871,490.4,,,0,0,0,0,#,
1003088428,Carrillo,Rebecca,Berkeley,CA,06,Psychiatry,Claim-Specialty,Lithium Carbonate Er,Lithium Carbonate,26,26,758,380.84,,,0,0,0,0,#,
1003088428,Carrillo,Rebecca,Berkeley,CA,06,Psychiatry,Claim-Specialty,Lorazepam,Lorazepam,40,40,1126,323.46,,,23,23,162.93,666,*,
1003088428,Carrillo,Rebecca,Berkeley,CA,06,Psychiatry,Claim-Specialty,Lurasidone Hcl,Lurasidone Hcl,26,32,926,18392.3,,*,,,,,*,
1003088428,Carrillo,Rebecca,Berkeley,CA,06,Psychiatry,Claim-Specialty,Metformin Hcl,Metformin Hcl,13,13,364,78.74,,,0,0,0,0,#,
1003088428,Carrillo,Rebecca,Berkeley,CA,06,Psychiatry,Claim-Specialty,Mirtazapine,Mirtazapine,34,34,972,1241.36,,,34,34,1241.36,972,*,
1003088428,Carrillo,Rebecca,Berkeley,CA,06,Psychiatry,Claim-Specialty,Olanzapine,Olanzapine,180,198,5525,4748.09,14,,158,166,3550.83,4591,*,
1003088428,Carrillo,Rebecca,Berkeley,CA,06,Psychiatry,Claim-Specialty,Olanzapine Odt,Olanzapine,79,85,2402,15930.33,,,57,63,10021.69,1786,*,
1003088428,Carrillo,Rebecca,Berkeley,CA,06,Psychiatry,Claim-Specialty,Paliperidone Er,Paliperidone,30,30,848,11854.94,,,0,0,0,0,#,
1003088428,Carrillo,Rebecca,Berkeley,CA,06,Psychiatry,Claim-Specialty,Paroxetine Hcl,Paroxetine Hcl,24,24,650,282.58,,,11,11,123.44,308,*,
1003088428,Carrillo,Rebecca,Berkeley,CA,06,Psychiatry,Claim-Specialty,Perphenazine,Perphenazine,13,13,364,570.31,,,13,13,570.31,364,*,
1003088428,Carrillo,Rebecca,Berkeley,CA,06,Psychiatry,Claim-Specialty,Quetiapine Fumarate,Quetiapine Fumarate,115,139,4046,3185.78,14,,56,62,1875.01,1756,*,
1003088428,Carrillo,Rebecca,Berkeley,CA,06,Psychiatry,Claim-Specialty,Risperdal Consta,Risperidone Microspheres,47,47,658,50570.91,,,22,22,20071.55,308,*,
1003088428,Carrillo,Rebecca,Berkeley,CA,06,Psychiatry,Claim-Specialty,Risperidone,Risperidone,168,189.9,5372,2995.43,17,,91,91,1041.4,2537,*,
1003088428,Carrillo,Rebecca,Berkeley,CA,06,Psychiatry,Claim-Specialty,Sertraline Hcl,Sertraline Hcl,84,112,3104,948.54,11,,31,41,381.71,1050,*,
1003088428,Carrillo,Rebecca,Berkeley,CA,06,Psychiatry,Claim-Specialty,Thiothixene,Thiothixene,14,14,348,1786.71,,,0,0,0,0,#,
1003088428,Carrillo,Rebecca,Berkeley,CA,06,Psychiatry,Claim-Specialty,Trazodone Hcl,Trazodone Hcl,42,56,1616,676.8,,#,,,,,*,
1003088428,Carrillo,Rebecca,Berkeley,CA,06,Psychiatry,Claim-Specialty,Zyprexa Zydis,Olanzapine,22,22,660,25701.6,,,22,22,25701.6,660,*,
1003089871,Richards,Patrick,Sacramento,CA,06,Endocrinology,Claim-Specialty,Alendronate Sodium,Alendronate Sodium,84,220.2,6588,1654.56,29,#,,,,,#,
1003089871,Richards,Patrick,Sacramento,CA,06,Endocrinology,Claim-Specialty,Amlodipine Besylate,Amlodipine Besylate,78,204,6120,906.53,26,,65,183,681.28,5490,#,
1003089871,Richards,Patrick,Sacramento,CA,06,Endocrinology,Claim-Specialty,Atorvastatin Calcium,Atorvastatin Calcium,211,569.7,17005,4300.63,64,,182,482.7,3725.56,14395,,53
1003089871,Richards,Patrick,Sacramento,CA,06,Endocrinology,Claim-Specialty,Basaglar Kwikpen U-100,"Insulin Glargine,hum.Rec.Anlog",97,216.4,6484,46959.3,27,,82,184.6,40276.07,5528,#,
1003089871,Richards,Patrick,Sacramento,CA,06,Endocrinology,Claim-Specialty,Bydureon Bcise,Exenatide Microspheres,12,23.7,699,21437.43,,,12,23.7,21437.43,699,*,
1003089871,Richards,Patrick,Sacramento,CA,06,Endocrinology,Claim-Specialty,Cabergoline,Cabergoline,37,71.4,2119,9760.4,,,37,71.4,9760.4,2119,*,
1003089871,Richards,Patrick,Sacramento,CA,06,Endocrinology,Claim-Specialty,Comfort Ez Pen Needle,"Pen Needle, Diabetic",17,33.8,975,1946.83,,,17,33.8,1946.83,975,*,
1003089871,Richards,Patrick,Sacramento,CA,06,Endocrinology,Claim-Specialty,Droplet Pen Needle,"Pen Needle, Diabetic",29,68.4,2012,3369.79,16,#,,,,,*,
1003089871,Richards,Patrick,Sacramento,CA,06,Endocrinology,Claim-Specialty,Easy Touch Pen Needle,"Pen Needle, Diabetic",14,30,900,1810.47,,,14,30,1810.47,900,*,
1003089871,Richards,Patrick,Sacramento,CA,06,Endocrinology,Claim-Specialty,Ezetimibe,Ezetimibe,31,93,2790,1015.43,12,,17,51,419.01,1530,*,
1003089871,Richards,Patrick,Sacramento,CA,06,Endocrinology,Claim-Specialty,Farxiga,Dapagliflozin Propanediol,123,218,6518,123895.11,31,,112,205,116336.47,6150,#,
1003089871,Richards,Patrick,Sacramento,CA,06,Endocrinology,Claim-Specialty,Fludrocortisone Acetate,Fludrocortisone Acetate,18,40.3,1208,402.26,,,18,40.3,402.26,1208,*,
1003089871,Richards,Patrick,Sacramento,CA,06,Endocrinology,Claim-Specialty,Forteo,Teriparatide,14,14,392,60695.52,,,14,14,60695.52,392,*,
1003089871,Richards,Patrick,Sacramento,CA,06,Endocrinology,Claim-Specialty,Glimepiride,Glimepiride,37,79,2350,167.2,,#,,,,,*,
1003089871,Richards,Patrick,Sacramento,CA,06,Endocrinology,Claim-Specialty,Glipizide,Glipizide,38,104,3120,726.14,13,#,,,,,#,
1003089871,Richards,Patrick,Sacramento,CA,06,Endocrinology,Claim-Specialty,Glipizide Er,Glipizide,19,23,639,255.34,,*,,,,,*,
1003089871,Richards,Patrick,Sacramento,CA,06,Endocrinology,Claim-Specialty,Humalog,Insulin Lispro,109,240.5,7094,133152.25,34,,90,206.4,111181.83,6087,#,
1003089871,Richards,Patrick,Sacramento,CA,06,Endocrinology,Claim-Specialty,Humalog Junior Kwikpen,Insulin Lispro,13,24.5,736,13175.85,,,13,24.5,13175.85,736,*,
1003089871,Richards,Patrick,Sacramento,CA,06,Endocrinology,Claim-Specialty,Humalog Kwikpen U-100,Insulin Lispro,135,264.9,7899,113086.25,45,#,,,,,#,
1003089871,Richards,Patrick,Sacramento,CA,06,Endocrinology,Claim-Specialty,Humalog Kwikpen U-200,Insulin Lispro,28,51.5,1479,68983.01,,#,,,,,*,
1003089871,Richards,Patrick,Sacramento,CA,06,Endocrinology,Claim-Specialty,Humulin 70-30,Insulin Nph Hum/Reg Insulin Hm,11,12.4,371,1815.21,,,11,12.4,1815.21,371,*,
1003089871,Richards,Patrick,Sacramento,CA,06,Endocrinology,Claim-Specialty,Humulin R U-500 Kwikpen,"Insulin Regular, Human",11,13,360,18531.27,,,11,13,18531.27,360,*,
1003089871,Richards,Patrick,Sacramento,CA,06,Endocrinology,Claim-Specialty,Hydrochlorothiazide,Hydrochlorothiazide,63,163,4890,711.08,22,#,,,,,#,
1003089871,Richards,Patrick,Sacramento,CA,06,Endocrinology,Claim-Specialty,Hydrocortisone,Hydrocortisone,22,46,1380,1772.36,,,22,46,1772.36,1380,*,
1003089871,Richards,Patrick,Sacramento,CA,06,Endocrinology,Claim-Specialty,Insulin Lispro Kwikpen U-100,Insulin Lispro,19,40.1,1202,4277.51,11,#,,,,,*,
1003089871,Richards,Patrick,Sacramento,CA,06,Endocrinology,Claim-Specialty,Invokana,Canagliflozin,19,33,990,21284.21,,,0,0,0,0,#,
1003089871,Richards,Patrick,Sacramento,CA,06,Endocrinology,Claim-Specialty,Januvia,Sitagliptin Phosphate,14,42,1260,23545.19,,*,,,,,*,
1003089871,Richards,Patrick,Sacramento,CA,06,Endocrinology,Claim-Specialty,Jardiance,Empagliflozin,198,417.5,12498,258035.8,58,,159,320.5,196603.6,9588,,45
1003089871,Richards,Patrick,Sacramento,CA,06,Endocrinology,Claim-Specialty,Lantus,"Insulin Glargine,hum.Rec.Anlog",41,92.2,2737,29124.48,16,#,,,,,#,
1003089871,Richards,Patrick,Sacramento,CA,06,Endocrinology,Claim-Specialty,Lantus Solostar,"Insulin Glargine,hum.Rec.Anlog",169,424.9,12726,125019.75,56,,156,376.9,116645.05,11285,#,
1003089871,Richards,Patrick,Sacramento,CA,06,Endocrinology,Claim-Specialty,Levothyroxine Sodium,Levothyroxine Sodium,473,1166.4,34910,8977.61,108,,434,1069.4,8331,32000,,97
1003089871,Richards,Patrick,Sacramento,CA,06,Endocrinology,Claim-Specialty,Liothyronine Sodium,Liothyronine Sodium,15,45,1350,753.37,,*,,,,,*,
1003089871,Richards,Patrick,Sacramento,CA,06,Endocrinology,Claim-Specialty,Lisinopril,Lisinopril,50,149,4470,894.43,18,,33,98,557.24,2940,#,
1003089871,Richards,Patrick,Sacramento,CA,06,Endocrinology,Claim-Specialty,Losartan Potassium,Losartan Potassium,42,118,3518,1145.56,18,,27,73,765.35,2168,#,
1003089871,Richards,Patrick,Sacramento,CA,06,Endocrinology,Claim-Specialty,Metformin Hcl,Metformin Hcl,270,667.2,19979,3496.22,73,,237,602.2,2951.93,18039,#,
1003089871,Richards,Patrick,Sacramento,CA,06,Endocrinology,Claim-Specialty,Metformin Hcl Er,Metformin Hcl,173,422.5,12652,3691.82,47,,130,315.5,2581.15,9444,,35
1003089871,Richards,Patrick,Sacramento,CA,06,Endocrinology,Claim-Specialty,Methimazole,Methimazole,133,326.8,9764,1880.44,36,,122,315.7,1798.87,9446,#,
1003089871,Richards,Patrick,Sacramento,CA,06,Endocrinology,Claim-Specialty,Mounjaro,Tirzepatide,183,224,6424,242301.03,42,,153,193.2,207632.32,5550,#,
1003089871,Richards,Patrick,Sacramento,CA,06,Endocrinology,Claim-Specialty,Nano 2nd Gen Pen Needle,"Pen Needle, Diabetic",143,330,9804,18865.63,65,,117,280.3,15607.08,8359,,51
1003089871,Richards,Patrick,Sacramento,CA,06,Endocrinology,Claim-Specialty,Novolin R,"Insulin Regular, Human",11,12.6,371,2387.2,,,11,12.6,2387.2,371,*,
1003089871,Richards,Patrick,Sacramento,CA,06,Endocrinology,Claim-Specialty,Novolog,Insulin Aspart,59,134,3993,92816.32,16,,40,93,57973.68,2763,#,
1003089871,Richards,Patrick,Sacramento,CA,06,Endocrinology,Claim-Specialty,Novolog Flexpen,Insulin Aspart,193,400.7,11880,211913.29,68,,134,296.5,142681.7,8771,,52
1003089871,Richards,Patrick,Sacramento,CA,06,Endocrinology,Claim-Specialty,Novolog Penfill,Insulin Aspart,17,42.5,1274,11508.1,,*,,,,,*,
1003089871,Richards,Patrick,Sacramento,CA,06,Endocrinology,Claim-Specialty,Omnipod 5 G6 Pods (Gen 5),"Insulin Pump Cart,automated,bt",12,22,660,16528.63,,,12,22,16528.63,660,*,
1003089871,Richards,Patrick,Sacramento,CA,06,Endocrinology,Claim-Specialty,Ozempic,Semaglutide,155,205.1,5928,187949.86,36,,94,138,124448.75,4024,,24
1003089871,Richards,Patrick,Sacramento,CA,06,Endocrinology,Claim-Specialty,Pen Needle,"Pen Needle, Diabetic",18,34.5,990,961.69,,,18,34.5,961.69,990,*,
1003089871,Richards,Patrick,Sacramento,CA,06,Endocrinology,Claim-Specialty,Pioglitazone Hcl,Pioglitazone Hcl,35,68,2001,522.88,,,21,42,261.36,1260,*,
1003089871,Richards,Patrick,Sacramento,CA,06,Endocrinology,Claim-Specialty,Prednisone,Prednisone,12,19.1,571,108.85,,,12,19.1,108.85,571,*,
1003089871,Richards,Patrick,Sacramento,CA,06,Endocrinology,Claim-Specialty,Repaglinide,Repaglinide,18,25,710,550.84,,,18,25,550.84,710,*,
1003089871,Richards,Patrick,Sacramento,CA,06,Endocrinology,Claim-Specialty,Rosuvastatin Calcium,Rosuvastatin Calcium,39,91,2730,947.58,13,#,,,,,#,
1003089871,Richards,Patrick,Sacramento,CA,06,Endocrinology,Claim-Specialty,Simvastatin,Simvastatin,12,36,1080,42.32,,,12,36,42.32,1080,*,
1003089871,Richards,Patrick,Sacramento,CA,06,Endocrinology,Claim-Specialty,Synthroid,Levothyroxine Sodium,24,52.5,1574,2400.93,,,24,52.5,2400.93,1574,*,
1003089871,Richards,Patrick,Sacramento,CA,06,Endocrinology,Claim-Specialty,Techlite Pen Needle,"Pen Needle, Diabetic",20,33.3,970,853.09,,#,,,,,*,
1003089871,Richards,Patrick,Sacramento,CA,06,Endocrinology,Claim-Specialty,Testosterone,Testosterone,50,61.7,1720,11845.88,,#,,,,,*,
1003089871,Richards,Patrick,Sacramento,CA,06,Endocrinology,Claim-Specialty,Testosterone Cypionate,Testosterone Cypionate,50,51.7,1425,955.58,,#,,,,,*,
1003089871,Richards,Patrick,Sacramento,CA,06,Endocrinology,Claim-Specialty,Toujeo Max Solostar,"Insulin Glargine,hum.Rec.Anlog",58,105.1,3151,79727.77,14,,40,69.6,45372.73,2083,*,
1003089871,Richards,Patrick,Sacramento,CA,06,Endocrinology,Claim-Specialty,Toujeo Solostar,"Insulin Glargine,hum.Rec.Anlog",20,48.9,1468,19173.49,,,20,48.9,19173.49,1468,*,
1003089871,Richards,Patrick,Sacramento,CA,06,Endocrinology,Claim-Specialty,Tradjenta,Linagliptin,34,76,2280,40456.81,,,34,76,40456.81,2280,*,
1003089871,Richards,Patrick,Sacramento,CA,06,Endocrinology,Claim-Specialty,Tresiba Flextouch U-100,Insulin Degludec,85,192.6,5774,46883.29,28,#,,,,,#,
1003089871,Richards,Patrick,Sacramento,CA,06,Endocrinology,Claim-Specialty,Tresiba Flextouch U-200,Insulin Degludec,348,729,21704,481995.31,97,,253,542.4,333863.35,16197,,75
1003089871,Richards,Patrick,Sacramento,CA,06,Endocrinology,Claim-Specialty,Trulicity,Dulaglutide,457,590.8,16987,588212.06,82,,362,479.6,476312.88,13826,,63
1003089871,Richards,Patrick,Sacramento,CA,06,Endocrinology,Claim-Specialty,Ulticare Pen Needle,"Pen Needle, Diabetic",12,25.5,760,1380.65,,,12,25.5,1380.65,760,*,
1003089871,Richards,Patrick,Sacramento,CA,06,Endocrinology,Claim-Specialty,Ultra-Fine Mini Pen Needle,"Pen Needle, Diabetic",92,216,6382,9634.41,35,#,,,,,#,
1003089871,Richards,Patrick,Sacramento,CA,06,Endocrinology,Claim-Specialty,Ultra-Fine Nano Pen Needle,"Pen Needle, Diabetic",26,69.2,2076,3940.47,17,#,,,,,#,
1003089871,Richards,Patrick,Sacramento,CA,06,Endocrinology,Claim-Specialty,Ultra-Fine Short Pen Needle,"Pen Needle, Diabetic",43,104.2,3072,5291.3,15,,43,104.2,5291.3,3072,,15
1003089871,Richards,Patrick,Sacramento,CA,06,Endocrinology,Claim-Specialty,Vascepa,Icosapent Ethyl,11,20.5,615,6980.87,,*,,,,,*,
1003089871,Richards,Patrick,Sacramento,CA,06,Endocrinology,Claim-Specialty,Veo Insulin Syringe,"Syring-Needl,disp,insul,0.3 Ml",13,28.1,841,758.83,,,13,28.1,758.83,841,*,
1003089871,Richards,Patrick,Sacramento,CA,06,Endocrinology,Claim-Specialty,Victoza 3-Pak,Liraglutide,46,72,2160,79623.42,12,#,,,,,*,
1003090085,Hwang,Caroline,Los Angeles,CA,06,Gastroenterology,Claim-Specialty,Colestipol Hcl,Colestipol Hcl,48,79.5,2267,4874.79,15,#,,,,,#,
1003090085,Hwang,Caroline,Los Angeles,CA,06,Gastroenterology,Claim-Specialty,Diphenoxylate-Atropine,Diphenoxylate Hcl/Atropine,11,11,330,349.86,,*,,,,,*,
1003090085,Hwang,Caroline,Los Angeles,CA,06,Gastroenterology,Claim-Specialty,Entyvio,Vedolizumab,16,20.4,574,128838.16,,#,,,,,*,
1003090085,Hwang,Caroline,Los Angeles,CA,06,Gastroenterology,Claim-Specialty,Humira(Cf) Pen,Adalimumab,13,13,364,195934.87,,,0,0,0,0,#,
1003090085,Hwang,Caroline,Los Angeles,CA,06,Gastroenterology,Claim-Specialty,Mesalamine,Mesalamine,33,67,1994,19042.68,14,,33,67,19042.68,1994,,14
1003090085,Hwang,Caroline,Los Angeles,CA,06,Gastroenterology,Claim-Specialty,Mesalamine Er,Mesalamine,30,52,1560,13896.78,,,30,52,13896.78,1560,*,
1003090085,Hwang,Caroline,Los Angeles,CA,06,Gastroenterology,Claim-Specialty,Omeprazole,Omeprazole,20,42,1176,182.02,,,20,42,182.02,1176,*,
1003090085,Hwang,Caroline,Los Angeles,CA,06,Gastroenterology,Claim-Specialty,Ondansetron Hcl,Ondansetron Hcl,17,17,62,18.5,16,#,,,,,#,
1003090085,Hwang,Caroline,Los Angeles,CA,06,Gastroenterology,Claim-Specialty,Pantoprazole Sodium,Pantoprazole Sodium,21,45,1319,290.3,12,,21,45,290.3,1319,,12
1003090085,Hwang,Caroline,Los Angeles,CA,06,Gastroenterology,Claim-Specialty,Prednisone,Prednisone,12,12.2,242,109.33,,*,,,,,*,
1003090085,Hwang,Caroline,Los Angeles,CA,06,Gastroenterology,Claim-Specialty,Sod Sulf-Potass Sulf-Mag Sulf,"Sodium, Potassium,mag Sulfates",60,60,102,4512.47,59,#,,,,,#,
1003090085,Hwang,Caroline,Los Angeles,CA,06,Gastroenterology,Claim-Specialty,Sodium Chloride,0.9 % Sodium Chloride,16,16,184,187.56,,,16,16,187.56,184,*,
1003090085,Hwang,Caroline,Los Angeles,CA,06,Gastroenterology,Claim-Specialty,Stelara,Ustekinumab,82,130.8,3758,2083649.44,15,#,,,,,#,
1003090085,Hwang,Caroline,Los Angeles,CA,06,Gastroenterology,Claim-Specialty,Sutab,Sod Sulf/Pot Chloride/Mag Sulf,13,13,22,2204.12,13,#,,,,,#,
1003090085,Hwang,Caroline,Los Angeles,CA,06,Gastroenterology,Claim-Specialty,Xeljanz,Tofacitinib Citrate,13,13,390,69241.9,,,13,13,69241.9,390,*,
1003090267,Kirman,Christian,Concord,CA,06,Plastic and Reconstructive Surgery,Claim-Specialty,Cephalexin,Cephalexin,18,18,118,112.43,17,#,,,,,#,
1003090267,Kirman,Christian,Concord,CA,06,Plastic and Reconstructive Surgery,Claim-Specialty,Tramadol Hcl,Tramadol Hcl,15,15,63,39.05,15,#,,,,,#,
1003091489,Falabella,Julian,El Monte,CA,06,Dentist,NPPES-Specialty,Amoxicillin,Amoxicillin,57,57,359,240.48,47,#,,,,,#,
1003091489,Falabella,Julian,El Monte,CA,06,Dentist,NPPES-Specialty,Ibuprofen,Ibuprofen,36,36,242,144.99,31,#,,,,,#,
1003091539,Woo,Kiho,Fullerton,CA,06,Internal Medicine,Claim-Specialty,Acetylcysteine,Acetylcysteine,16,16,198,1501.59,,,16,16,1501.59,198,*,
1003091539,Woo,Kiho,Fullerton,CA,06,Internal Medicine,Claim-Specialty,Albuterol Sulfate Hfa,Albuterol Sulfate,15,18.4,459,624.3,13,,15,18.4,624.3,459,,13
1003091539,Woo,Kiho,Fullerton,CA,06,Internal Medicine,Claim-Specialty,Alendronate Sodium,Alendronate Sodium,27,43.5,1253,425.75,,,27,43.5,425.75,1253,*,
1003091539,Woo,Kiho,Fullerton,CA,06,Internal Medicine,Claim-Specialty,Allopurinol,Allopurinol,32,47.2,1279,466.59,15,,32,47.2,466.59,1279,,15
1003091539,Woo,Kiho,Fullerton,CA,06,Internal Medicine,Claim-Specialty,Alprazolam,Alprazolam,11,16.7,402,81.01,,,11,16.7,81.01,402,*,
1003091539,Woo,Kiho,Fullerton,CA,06,Internal Medicine,Claim-Specialty,Amantadine,Amantadine Hcl,12,12.2,363,582.54,,,12,12.2,582.54,363,*,
1003091539,Woo,Kiho,Fullerton,CA,06,Internal Medicine,Claim-Specialty,Amiodarone Hcl,Amiodarone Hcl,38,58.3,1590,2198.91,14,,38,58.3,2198.91,1590,,14
1003091539,Woo,Kiho,Fullerton,CA,06,Internal Medicine,Claim-Specialty,Amitriptyline Hcl,Amitriptyline Hcl,22,22.1,546,320.78,,,22,22.1,320.78,546,*,
1003091539,Woo,Kiho,Fullerton,CA,06,Internal Medicine,Claim-Specialty,Amlodipine Besylate,Amlodipine Besylate,176,230,6142,1698.75,56,,176,230,1698.75,6142,,56
1003091539,Woo,Kiho,Fullerton,CA,06,Internal Medicine,Claim-Specialty,Atenolol,Atenolol,38,38.5,1038,533.14,,,38,38.5,533.14,1038,*,
1003091539,Woo,Kiho,Fullerton,CA,06,Internal Medicine,Claim-Specialty,Atorvastatin Calcium,Atorvastatin Calcium,334,460.8,12670,4804.66,101,#,,,,,#,
1003091539,Woo,Kiho,Fullerton,CA,06,Internal Medicine,Claim-Specialty,Baclofen,Baclofen,13,13.2,375,231.83,,,13,13.2,231.83,375,*,
1003091539,Woo,Kiho,Fullerton,CA,06,Internal Medicine,Claim-Specialty,Benazepril Hcl,Benazepril Hcl,19,23.1,670,408.19,,,19,23.1,408.19,670,*,
1003091539,Woo,Kiho,Fullerton,CA,06,Internal Medicine,Claim-Specialty,Breo Ellipta,Fluticasone/Vilanterol,15,15,370,5101.55,,,15,15,5101.55,370,*,
1003091539,Woo,Kiho,Fullerton,CA,06,Internal Medicine,Claim-Specialty,Brimonidine Tartrate,Brimonidine Tartrate,12,16,435,161.53,,,12,16,161.53,435,*,
1003091539,Woo,Kiho,Fullerton,CA,06,Internal Medicine,Claim-Specialty,Bupropion Hcl,Bupropion Hcl,13,13.3,398,585.4,,,13,13.3,585.4,398,*,
1003091539,Woo,Kiho,Fullerton,CA,06,Internal Medicine,Claim-Specialty,Buspirone Hcl,Buspirone Hcl,35,37.3,1062,610.85,,,35,37.3,610.85,1062,*,
1003091539,Woo,Kiho,Fullerton,CA,06,Internal Medicine,Claim-Specialty,Carbidopa-Levodopa,Carbidopa/Levodopa,64,66.6,1701,3977.24,,,64,66.6,3977.24,1701,*,
1003091539,Woo,Kiho,Fullerton,CA,06,Internal Medicine,Claim-Specialty,Carvedilol,Carvedilol,89,114.8,3071,928.54,26,,89,114.8,928.54,3071,,26
1003091539,Woo,Kiho,Fullerton,CA,06,Internal Medicine,Claim-Specialty,Ceftriaxone,Ceftriaxone In Is-Osm Dextrose,13,13,56,770.57,,,13,13,770.57,56,*,
1003091539,Woo,Kiho,Fullerton,CA,06,Internal Medicine,Claim-Specialty,Ceftriaxone,Ceftriaxone Sodium,25,25,73,521.59,21,#,,,,,#,
1003091539,Woo,Kiho,Fullerton,CA,06,Internal Medicine,Claim-Specialty,Cephalexin,Cephalexin,12,14,129,110.09,,,12,14,110.09,129,*,
1003091539,Woo,Kiho,Fullerton,CA,06,Internal Medicine,Claim-Specialty,Ciprofloxacin Hcl,Ciprofloxacin Hcl,12,12,64,121.63,,,12,12,121.63,64,*,
1003091539,Woo,Kiho,Fullerton,CA,06,Internal Medicine,Claim-Specialty,Clonidine Hcl,Clonidine Hcl,13,14,241,82.29,,,13,14,82.29,241,*,
1003091539,Woo,Kiho,Fullerton,CA,06,Internal Medicine,Claim-Specialty,Clopidogrel,Clopidogrel Bisulfate,94,104.8,2506,1189.17,17,,94,104.8,1189.17,2506,,17
1003091539,Woo,Kiho,Fullerton,CA,06,Internal Medicine,Claim-Specialty,Demeclocycline Hcl,Demeclocycline Hcl,11,11.1,230,3522.35,,,11,11.1,3522.35,230,*,
1003091539,Woo,Kiho,Fullerton,CA,06,Internal Medicine,Claim-Specialty,Diclofenac Sodium,Diclofenac Sodium,13,13,206,462,,#,,,,,*,
1003091539,Woo,Kiho,Fullerton,CA,06,Internal Medicine,Claim-Specialty,Digoxin,Digoxin,33,41,801,488.31,,,33,41,488.31,801,*,
1003091539,Woo,Kiho,Fullerton,CA,06,Internal Medicine,Claim-Specialty,Diltiazem 24hr Er (Cd),Diltiazem Hcl,33,37.5,1083,724,,#,,,,,*,
1003091539,Woo,Kiho,Fullerton,CA,06,Internal Medicine,Claim-Specialty,Diltiazem 24hr Er (Xr),Diltiazem Hcl,12,12.2,365,224.5,,,12,12.2,224.5,365,*,
1003091539,Woo,Kiho,Fullerton,CA,06,Internal Medicine,Claim-Specialty,Divalproex Sodium,Divalproex Sodium,57,57.8,1516,1489.1,11,#,,,,,*,
1003091539,Woo,Kiho,Fullerton,CA,06,Internal Medicine,Claim-Specialty,Donepezil Hcl,Donepezil Hcl,144,159.7,4378,2489.72,21,,144,159.7,2489.72,4378,,21
1003091539,Woo,Kiho,Fullerton,CA,06,Internal Medicine,Claim-Specialty,Dorzolamide-Timolol,Dorzolamide Hcl/Timolol Maleat,13,21.7,619,685.55,,,13,21.7,685.55,619,*,
1003091539,Woo,Kiho,Fullerton,CA,06,Internal Medicine,Claim-Specialty,Doxycycline Hyclate,Doxycycline Hyclate,16,16.2,387,358.39,,,16,16.2,358.39,387,*,
1003091539,Woo,Kiho,Fullerton,CA,06,Internal Medicine,Claim-Specialty,Duloxetine Hcl,Duloxetine Hcl,66,76.9,2046,6327.74,18,#,,,,,#,
1003091539,Woo,Kiho,Fullerton,CA,06,Internal Medicine,Claim-Specialty,Dutasteride,Dutasteride,14,14.3,429,798.09,,,14,14.3,798.09,429,*,
1003091539,Woo,Kiho,Fullerton,CA,06,Internal Medicine,Claim-Specialty,Eliquis,Apixaban,378,415.5,7051,139348.8,75,,378,415.5,139348.8,7051,,75
1003091539,Woo,Kiho,Fullerton,CA,06,Internal Medicine,Claim-Specialty,Entacapone,Entacapone,13,13.1,291,2621.28,,,13,13.1,2621.28,291,*,
1003091539,Woo,Kiho,Fullerton,CA,06,Internal Medicine,Claim-Specialty,Escitalopram Oxalate,Escitalopram Oxalate,153,166.4,4149,2079.42,24,#,,,,,#,
1003091539,Woo,Kiho,Fullerton,CA,06,Internal Medicine,Claim-Specialty,Esomeprazole Magnesium,Esomeprazole Magnesium,14,14.1,372,2565.71,,,14,14.1,2565.71,372,*,
1003091539,Woo,Kiho,Fullerton,CA,06,Internal Medicine,Claim-Specialty,Ezetimibe,Ezetimibe,34,42.4,1169,2152.27,,,34,42.4,2152.27,1169,*,
1003091539,Woo,Kiho,Fullerton,CA,06,Internal Medicine,Claim-Specialty,Famotidine,Famotidine,111,122.4,3014,1163.2,25,,111,122.4,1163.2,3014,,25
1003091539,Woo,Kiho,Fullerton,CA,06,Internal Medicine,Claim-Specialty,Finasteride,Finasteride,23,35.2,913,367.6,11,,23,35.2,367.6,913,,11
1003091539,Woo,Kiho,Fullerton,CA,06,Internal Medicine,Claim-Specialty,Fluoxetine Hcl,Fluoxetine Hcl,22,32.1,926,322.38,,,22,32.1,322.38,926,*,
1003091539,Woo,Kiho,Fullerton,CA,06,Internal Medicine,Claim-Specialty,Fluticasone Propionate,Fluticasone Propionate,32,36.1,1055,584.06,19,,32,36.1,584.06,1055,,19
1003091539,Woo,Kiho,Fullerton,CA,06,Internal Medicine,Claim-Specialty,Furosemide,Furosemide,206,253.8,6928,1295.83,56,,206,253.8,1295.83,6928,,56
1003091539,Woo,Kiho,Fullerton,CA,06,Internal Medicine,Claim-Specialty,Gabapentin,Gabapentin,193,226.8,5949,3907.56,52,,193,226.8,3907.56,5949,,52
1003091539,Woo,Kiho,Fullerton,CA,06,Internal Medicine,Claim-Specialty,Humalog Kwikpen U-100,Insulin Lispro,14,14,150,2058.36,,,14,14,2058.36,150,*,
1003091539,Woo,Kiho,Fullerton,CA,06,Internal Medicine,Claim-Specialty,Humulin R,"Insulin Regular, Human",31,31,289,1889.2,23,#,,,,,#,
1003091539,Woo,Kiho,Fullerton,CA,06,Internal Medicine,Claim-Specialty,Hydralazine Hcl,Hydralazine Hcl,57,59.2,1049,767.41,27,,57,59.2,767.41,1049,,27
1003091539,Woo,Kiho,Fullerton,CA,06,Internal Medicine,Claim-Specialty,Hydrochlorothiazide,Hydrochlorothiazide,28,32.2,655,177.55,,,28,32.2,177.55,655,*,
1003091539,Woo,Kiho,Fullerton,CA,06,Internal Medicine,Claim-Specialty,Hydrocodone-Acetaminophen,Hydrocodone/Acetaminophen,71,71.3,589,872.52,31,#,,,,,#,
1003091539,Woo,Kiho,Fullerton,CA,06,Internal Medicine,Claim-Specialty,Ipratropium-Albuterol,Ipratropium/Albuterol Sulfate,32,32,223,583.23,20,#,,,,,#,
1003091539,Woo,Kiho,Fullerton,CA,06,Internal Medicine,Claim-Specialty,Januvia,Sitagliptin Phosphate,22,30,639,11563.49,,,22,30,11563.49,639,*,
1003091539,Woo,Kiho,Fullerton,CA,06,Internal Medicine,Claim-Specialty,Klor-Con 10,Potassium Chloride,49,51,732,395.97,,,49,51,395.97,732,*,
1003091539,Woo,Kiho,Fullerton,CA,06,Internal Medicine,Claim-Specialty,Lantus Solostar,"Insulin Glargine,hum.Rec.Anlog",29,32.5,675,6623.05,,,29,32.5,6623.05,675,*,
1003091539,Woo,Kiho,Fullerton,CA,06,Internal Medicine,Claim-Specialty,Latanoprost,Latanoprost,69,85.5,2260,2262.18,23,#,,,,,#,
1003091539,Woo,Kiho,Fullerton,CA,06,Internal Medicine,Claim-Specialty,Levetiracetam,Levetiracetam,60,66.5,1706,2524.01,13,#,,,,,#,
1003091539,Woo,Kiho,Fullerton,CA,06,Internal Medicine,Claim-Specialty,Levofloxacin-D5w,Levofloxacin In Dextrose 5 %,14,14,44,397.98,,,14,14,397.98,44,*,
1003091539,Woo,Kiho,Fullerton,CA,06,Internal Medicine,Claim-Specialty,Levothyroxine Sodium,Levothyroxine Sodium,297,383.6,10612,4390.89,81,#,,,,,#,
1003091539,Woo,Kiho,Fullerton,CA,06,Internal Medicine,Claim-Specialty,Lidocaine,Lidocaine,16,16,324,1974.18,,#,,,,,*,
1003091539,Woo,Kiho,Fullerton,CA,06,Internal Medicine,Claim-Specialty,Lisinopril,Lisinopril,49,68.3,1865,566.04,19,,49,68.3,566.04,1865,,19
1003091539,Woo,Kiho,Fullerton,CA,06,Internal Medicine,Claim-Specialty,Lorazepam,Lorazepam,28,28.2,457,271.01,11,,28,28.2,271.01,457,,11
1003091539,Woo,Kiho,Fullerton,CA,06,Internal Medicine,Claim-Specialty,Losartan Potassium,Losartan Potassium,174,229.7,6330,2162.34,52,,174,229.7,2162.34,6330,,52
1003091539,Woo,Kiho,Fullerton,CA,06,Internal Medicine,Claim-Specialty,Lovastatin,Lovastatin,19,26.2,656,127.12,,,19,26.2,127.12,656,*,
1003091539,Woo,Kiho,Fullerton,CA,06,Internal Medicine,Claim-Specialty,Meclizine Hcl,Meclizine Hcl,24,24,348,308.99,,,24,24,308.99,348,*,
1003091539,Woo,Kiho,Fullerton,CA,06,Internal Medicine,Claim-Specialty,Memantine Hcl,Memantine Hcl,95,106,2676,4821.92,15,,95,106,4821.92,2676,,15
1003091539,Woo,Kiho,Fullerton,CA,06,Internal Medicine,Claim-Specialty,Memantine Hcl Er,Memantine Hcl,14,14.1,374,1669.5,,,14,14.1,1669.5,374,*,
1003091539,Woo,Kiho,Fullerton,CA,06,Internal Medicine,Claim-Specialty,Metformin Hcl,Metformin Hcl,67,93.9,2591,578.88,27,#,,,,,#,
1003091539,Woo,Kiho,Fullerton,CA,06,Internal Medicine,Claim-Specialty,Metformin Hcl Er,Metformin Hcl,14,22.1,606,178.32,,#,,,,,*,
1003091539,Woo,Kiho,Fullerton,CA,06,Internal Medicine,Claim-Specialty,Metoprolol Succinate,Metoprolol Succinate,26,44.1,1184,364.77,16,,26,44.1,364.77,1184,,16
1003091539,Woo,Kiho,Fullerton,CA,06,Internal Medicine,Claim-Specialty,Metoprolol Tartrate,Metoprolol Tartrate,149,196.4,5189,1389.49,42,,149,196.4,1389.49,5189,,42
1003091539,Woo,Kiho,Fullerton,CA,06,Internal Medicine,Claim-Specialty,Midodrine Hcl,Midodrine Hcl,26,28.1,741,2010.8,,,26,28.1,2010.8,741,*,
1003091539,Woo,Kiho,Fullerton,CA,06,Internal Medicine,Claim-Specialty,Mirtazapine,Mirtazapine,61,69.8,1951,1794.81,15,#,,,,,#,
1003091539,Woo,Kiho,Fullerton,CA,06,Internal Medicine,Claim-Specialty,Montelukast Sodium,Montelukast Sodium,34,42.1,1210,487.35,,,34,42.1,487.35,1210,*,
1003091539,Woo,Kiho,Fullerton,CA,06,Internal Medicine,Claim-Specialty,Myrbetriq,Mirabegron,35,41,744,11289.53,,,35,41,11289.53,744,*,
1003091539,Woo,Kiho,Fullerton,CA,06,Internal Medicine,Claim-Specialty,Nitrofurantoin Mono-Macro,Nitrofurantoin Monohyd/M-Cryst,25,25,157,839.34,15,,25,25,839.34,157,,15
1003091539,Woo,Kiho,Fullerton,CA,06,Internal Medicine,Claim-Specialty,Nuedexta,Dextromethorphan Hbr/Quinidine,17,17,218,9740.74,,,17,17,9740.74,218,*,
1003091539,Woo,Kiho,Fullerton,CA,06,Internal Medicine,Claim-Specialty,Omeprazole,Omeprazole,31,33.7,696,312.79,18,,31,33.7,312.79,696,,18
1003091539,Woo,Kiho,Fullerton,CA,06,Internal Medicine,Claim-Specialty,Ondansetron Hcl,Ondansetron Hcl,37,37.1,434,798.96,12,,37,37.1,798.96,434,,12
1003091539,Woo,Kiho,Fullerton,CA,06,Internal Medicine,Claim-Specialty,Pantoprazole Sodium,Pantoprazole Sodium,106,137.8,3847,5054.9,43,#,,,,,#,
1003091539,Woo,Kiho,Fullerton,CA,06,Internal Medicine,Claim-Specialty,Paroxetine Hcl,Paroxetine Hcl,45,47.2,982,468.88,,,45,47.2,468.88,982,*,
1003091539,Woo,Kiho,Fullerton,CA,06,Internal Medicine,Claim-Specialty,Potassium Chloride,Potassium Chloride,147,180.5,4654,3697.82,48,#,,,,,#,
1003091539,Woo,Kiho,Fullerton,CA,06,Internal Medicine,Claim-Specialty,Pramipexole Dihydrochloride,Pramipexole Di-Hcl,37,40.3,1026,481.49,,#,,,,,*,
1003091539,Woo,Kiho,Fullerton,CA,06,Internal Medicine,Claim-Specialty,Pravastatin Sodium,Pravastatin Sodium,25,31.1,799,512.96,11,,25,31.1,512.96,799,,11
1003091539,Woo,Kiho,Fullerton,CA,06,Internal Medicine,Claim-Specialty,Prednisone,Prednisone,64,66.8,1723,558.42,12,,64,66.8,558.42,1723,,12
1003091539,Woo,Kiho,Fullerton,CA,06,Internal Medicine,Claim-Specialty,Pregabalin,Pregabalin,26,33.5,962,1828,,#,,,,,*,
1003091539,Woo,Kiho,Fullerton,CA,06,Internal Medicine,Claim-Specialty,Premarin,"Estrogens, Conjugated",11,15.2,456,4870.64,,,11,15.2,4870.64,456,*,
1003091539,Woo,Kiho,Fullerton,CA,06,Internal Medicine,Claim-Specialty,Primidone,Primidone,33,35.2,920,556.25,,,33,35.2,556.25,920,*,
1003091539,Woo,Kiho,Fullerton,CA,06,Internal Medicine,Claim-Specialty,Quetiapine Fumarate,Quetiapine Fumarate,54,56.5,1504,727.05,,,54,56.5,727.05,1504,*,
1003091539,Woo,Kiho,Fullerton,CA,06,Internal Medicine,Claim-Specialty,Ropinirole Hcl,Ropinirole Hcl,17,21.1,575,339.63,,,17,21.1,339.63,575,*,
1003091539,Woo,Kiho,Fullerton,CA,06,Internal Medicine,Claim-Specialty,Rosuvastatin Calcium,Rosuvastatin Calcium,19,21.2,538,1252.91,,,19,21.2,1252.91,538,*,
1003091539,Woo,Kiho,Fullerton,CA,06,Internal Medicine,Claim-Specialty,Sertraline Hcl,Sertraline Hcl,70,77.9,2035,1086.23,12,#,,,,,#,
1003091539,Woo,Kiho,Fullerton,CA,06,Internal Medicine,Claim-Specialty,Simvastatin,Simvastatin,53,70.3,2024,789.54,18,,53,70.3,789.54,2024,,18
1003091539,Woo,Kiho,Fullerton,CA,06,Internal Medicine,Claim-Specialty,Sodium Chloride,0.9 % Sodium Chloride,52,52,123,508.22,33,#,,,,,#,
1003091539,Woo,Kiho,Fullerton,CA,06,Internal Medicine,Claim-Specialty,Spironolactone,Spironolactone,72,88.8,2467,725.59,20,,72,88.8,725.59,2467,,20
1003091539,Woo,Kiho,Fullerton,CA,06,Internal Medicine,Claim-Specialty,Sulfamethoxazole-Trimethoprim,Sulfamethoxazole/Trimethoprim,12,12,51,96.51,,,12,12,96.51,51,*,
1003091539,Woo,Kiho,Fullerton,CA,06,Internal Medicine,Claim-Specialty,Tamoxifen Citrate,Tamoxifen Citrate,13,13.1,373,511.51,,,13,13.1,511.51,373,*,
1003091539,Woo,Kiho,Fullerton,CA,06,Internal Medicine,Claim-Specialty,Tamsulosin Hcl,Tamsulosin Hcl,107,134.6,3609,2797.83,34,,107,134.6,2797.83,3609,,34
1003091539,Woo,Kiho,Fullerton,CA,06,Internal Medicine,Claim-Specialty,Timolol Maleate,Timolol Maleate,19,30,854,263.61,,#,,,,,*,
1003091539,Woo,Kiho,Fullerton,CA,06,Internal Medicine,Claim-Specialty,Torsemide,Torsemide,21,23.2,624,246.72,,,21,23.2,246.72,624,*,
1003091539,Woo,Kiho,Fullerton,CA,06,Internal Medicine,Claim-Specialty,Tradjenta,Linagliptin,58,60,950,17525.55,,,58,60,17525.55,950,*,
1003091539,Woo,Kiho,Fullerton,CA,06,Internal Medicine,Claim-Specialty,Tramadol Hcl,Tramadol Hcl,46,46,682,397.92,19,,46,46,397.92,682,,19
1003091539,Woo,Kiho,Fullerton,CA,06,Internal Medicine,Claim-Specialty,Tramadol Hcl-Acetaminophen,Tramadol Hcl/Acetaminophen,11,11,133,258.96,,,11,11,258.96,133,*,
1003091539,Woo,Kiho,Fullerton,CA,06,Internal Medicine,Claim-Specialty,Trazodone Hcl,Trazodone Hcl,15,29,838,103.72,13,#,,,,,#,
1003091539,Woo,Kiho,Fullerton,CA,06,Internal Medicine,Claim-Specialty,Triamterene-Hydrochlorothiazid,Triamterene/Hydrochlorothiazid,15,17.1,444,194.95,,,15,17.1,194.95,444,*,
1003091539,Woo,Kiho,Fullerton,CA,06,Internal Medicine,Claim-Specialty,Valproic Acid,Valproic Acid (As Sodium Salt),19,19,507,597.41,,,19,19,597.41,507,*,
1003091539,Woo,Kiho,Fullerton,CA,06,Internal Medicine,Claim-Specialty,Warfarin Sodium,Warfarin Sodium,68,74,544,357.88,,,68,74,357.88,544,*,
1003091539,Woo,Kiho,Fullerton,CA,06,Internal Medicine,Claim-Specialty,Xarelto,Rivaroxaban,50,54,896,16611.3,,#,,,,,*,
1003092024,Nguyen,Thomas,Hayward,CA,06,Dentist,NPPES-Specialty,Acetaminophen-Codeine,Acetaminophen With Codeine,37,37,117,115.68,33,#,,,,,#,
1003092024,Nguyen,Thomas,Hayward,CA,06,Dentist,NPPES-Specialty,Amoxicillin,Amoxicillin,37,37,254,173.93,35,#,,,,,#,
1003092024,Nguyen,Thomas,Hayward,CA,06,Dentist,NPPES-Specialty,Chlorhexidine Gluconate,Chlorhexidine Gluconate,26,26.1,470,123.93,23,,26,26.1,123.93,470,,23
1003092024,Nguyen,Thomas,Hayward,CA,06,Dentist,NPPES-Specialty,Clindamycin Hcl,Clindamycin Hcl,11,11,69,103.02,,*,,,,,*,
1003092024,Nguyen,Thomas,Hayward,CA,06,Dentist,NPPES-Specialty,Hydrocodone-Acetaminophen,Hydrocodone/Acetaminophen,19,19,74,106.43,18,#,,,,,#,
1003092024,Nguyen,Thomas,Hayward,CA,06,Dentist,NPPES-Specialty,Ibuprofen,Ibuprofen,35,35,167,98.95,34,#,,,,,#,
1003092024,Nguyen,Thomas,Hayward,CA,06,Dentist,NPPES-Specialty,Penicillin V Potassium,Penicillin V Potassium,11,11,77,58.12,11,*,,,,,*,
1003092297,Curry-Sparks,Kathleen,Hayward,CA,06,Certified Nurse Midwife,Claim-Specialty,Testosterone Cypionate,Testosterone Cypionate,17,21,579,748.39,,,0,0,0,0,#,
1003094046,Tran,Gene,Valencia,CA,06,Neurology,Claim-Specialty,Aimovig Autoinjector,Erenumab-Aooe,25,33,986,25921.15,,,12,20,15602.73,596,*,
1003094046,Tran,Gene,Valencia,CA,06,Neurology,Claim-Specialty,Alprazolam,Alprazolam,21,21.5,606,698.32,,,0,0,0,0,#,
1003094046,Tran,Gene,Valencia,CA,06,Neurology,Claim-Specialty,Amantadine,Amantadine Hcl,24,60,1775,1982.19,,,24,60,1982.19,1775,*,
1003094046,Tran,Gene,Valencia,CA,06,Neurology,Claim-Specialty,Amitriptyline Hcl,Amitriptyline Hcl,46,101,3006,1556.18,11,,31,81.5,1332.19,2421,*,
1003094046,Tran,Gene,Valencia,CA,06,Neurology,Claim-Specialty,Amlodipine Besylate,Amlodipine Besylate,11,25,750,39.06,,,11,25,39.06,750,*,
1003094046,Tran,Gene,Valencia,CA,06,Neurology,Claim-Specialty,Armodafinil,Armodafinil,12,12,360,1215.62,,,12,12,1215.62,360,*,
1003094046,Tran,Gene,Valencia,CA,06,Neurology,Claim-Specialty,Atorvastatin Calcium,Atorvastatin Calcium,31,51,1530,371.7,,#,,,,,*,
1003094046,Tran,Gene,Valencia,CA,06,Neurology,Claim-Specialty,Baclofen,Baclofen,28,54,1520,653.56,,,16,22,246.67,580,*,
1003094046,Tran,Gene,Valencia,CA,06,Neurology,Claim-Specialty,Carbamazepine,Carbamazepine,29,79,2370,4891.18,,#,,,,,*,
1003094046,Tran,Gene,Valencia,CA,06,Neurology,Claim-Specialty,Carbidopa-Levodopa,Carbidopa/Levodopa,92,216.5,6448,6446.83,26,,92,216.5,6446.83,6448,,26
1003094046,Tran,Gene,Valencia,CA,06,Neurology,Claim-Specialty,Carbidopa-Levodopa Er,Carbidopa/Levodopa,39,107,3210,5131.22,13,,39,107,5131.22,3210,,13
1003094046,Tran,Gene,Valencia,CA,06,Neurology,Claim-Specialty,Clopidogrel,Clopidogrel Bisulfate,29,85,2550,460.34,,#,,,,,*,
1003094046,Tran,Gene,Valencia,CA,06,Neurology,Claim-Specialty,Clorazepate Dipotassium,Clorazepate Dipotassium,17,22.2,659,3519.92,,,0,0,0,0,#,
1003094046,Tran,Gene,Valencia,CA,06,Neurology,Claim-Specialty,Copaxone,Glatiramer Acetate,12,12,336,67730.52,,,12,12,67730.52,336,*,
1003094046,Tran,Gene,Valencia,CA,06,Neurology,Claim-Specialty,Donepezil Hcl,Donepezil Hcl,367,821.6,24583,12269.42,89,,353,807.6,12167.64,24212,#,
1003094046,Tran,Gene,Valencia,CA,06,Neurology,Claim-Specialty,Donepezil Hcl Odt,Donepezil Hcl,47,101,3030,1749.21,13,,47,101,1749.21,3030,,13
1003094046,Tran,Gene,Valencia,CA,06,Neurology,Claim-Specialty,Entacapone,Entacapone,19,43,1290,6693.81,,,19,43,6693.81,1290,*,
1003094046,Tran,Gene,Valencia,CA,06,Neurology,Claim-Specialty,Escitalopram Oxalate,Escitalopram Oxalate,35,79,2370,490.76,,#,,,,,*,
1003094046,Tran,Gene,Valencia,CA,06,Neurology,Claim-Specialty,Gabapentin,Gabapentin,122,268.3,8022,3101.67,36,,108,236.3,2720.8,7062,#,
1003094046,Tran,Gene,Valencia,CA,06,Neurology,Claim-Specialty,Galantamine Hbr,Galantamine Hbr,19,31,930,2601.41,,,19,31,2601.41,930,*,
1003094046,Tran,Gene,Valencia,CA,06,Neurology,Claim-Specialty,Glycopyrrolate,Glycopyrrolate,11,31,930,1229.01,,*,,,,,*,
1003094046,Tran,Gene,Valencia,CA,06,Neurology,Claim-Specialty,Lacosamide,Lacosamide,20,36.8,1104,5557.44,,*,,,,,*,
1003094046,Tran,Gene,Valencia,CA,06,Neurology,Claim-Specialty,Lamotrigine,Lamotrigine,56,142.4,4271,1586.43,17,#,,,,,#,
1003094046,Tran,Gene,Valencia,CA,06,Neurology,Claim-Specialty,Levetiracetam,Levetiracetam,146,346.6,10310,7638.65,36,#,,,,,#,
1003094046,Tran,Gene,Valencia,CA,06,Neurology,Claim-Specialty,Levothyroxine Sodium,Levothyroxine Sodium,12,12,360,232.94,,,12,12,232.94,360,*,
1003094046,Tran,Gene,Valencia,CA,06,Neurology,Claim-Specialty,Meclizine Hcl,Meclizine Hcl,12,18,490,229.18,,,12,18,229.18,490,*,
1003094046,Tran,Gene,Valencia,CA,06,Neurology,Claim-Specialty,Memantine Hcl,Memantine Hcl,336,826.7,24768,22835.46,85,,336,826.7,22835.46,24768,,85
1003094046,Tran,Gene,Valencia,CA,06,Neurology,Claim-Specialty,Mirtazapine,Mirtazapine,16,39,1170,256.85,,,16,39,256.85,1170,*,
1003094046,Tran,Gene,Valencia,CA,06,Neurology,Claim-Specialty,Nortriptyline Hcl,Nortriptyline Hcl,144,317.1,9472,3313.19,37,,112,277.1,2313.49,8272,#,
1003094046,Tran,Gene,Valencia,CA,06,Neurology,Claim-Specialty,Nurtec Odt,Rimegepant Sulfate,28,33.7,996,57022.47,,,17,17,29661.81,496,*,
1003094046,Tran,Gene,Valencia,CA,06,Neurology,Claim-Specialty,Ondansetron Hcl,Ondansetron Hcl,13,13,209,280.98,,*,,,,,*,
1003094046,Tran,Gene,Valencia,CA,06,Neurology,Claim-Specialty,Phenobarbital,Phenobarbital,17,22,640,489.66,,#,,,,,*,
1003094046,Tran,Gene,Valencia,CA,06,Neurology,Claim-Specialty,Phenytoin Sodium Extended,Phenytoin Sodium Extended,18,49,1455,1037.45,,#,,,,,*,
1003094046,Tran,Gene,Valencia,CA,06,Neurology,Claim-Specialty,Pramipexole Dihydrochloride,Pramipexole Di-Hcl,52,136,4080,3129.09,14,,52,136,3129.09,4080,,14
1003094046,Tran,Gene,Valencia,CA,06,Neurology,Claim-Specialty,Pregabalin,Pregabalin,24,45,1320,1311.77,,#,,,,,*,
1003094046,Tran,Gene,Valencia,CA,06,Neurology,Claim-Specialty,Primidone,Primidone,53,150.7,4520,2305.37,16,#,,,,,#,
1003094046,Tran,Gene,Valencia,CA,06,Neurology,Claim-Specialty,Propranolol Hcl,Propranolol Hcl,16,40,1192,507.9,,,16,40,507.9,1192,*,
1003094046,Tran,Gene,Valencia,CA,06,Neurology,Claim-Specialty,Pyridostigmine Bromide,Pyridostigmine Bromide,16,44,1320,2732.14,,,16,44,2732.14,1320,*,
1003094046,Tran,Gene,Valencia,CA,06,Neurology,Claim-Specialty,Quetiapine Fumarate,Quetiapine Fumarate,194,356,10534,9943.21,36,#,,,,,#,
1003094046,Tran,Gene,Valencia,CA,06,Neurology,Claim-Specialty,Qulipta,Atogepant,31,31,930,34826.56,,,12,12,13060.35,360,*,
1003094046,Tran,Gene,Valencia,CA,06,Neurology,Claim-Specialty,Rasagiline Mesylate,Rasagiline Mesylate,27,57,1710,6136.14,,,27,57,6136.14,1710,*,
1003094046,Tran,Gene,Valencia,CA,06,Neurology,Claim-Specialty,Risperidone,Risperidone,13,32.9,987,171.06,,,13,32.9,171.06,987,*,
1003094046,Tran,Gene,Valencia,CA,06,Neurology,Claim-Specialty,Rizatriptan,Rizatriptan Benzoate,41,43,1185,1016.39,,,19,21,430.27,540,*,
1003094046,Tran,Gene,Valencia,CA,06,Neurology,Claim-Specialty,Ropinirole Hcl,Ropinirole Hcl,162,372.7,11180,7995.68,36,,162,372.7,7995.68,11180,,36
1003094046,Tran,Gene,Valencia,CA,06,Neurology,Claim-Specialty,Selegiline Hcl,Selegiline Hcl,16,45,1350,3478.8,,,16,45,3478.8,1350,*,
1003094046,Tran,Gene,Valencia,CA,06,Neurology,Claim-Specialty,Sertraline Hcl,Sertraline Hcl,11,25,750,67.35,,,11,25,67.35,750,*,
1003094046,Tran,Gene,Valencia,CA,06,Neurology,Claim-Specialty,Sumatriptan Succinate,Sumatriptan Succinate,104,116.3,3077,6993.29,25,,77,83.3,6362.28,2134,#,
1003094046,Tran,Gene,Valencia,CA,06,Neurology,Claim-Specialty,Tamsulosin Hcl,Tamsulosin Hcl,11,11,330,187.15,,,11,11,187.15,330,*,
1003094046,Tran,Gene,Valencia,CA,06,Neurology,Claim-Specialty,Topiramate,Topiramate,55,151,4530,1917.82,16,,41,115,1414.66,3450,#,
1003094046,Tran,Gene,Valencia,CA,06,Neurology,Claim-Specialty,Trazodone Hcl,Trazodone Hcl,46,93.9,2817,538.77,12,,46,93.9,538.77,2817,,12
1003094046,Tran,Gene,Valencia,CA,06,Neurology,Claim-Specialty,Ubrelvy,Ubrogepant,26,26,730,33328.11,,*,,,,,*,
1003094426,Park,Kyungsin,Riverside,CA,06,Dentist,NPPES-Specialty,Amoxicillin,Amoxicillin,12,12,84,48.54,11,,12,12,48.54,84,,11
1003094426,Park,Kyungsin,Riverside,CA,06,Dentist,NPPES-Specialty,Ibuprofen,Ibuprofen,13,13,80,49.24,,,13,13,49.24,80,*,
1003094699,Behringer,Deborah,Loma Linda,CA,06,Emergency Medicine,Claim-Specialty,Azithromycin,Azithromycin,11,11,55,53.22,11,*,,,,,*,
1003094699,Behringer,Deborah,Loma Linda,CA,06,Emergency Medicine,Claim-Specialty,Cephalexin,Cephalexin,23,23,160,200.47,22,#,,,,,#,
1003094699,Behringer,Deborah,Loma Linda,CA,06,Emergency Medicine,Claim-Specialty,Hydrocodone-Acetaminophen,Hydrocodone/Acetaminophen,20,20,71,62.33,20,#,,,,,#,
1003094699,Behringer,Deborah,Loma Linda,CA,06,Emergency Medicine,Claim-Specialty,Tramadol Hcl,Tramadol Hcl,15,15,65,58.48,14,#,,,,,#,
1003095696,Halpin,Timothy,Beale Afb,CA,06,Family Practice,Claim-Specialty,Hydrocodone-Acetaminophen,Hydrocodone/Acetaminophen,36,36,127,225.05,36,#,,,,,#,
1003095696,Halpin,Timothy,Beale Afb,CA,06,Family Practice,Claim-Specialty,Prednisone,Prednisone,20,20,110,132.19,20,#,,,,,#,
1003095951,Matin,Bita,Concord,CA,06,Dentist,NPPES-Specialty,Amoxicillin,Amoxicillin,25,25,270,169.32,22,,25,25,169.32,270,,22
1003097692,Skoczylas,Laura,Orange,CA,06,Obstetrics & Gynecology,Claim-Specialty,Cephalexin,Cephalexin,61,71.3,913,584.43,43,,61,71.3,584.43,913,,43
1003097692,Skoczylas,Laura,Orange,CA,06,Obstetrics & Gynecology,Claim-Specialty,Estrace,Estradiol,13,42.6,1276,714.74,,,13,42.6,714.74,1276,*,
1003097692,Skoczylas,Laura,Orange,CA,06,Obstetrics & Gynecology,Claim-Specialty,Estradiol,Estradiol,315,1078.9,32366,14559.82,163,#,,,,,#,
1003097692,Skoczylas,Laura,Orange,CA,06,Obstetrics & Gynecology,Claim-Specialty,Estring,Estradiol,55,161.8,4854,32617.17,26,,55,161.8,32617.17,4854,,26
1003097692,Skoczylas,Laura,Orange,CA,06,Obstetrics & Gynecology,Claim-Specialty,Fluconazole,Fluconazole,31,31,92,191.58,20,#,,,,,#,
1003097692,Skoczylas,Laura,Orange,CA,06,Obstetrics & Gynecology,Claim-Specialty,Fosfomycin Tromethamine,Fosfomycin Tromethamine,12,12,82,1170.6,,,12,12,1170.6,82,*,
1003097692,Skoczylas,Laura,Orange,CA,06,Obstetrics & Gynecology,Claim-Specialty,Ibuprofen,Ibuprofen,13,13,151,121.15,13,,13,13,121.15,151,,13
1003097692,Skoczylas,Laura,Orange,CA,06,Obstetrics & Gynecology,Claim-Specialty,Methenamine Hippurate,Methenamine Hippurate,22,60.1,1750,1963.05,,,22,60.1,1963.05,1750,*,
1003097692,Skoczylas,Laura,Orange,CA,06,Obstetrics & Gynecology,Claim-Specialty,Myrbetriq,Mirabegron,112,253,7590,114738.13,40,#,,,,,#,
1003097692,Skoczylas,Laura,Orange,CA,06,Obstetrics & Gynecology,Claim-Specialty,Nitrofurantoin,Nitrofurantoin Macrocrystal,14,24.7,742,254.07,,,14,24.7,254.07,742,*,
1003097692,Skoczylas,Laura,Orange,CA,06,Obstetrics & Gynecology,Claim-Specialty,Nitrofurantoin Mono-Macro,Nitrofurantoin Monohyd/M-Cryst,63,69,669,948.13,44,,63,69,948.13,669,,44
1003097692,Skoczylas,Laura,Orange,CA,06,Obstetrics & Gynecology,Claim-Specialty,Oxycodone Hcl,Oxycodone Hcl,11,11,22,69.66,,,11,11,69.66,22,*,
1003097692,Skoczylas,Laura,Orange,CA,06,Obstetrics & Gynecology,Claim-Specialty,Sulfamethoxazole-Trimethoprim,Sulfamethoxazole/Trimethoprim,18,18,97,109.69,16,,18,18,109.69,97,,16
1003097692,Skoczylas,Laura,Orange,CA,06,Obstetrics & Gynecology,Claim-Specialty,Yuvafem,Estradiol,14,27.3,807,1344.19,,,14,27.3,1344.19,807,*,
1003100025,Conway,Allan,San Francisco,CA,06,Vascular Surgery,Claim-Specialty,Clopidogrel,Clopidogrel Bisulfate,17,19,570,199,12,,17,19,199,570,,12
1003100645,Swales,Christopher,Davis,CA,06,Family Practice,Claim-Specialty,Albuterol Sulfate Hfa,Albuterol Sulfate,68,77.4,1931,2995.38,32,#,,,,,#,
1003100645,Swales,Christopher,Davis,CA,06,Family Practice,Claim-Specialty,Allopurinol,Allopurinol,57,115,3450,1160.88,13,,41,91,762.89,2730,#,
1003100645,Swales,Christopher,Davis,CA,06,Family Practice,Claim-Specialty,Alprazolam,Alprazolam,34,34,907,144.66,,#,,,,,*,
1003100645,Swales,Christopher,Davis,CA,06,Family Practice,Claim-Specialty,Amitriptyline Hcl,Amitriptyline Hcl,28,46,1380,591.7,,,12,28,175.88,840,*,
1003100645,Swales,Christopher,Davis,CA,06,Family Practice,Claim-Specialty,Amlodipine Besylate,Amlodipine Besylate,181,423,12670,1811.69,46,,167,405,1605.67,12130,#,
1003100645,Swales,Christopher,Davis,CA,06,Family Practice,Claim-Specialty,Amlodipine Besylate-Benazepril,Amlodipine Besylate/Benazepril,41,123,3690,2114.61,11,,41,123,2114.61,3690,,11
1003100645,Swales,Christopher,Davis,CA,06,Family Practice,Claim-Specialty,Amlodipine-Valsartan,Amlodipine Besylate/Valsartan,11,23,690,1189.28,,,11,23,1189.28,690,*,
1003100645,Swales,Christopher,Davis,CA,06,Family Practice,Claim-Specialty,Amoxicillin-Clavulanate Potass,Amoxicillin/Potassium Clav,13,13,94,128.89,11,#,,,,,*,
1003100645,Swales,Christopher,Davis,CA,06,Family Practice,Claim-Specialty,Aripiprazole,Aripiprazole,38,67,1988,8885.87,,,13,39,3264.93,1170,*,
1003100645,Swales,Christopher,Davis,CA,06,Family Practice,Claim-Specialty,Atenolol,Atenolol,67,173,5164,1216.98,17,,54,160,1010.84,4800,#,
1003100645,Swales,Christopher,Davis,CA,06,Family Practice,Claim-Specialty,Atorvastatin Calcium,Atorvastatin Calcium,325,816.2,24417,5629.36,95,,275,710.2,4168.32,21281,,84
1003100645,Swales,Christopher,Davis,CA,06,Family Practice,Claim-Specialty,Azithromycin,Azithromycin,14,14,72,118.26,12,#,,,,,#,
1003100645,Swales,Christopher,Davis,CA,06,Family Practice,Claim-Specialty,Baclofen,Baclofen,19,41.5,1213,405.4,,*,,,,,*,
1003100645,Swales,Christopher,Davis,CA,06,Family Practice,Claim-Specialty,Benazepril Hcl,Benazepril Hcl,57,169,5070,1530.6,17,,57,169,1530.6,5070,,17
1003100645,Swales,Christopher,Davis,CA,06,Family Practice,Claim-Specialty,Bupropion Hcl Sr,Bupropion Hcl,24,60,1784,1431.64,,#,,,,,*,
1003100645,Swales,Christopher,Davis,CA,06,Family Practice,Claim-Specialty,Bupropion Xl,Bupropion Hcl,54,96,2876,1368.5,12,#,,,,,*,
1003100645,Swales,Christopher,Davis,CA,06,Family Practice,Claim-Specialty,Buspirone Hcl,Buspirone Hcl,22,46,1380,635.31,,#,,,,,*,
1003100645,Swales,Christopher,Davis,CA,06,Family Practice,Claim-Specialty,Carisoprodol,Carisoprodol,33,33,990,820.76,,*,,,,,*,
1003100645,Swales,Christopher,Davis,CA,06,Family Practice,Claim-Specialty,Cartia Xt,Diltiazem Hcl,11,29,870,889.03,,*,,,,,*,
1003100645,Swales,Christopher,Davis,CA,06,Family Practice,Claim-Specialty,Carvedilol,Carvedilol,31,45,1324,540.78,,#,,,,,*,
1003100645,Swales,Christopher,Davis,CA,06,Family Practice,Claim-Specialty,Celecoxib,Celecoxib,69,83,2320,3552.18,15,,33,47,2359.2,1410,#,
1003100645,Swales,Christopher,Davis,CA,06,Family Practice,Claim-Specialty,Chlorthalidone,Chlorthalidone,11,11,309,110.45,,,11,11,110.45,309,*,
1003100645,Swales,Christopher,Davis,CA,06,Family Practice,Claim-Specialty,Citalopram Hbr,Citalopram Hydrobromide,25,35,1012,153.35,,*,,,,,*,
1003100645,Swales,Christopher,Davis,CA,06,Family Practice,Claim-Specialty,Clonazepam,Clonazepam,67,69,1942,774.12,11,,30,32,168.97,940,*,
1003100645,Swales,Christopher,Davis,CA,06,Family Practice,Claim-Specialty,Clonidine,Clonidine,26,49.4,1461,6714.02,,,26,49.4,6714.02,1461,*,
1003100645,Swales,Christopher,Davis,CA,06,Family Practice,Claim-Specialty,Clonidine Hcl,Clonidine Hcl,16,22,660,146.84,,#,,,,,*,
1003100645,Swales,Christopher,Davis,CA,06,Family Practice,Claim-Specialty,Clopidogrel,Clopidogrel Bisulfate,45,101,3017,1226.19,16,,45,101,1226.19,3017,,16
1003100645,Swales,Christopher,Davis,CA,06,Family Practice,Claim-Specialty,Colchicine,Colchicine,12,12,66,526.85,,,12,12,526.85,66,*,
1003100645,Swales,Christopher,Davis,CA,06,Family Practice,Claim-Specialty,Cyclobenzaprine Hcl,Cyclobenzaprine Hcl,94,100,2846,1158.31,19,,55,61,623.09,1676,#,
1003100645,Swales,Christopher,Davis,CA,06,Family Practice,Claim-Specialty,Dextroamphetamine Sulfate,Dextroamphetamine Sulfate,13,13,390,799.5,,,13,13,799.5,390,*,
1003100645,Swales,Christopher,Davis,CA,06,Family Practice,Claim-Specialty,Diazepam,Diazepam,33,41,1230,263.75,,,17,25,161.74,750,*,
1003100645,Swales,Christopher,Davis,CA,06,Family Practice,Claim-Specialty,Diclofenac Sodium,Diclofenac Sodium,99,99,2409,1908.1,39,,61,61,1307.98,1303,#,
1003100645,Swales,Christopher,Davis,CA,06,Family Practice,Claim-Specialty,Diltiazem 24hr Er (Cd),Diltiazem Hcl,18,46,1380,885.86,,,18,46,885.86,1380,*,
1003100645,Swales,Christopher,Davis,CA,06,Family Practice,Claim-Specialty,Donepezil Hcl,Donepezil Hcl,13,27,801,219.43,,#,,,,,*,
1003100645,Swales,Christopher,Davis,CA,06,Family Practice,Claim-Specialty,Doxazosin Mesylate,Doxazosin Mesylate,25,51,1530,454.84,,#,,,,,*,
1003100645,Swales,Christopher,Davis,CA,06,Family Practice,Claim-Specialty,Duloxetine Hcl,Duloxetine Hcl,41,100.1,3004,1359.32,,#,,,,,*,
1003100645,Swales,Christopher,Davis,CA,06,Family Practice,Claim-Specialty,Eliquis,Apixaban,24,40,1200,23013.09,,,24,40,23013.09,1200,*,
1003100645,Swales,Christopher,Davis,CA,06,Family Practice,Claim-Specialty,Escitalopram Oxalate,Escitalopram Oxalate,27,79,2370,704.1,,#,,,,,*,
1003100645,Swales,Christopher,Davis,CA,06,Family Practice,Claim-Specialty,Esomeprazole Magnesium,Esomeprazole Magnesium,37,83,2474,1984.14,,#,,,,,*,
1003100645,Swales,Christopher,Davis,CA,06,Family Practice,Claim-Specialty,Estradiol,Estradiol,11,23,674,2105.43,,*,,,,,*,
1003100645,Swales,Christopher,Davis,CA,06,Family Practice,Claim-Specialty,Famotidine,Famotidine,141,281,8068,3048.01,39,,102,220,2256.55,6590,#,
1003100645,Swales,Christopher,Davis,CA,06,Family Practice,Claim-Specialty,Farxiga,Dapagliflozin Propanediol,11,19,570,11480.27,,,11,19,11480.27,570,*,
1003100645,Swales,Christopher,Davis,CA,06,Family Practice,Claim-Specialty,Fenofibrate,Fenofibrate,24,46,1354,1197.83,,*,,,,,*,
1003100645,Swales,Christopher,Davis,CA,06,Family Practice,Claim-Specialty,Fentanyl,Fentanyl,11,11,330,457.43,,,0,0,0,0,#,
1003100645,Swales,Christopher,Davis,CA,06,Family Practice,Claim-Specialty,Finasteride,Finasteride,46,104,3120,843.78,12,#,,,,,*,
1003100645,Swales,Christopher,Davis,CA,06,Family Practice,Claim-Specialty,Flovent Hfa,Fluticasone Propionate,22,28,840,11421.57,,*,,,,,*,
1003100645,Swales,Christopher,Davis,CA,06,Family Practice,Claim-Specialty,Fluoxetine Hcl,Fluoxetine Hcl,85,155,4650,1852.97,14,,62,120,925.03,3600,#,
1003100645,Swales,Christopher,Davis,CA,06,Family Practice,Claim-Specialty,Fluticasone Propionate,Fluticasone Propionate,117,175,5250,2203.55,37,,78,129,1500.76,3870,#,
1003100645,Swales,Christopher,Davis,CA,06,Family Practice,Claim-Specialty,Furosemide,Furosemide,58,112,3179,1189.5,20,,31,63,255.8,1709,#,
1003100645,Swales,Christopher,Davis,CA,06,Family Practice,Claim-Specialty,Gabapentin,Gabapentin,186,359.3,10351,6394.06,49,,110,243,3437.91,7230,,34
1003100645,Swales,Christopher,Davis,CA,06,Family Practice,Claim-Specialty,Glimepiride,Glimepiride,38,78,2340,412.06,,,22,56,219.67,1680,*,
1003100645,Swales,Christopher,Davis,CA,06,Family Practice,Claim-Specialty,Glipizide,Glipizide,11,33,990,209.28,,,11,33,209.28,990,*,
1003100645,Swales,Christopher,Davis,CA,06,Family Practice,Claim-Specialty,Hydrochlorothiazide,Hydrochlorothiazide,96,226,6716,555.88,31,,65,183,289.39,5452,#,
1003100645,Swales,Christopher,Davis,CA,06,Family Practice,Claim-Specialty,Hydrocodone-Acetaminophen,Hydrocodone/Acetaminophen,399,401.8,11158,12055.33,64,,298,300.8,7589.46,8365,,49
1003100645,Swales,Christopher,Davis,CA,06,Family Practice,Claim-Specialty,Hydromorphone Hcl,Hydromorphone Hcl,24,24,658,249.99,,*,,,,,*,
1003100645,Swales,Christopher,Davis,CA,06,Family Practice,Claim-Specialty,Hydroxyzine Hcl,Hydroxyzine Hcl,14,14,384,81.43,,,14,14,81.43,384,*,
1003100645,Swales,Christopher,Davis,CA,06,Family Practice,Claim-Specialty,Ibuprofen,Ibuprofen,31,33.3,648,331.61,14,,13,15.3,159.17,290,*,
1003100645,Swales,Christopher,Davis,CA,06,Family Practice,Claim-Specialty,Insulin Lispro Kwikpen U-100,Insulin Lispro,11,11,330,1126.85,,,11,11,1126.85,330,*,
1003100645,Swales,Christopher,Davis,CA,06,Family Practice,Claim-Specialty,Invokana,Canagliflozin,12,24,720,15674.4,,,12,24,15674.4,720,*,
1003100645,Swales,Christopher,Davis,CA,06,Family Practice,Claim-Specialty,Januvia,Sitagliptin Phosphate,15,43,1290,24729.87,,#,,,,,*,
1003100645,Swales,Christopher,Davis,CA,06,Family Practice,Claim-Specialty,Jardiance,Empagliflozin,28,60,1800,37499.8,11,#,,,,,*,
1003100645,Swales,Christopher,Davis,CA,06,Family Practice,Claim-Specialty,Ketoconazole,Ketoconazole,14,14,400,245.11,,#,,,,,*,
1003100645,Swales,Christopher,Davis,CA,06,Family Practice,Claim-Specialty,Lamotrigine,Lamotrigine,33,45,1272,882.45,,*,,,,,*,
1003100645,Swales,Christopher,Davis,CA,06,Family Practice,Claim-Specialty,Lansoprazole,Lansoprazole,14,32,960,252.12,,*,,,,,*,
1003100645,Swales,Christopher,Davis,CA,06,Family Practice,Claim-Specialty,Lantus Solostar,"Insulin Glargine,hum.Rec.Anlog",17,21.2,636,6475.21,,,17,21.2,6475.21,636,*,
1003100645,Swales,Christopher,Davis,CA,06,Family Practice,Claim-Specialty,Levemir Flexpen,Insulin Detemir,12,16,480,8510.8,,*,,,,,*,
1003100645,Swales,Christopher,Davis,CA,06,Family Practice,Claim-Specialty,Levetiracetam,Levetiracetam,15,37,1110,1121.26,,*,,,,,*,
1003100645,Swales,Christopher,Davis,CA,06,Family Practice,Claim-Specialty,Levocarnitine,Levocarnitine (With Sugar),11,11,308,1621.32,,,0,0,0,0,#,
1003100645,Swales,Christopher,Davis,CA,06,Family Practice,Claim-Specialty,Levothyroxine Sodium,Levothyroxine Sodium,184,463.8,13576,2685.88,44,,163,442.8,2540.94,13250,#,
1003100645,Swales,Christopher,Davis,CA,06,Family Practice,Claim-Specialty,Lisinopril,Lisinopril,232,626.7,18773,3285.05,70,,185,517.7,2292.21,15503,#,
1003100645,Swales,Christopher,Davis,CA,06,Family Practice,Claim-Specialty,Lisinopril-Hydrochlorothiazide,Lisinopril/Hydrochlorothiazide,27,81,2430,545.51,,#,,,,,*,
1003100645,Swales,Christopher,Davis,CA,06,Family Practice,Claim-Specialty,Lorazepam,Lorazepam,31,31,873,72.28,,,18,18,60.61,483,*,
1003100645,Swales,Christopher,Davis,CA,06,Family Practice,Claim-Specialty,Losartan Potassium,Losartan Potassium,166,408,12185,2822.44,44,,150,386,2600.97,11551,#,
1003100645,Swales,Christopher,Davis,CA,06,Family Practice,Claim-Specialty,Lovastatin,Lovastatin,78,212,6348,1156.28,21,#,,,,,#,
1003100645,Swales,Christopher,Davis,CA,06,Family Practice,Claim-Specialty,Meloxicam,Meloxicam,28,32,940,165.1,,#,,,,,*,
1003100645,Swales,Christopher,Davis,CA,06,Family Practice,Claim-Specialty,Memantine Hcl,Memantine Hcl,14,16,454,490.41,,*,,,,,*,
1003100645,Swales,Christopher,Davis,CA,06,Family Practice,Claim-Specialty,Metformin Hcl,Metformin Hcl,171,443,13260,2146.83,50,,123,345,1607.53,10350,,38
1003100645,Swales,Christopher,Davis,CA,06,Family Practice,Claim-Specialty,Metformin Hcl Er,Metformin Hcl,54,118,3540,976.64,12,,38,94,781.35,2820,*,
1003100645,Swales,Christopher,Davis,CA,06,Family Practice,Claim-Specialty,Methadone Hcl,Methadone Hcl,52,52,1521,1236.05,,,41,41,1002.9,1207,*,
1003100645,Swales,Christopher,Davis,CA,06,Family Practice,Claim-Specialty,Metoclopramide Hcl,Metoclopramide Hcl,12,12,196,98.3,,*,,,,,*,
1003100645,Swales,Christopher,Davis,CA,06,Family Practice,Claim-Specialty,Metoprolol Succinate,Metoprolol Succinate,76,181.8,5455,1248.2,20,,76,181.8,1248.2,5455,,20
1003100645,Swales,Christopher,Davis,CA,06,Family Practice,Claim-Specialty,Metoprolol Tartrate,Metoprolol Tartrate,40,102,3060,390.63,13,#,,,,,*,
1003100645,Swales,Christopher,Davis,CA,06,Family Practice,Claim-Specialty,Montelukast Sodium,Montelukast Sodium,98,204,6096,2366.02,22,,67,159,1779.02,4770,#,
1003100645,Swales,Christopher,Davis,CA,06,Family Practice,Claim-Specialty,Morphine Sulfate Er,Morphine Sulfate,53,53,1590,2175.42,,,31,31,1433.82,930,*,
1003100645,Swales,Christopher,Davis,CA,06,Family Practice,Claim-Specialty,Myrbetriq,Mirabegron,16,20,600,9717.61,,,16,20,9717.61,600,*,
1003100645,Swales,Christopher,Davis,CA,06,Family Practice,Claim-Specialty,Nano 2nd Gen Pen Needle,"Pen Needle, Diabetic",22,44,1318,1889.03,,,22,44,1889.03,1318,*,
1003100645,Swales,Christopher,Davis,CA,06,Family Practice,Claim-Specialty,Naproxen,Naproxen,31,49,1470,494.7,,,17,35,433.32,1050,*,
1003100645,Swales,Christopher,Davis,CA,06,Family Practice,Claim-Specialty,Nitrofurantoin Mono-Macro,Nitrofurantoin Monohyd/M-Cryst,23,23,215,343.74,16,#,,,,,#,
1003100645,Swales,Christopher,Davis,CA,06,Family Practice,Claim-Specialty,Novolog Flexpen,Insulin Aspart,20,30,877,14373.32,,#,,,,,*,
1003100645,Swales,Christopher,Davis,CA,06,Family Practice,Claim-Specialty,Nystatin,Nystatin,23,23,529,567.27,,,23,23,567.27,529,*,
1003100645,Swales,Christopher,Davis,CA,06,Family Practice,Claim-Specialty,Omeprazole,Omeprazole,190,456.8,13341,3775.52,52,,135,351.8,2844,10555,,41
1003100645,Swales,Christopher,Davis,CA,06,Family Practice,Claim-Specialty,Ondansetron Odt,Ondansetron,13,13,123,211.79,,*,,,,,*,
1003100645,Swales,Christopher,Davis,CA,06,Family Practice,Claim-Specialty,Oxycodone Hcl,Oxycodone Hcl,38,38.2,1057,957.16,,,24,24.2,713.22,678,*,
1003100645,Swales,Christopher,Davis,CA,06,Family Practice,Claim-Specialty,Oxycodone-Acetaminophen,Oxycodone Hcl/Acetaminophen,29,29,800,1976.09,,*,,,,,*,
1003100645,Swales,Christopher,Davis,CA,06,Family Practice,Claim-Specialty,Ozempic,Semaglutide,33,36.6,1036,36797.53,,*,,,,,*,
1003100645,Swales,Christopher,Davis,CA,06,Family Practice,Claim-Specialty,Pantoprazole Sodium,Pantoprazole Sodium,43,83,2490,704.8,14,#,,,,,#,
1003100645,Swales,Christopher,Davis,CA,06,Family Practice,Claim-Specialty,Paroxetine Hcl,Paroxetine Hcl,12,32,960,418.42,,*,,,,,*,
1003100645,Swales,Christopher,Davis,CA,06,Family Practice,Claim-Specialty,Paxlovid (Eua),Nirmatrelvir/Ritonavir,12,12,60,127,12,,12,12,127,60,,12
1003100645,Swales,Christopher,Davis,CA,06,Family Practice,Claim-Specialty,Pioglitazone Hcl,Pioglitazone Hcl,59,150,4500,2284.29,16,,43,121,2041.61,3630,#,
1003100645,Swales,Christopher,Davis,CA,06,Family Practice,Claim-Specialty,Potassium Chloride,Potassium Chloride,49,75,1898,1114,,*,,,,,*,
1003100645,Swales,Christopher,Davis,CA,06,Family Practice,Claim-Specialty,Pravastatin Sodium,Pravastatin Sodium,43,95,2824,584.09,,,24,70,343.66,2100,*,
1003100645,Swales,Christopher,Davis,CA,06,Family Practice,Claim-Specialty,Pregabalin,Pregabalin,49,57,1708,3041.41,12,*,,,,,*,
1003100645,Swales,Christopher,Davis,CA,06,Family Practice,Claim-Specialty,Primidone,Primidone,12,20,600,192.47,,*,,,,,*,
1003100645,Swales,Christopher,Davis,CA,06,Family Practice,Claim-Specialty,Propranolol Hcl,Propranolol Hcl,70,122,3637,1731.02,14,,37,87,1003.26,2587,*,
1003100645,Swales,Christopher,Davis,CA,06,Family Practice,Claim-Specialty,Quetiapine Fumarate,Quetiapine Fumarate,48,76,2268,1917.91,,,34,34,586.87,1008,*,
1003100645,Swales,Christopher,Davis,CA,06,Family Practice,Claim-Specialty,Rizatriptan,Rizatriptan Benzoate,11,11,315,266.4,,*,,,,,*,
1003100645,Swales,Christopher,Davis,CA,06,Family Practice,Claim-Specialty,Ropinirole Hcl,Ropinirole Hcl,23,26.9,581,925.6,,,0,0,0,0,#,
1003100645,Swales,Christopher,Davis,CA,06,Family Practice,Claim-Specialty,Rosuvastatin Calcium,Rosuvastatin Calcium,33,99,2970,885.56,13,#,,,,,#,
1003100645,Swales,Christopher,Davis,CA,06,Family Practice,Claim-Specialty,Sertraline Hcl,Sertraline Hcl,62,162,4860,993.95,18,,50,136,813.26,4080,#,
1003100645,Swales,Christopher,Davis,CA,06,Family Practice,Claim-Specialty,Shingrix,Varicella-Zoster Ge/As01b/Pf,15,15,15,3103.2,13,#,,,,,#,
1003100645,Swales,Christopher,Davis,CA,06,Family Practice,Claim-Specialty,Silver Sulfadiazine,Silver Sulfadiazine,12,12,193,48.37,,,12,12,48.37,193,*,
1003100645,Swales,Christopher,Davis,CA,06,Family Practice,Claim-Specialty,Simvastatin,Simvastatin,171,453,13590,2034.85,51,,136,386,1529.97,11580,#,
1003100645,Swales,Christopher,Davis,CA,06,Family Practice,Claim-Specialty,Spironolactone,Spironolactone,29,55,1624,461.5,,,29,55,461.5,1624,*,
1003100645,Swales,Christopher,Davis,CA,06,Family Practice,Claim-Specialty,Sumatriptan Succinate,Sumatriptan Succinate,29,32.5,926,900.06,,#,,,,,*,
1003100645,Swales,Christopher,Davis,CA,06,Family Practice,Claim-Specialty,Tamsulosin Hcl,Tamsulosin Hcl,76,222,6634,2207.17,26,#,,,,,#,
1003100645,Swales,Christopher,Davis,CA,06,Family Practice,Claim-Specialty,Temazepam,Temazepam,19,27,810,549.13,,#,,,,,*,
1003100645,Swales,Christopher,Davis,CA,06,Family Practice,Claim-Specialty,Terazosin Hcl,Terazosin Hcl,11,22.1,664,474.95,,,11,22.1,474.95,664,*,
1003100645,Swales,Christopher,Davis,CA,06,Family Practice,Claim-Specialty,Testosterone,Testosterone,23,23,690,3102.36,,#,,,,,*,
1003100645,Swales,Christopher,Davis,CA,06,Family Practice,Claim-Specialty,Tramadol Hcl,Tramadol Hcl,80,80,2121,1518.07,14,,65,65,1399.6,1704,*,
1003100645,Swales,Christopher,Davis,CA,06,Family Practice,Claim-Specialty,Trazodone Hcl,Trazodone Hcl,80,191,5624,1166.09,21,,69,158,859.97,4634,#,
1003100645,Swales,Christopher,Davis,CA,06,Family Practice,Claim-Specialty,Triamcinolone Acetonide,Triamcinolone Acetonide,13,13,276,105.33,,*,,,,,*,
1003100645,Swales,Christopher,Davis,CA,06,Family Practice,Claim-Specialty,Triamterene-Hydrochlorothiazid,Triamterene/Hydrochlorothiazid,14,40,1200,329.47,,*,,,,,*,
1003100645,Swales,Christopher,Davis,CA,06,Family Practice,Claim-Specialty,Trulicity,Dulaglutide,73,102.7,2968,102436.35,18,,52,76.3,75526.74,2212,#,
1003100645,Swales,Christopher,Davis,CA,06,Family Practice,Claim-Specialty,Valsartan,Valsartan,13,17,492,569.77,,,13,17,569.77,492,*,
1003100645,Swales,Christopher,Davis,CA,06,Family Practice,Claim-Specialty,Vascepa,Icosapent Ethyl,13,13,364,4523.74,,,0,0,0,0,#,
1003100645,Swales,Christopher,Davis,CA,06,Family Practice,Claim-Specialty,Venlafaxine Hcl Er,Venlafaxine Hcl,34,87.4,2622,3361.55,,,18,49.4,1685.25,1482,*,
1003100645,Swales,Christopher,Davis,CA,06,Family Practice,Claim-Specialty,Ventolin Hfa,Albuterol Sulfate,14,14.7,347,1001.39,,*,,,,,*,
1003100645,Swales,Christopher,Davis,CA,06,Family Practice,Claim-Specialty,Victoza 2-Pak,Liraglutide,19,20.7,622,14910.59,,*,,,,,*,
1003100645,Swales,Christopher,Davis,CA,06,Family Practice,Claim-Specialty,Warfarin Sodium,Warfarin Sodium,13,39,1170,220.58,,,13,39,220.58,1170,*,
1003100645,Swales,Christopher,Davis,CA,06,Family Practice,Claim-Specialty,Wixela Inhub,Fluticasone Propion/Salmeterol,11,11,330,2870.78,,,11,11,2870.78,330,*,
1003100645,Swales,Christopher,Davis,CA,06,Family Practice,Claim-Specialty,Xarelto,Rivaroxaban,88,155,4611,88816.63,19,#,,,,,#,
1003100645,Swales,Christopher,Davis,CA,06,Family Practice,Claim-Specialty,Zolpidem Tartrate,Zolpidem Tartrate,99,105,3134,1298.78,15,,62,68,755.63,2040,#,
1003100959,Matchett,John,Sherman Oaks,CA,06,Dentist,NPPES-Specialty,Amoxicillin,Amoxicillin,21,21,126,64.01,16,,21,21,64.01,126,,16
1003101494,Goodenough,Aaron,Ventura,CA,06,Physician Assistant,Claim-Specialty,Cephalexin,Cephalexin,28,28,196,322.06,28,#,,,,,#,
1003101494,Goodenough,Aaron,Ventura,CA,06,Physician Assistant,Claim-Specialty,Cyclobenzaprine Hcl,Cyclobenzaprine Hcl,15,15,58,47.96,15,#,,,,,#,
1003101494,Goodenough,Aaron,Ventura,CA,06,Physician Assistant,Claim-Specialty,Hydrocodone-Acetaminophen,Hydrocodone/Acetaminophen,34,34,82,140.8,34,#,,,,,#,
1003101874,Kim,Grace,Irvine,CA,06,Ophthalmology,Claim-Specialty,Alphagan P,Brimonidine Tartrate,29,57.1,1666,13755.52,14,#,,,,,#,
1003101874,Kim,Grace,Irvine,CA,06,Ophthalmology,Claim-Specialty,Brimonidine Tartrate,Brimonidine Tartrate,198,529.8,15836,5100.6,93,#,,,,,#,
1003101874,Kim,Grace,Irvine,CA,06,Ophthalmology,Claim-Specialty,Cyclosporine,Cyclosporine,15,21,615,4376.16,,#,,,,,*,
1003101874,Kim,Grace,Irvine,CA,06,Ophthalmology,Claim-Specialty,Dorzolamide Hcl,Dorzolamide Hcl,74,176.5,5281,2260.54,33,,74,176.5,2260.54,5281,,33
1003101874,Kim,Grace,Irvine,CA,06,Ophthalmology,Claim-Specialty,Dorzolamide-Timolol,Dorzolamide Hcl/Timolol Maleat,131,358.5,10757,3620.81,68,#,,,,,#,
1003101874,Kim,Grace,Irvine,CA,06,Ophthalmology,Claim-Specialty,Dorzolamide-Timolol,Dorzolamide/Timolol/Pf,33,51,1530,5517.52,11,,33,51,5517.52,1530,,11
1003101874,Kim,Grace,Irvine,CA,06,Ophthalmology,Claim-Specialty,Doxycycline Hyclate,Doxycycline Hyclate,14,15,410,265.23,,*,,,,,*,
1003101874,Kim,Grace,Irvine,CA,06,Ophthalmology,Claim-Specialty,Erythromycin,Erythromycin Base,19,21.3,351,184.99,16,#,,,,,#,
1003101874,Kim,Grace,Irvine,CA,06,Ophthalmology,Claim-Specialty,Ketorolac Tromethamine,Ketorolac Tromethamine,11,11,193,225.04,,,11,11,225.04,193,*,
1003101874,Kim,Grace,Irvine,CA,06,Ophthalmology,Claim-Specialty,Latanoprost,Latanoprost,357,868.5,25657,6018.59,167,#,,,,,#,
1003101874,Kim,Grace,Irvine,CA,06,Ophthalmology,Claim-Specialty,Lumigan,Bimatoprost,27,51.5,1519,15448.86,13,,27,51.5,15448.86,1519,,13
1003101874,Kim,Grace,Irvine,CA,06,Ophthalmology,Claim-Specialty,Moxifloxacin,Moxifloxacin Hcl,13,13.2,209,430.52,13,#,,,,,#,
1003101874,Kim,Grace,Irvine,CA,06,Ophthalmology,Claim-Specialty,Prednisolone Acetate,Prednisolone Acetate,19,22.2,492,937.26,15,#,,,,,#,
1003101874,Kim,Grace,Irvine,CA,06,Ophthalmology,Claim-Specialty,Restasis,Cyclosporine,16,18,525,9911.96,,,16,18,9911.96,525,*,
1003101874,Kim,Grace,Irvine,CA,06,Ophthalmology,Claim-Specialty,Rhopressa,Netarsudil Mesylate,98,170.3,4938,52377.71,45,#,,,,,#,
1003101874,Kim,Grace,Irvine,CA,06,Ophthalmology,Claim-Specialty,Simbrinza,Brinzolamide/Brimonidine Tart,38,59.4,1761,9924.34,14,#,,,,,#,
1003101874,Kim,Grace,Irvine,CA,06,Ophthalmology,Claim-Specialty,Timolol Maleate,Timolol Maleate,57,149.4,4483,1296.34,32,#,,,,,#,
1003101874,Kim,Grace,Irvine,CA,06,Ophthalmology,Claim-Specialty,Travoprost,Travoprost,35,52.2,1387,4701.59,11,,35,52.2,4701.59,1387,,11
1003101874,Kim,Grace,Irvine,CA,06,Ophthalmology,Claim-Specialty,Valacyclovir,Valacyclovir Hcl,12,14,268,428.71,,,12,14,428.71,268,*,
1003102468,Wu,Hui,Santa Clara,CA,06,Internal Medicine,Claim-Specialty,Amlodipine Besylate,Amlodipine Besylate,11,27.5,824,145.71,,,11,27.5,145.71,824,*,
1003102468,Wu,Hui,Santa Clara,CA,06,Internal Medicine,Claim-Specialty,Atorvastatin Calcium,Atorvastatin Calcium,26,56.3,1690,298.91,17,,26,56.3,298.91,1690,,17
1003102468,Wu,Hui,Santa Clara,CA,06,Internal Medicine,Claim-Specialty,Cefpodoxime Proxetil,Cefpodoxime Proxetil,13,13,40,184.29,13,,13,13,184.29,40,,13
1003102468,Wu,Hui,Santa Clara,CA,06,Internal Medicine,Claim-Specialty,Furosemide,Furosemide,24,56.4,1690,324.77,15,,24,56.4,324.77,1690,,15
1003102468,Wu,Hui,Santa Clara,CA,06,Internal Medicine,Claim-Specialty,Jardiance,Empagliflozin,15,35.3,1060,7007.11,,,15,35.3,7007.11,1060,*,
1003102468,Wu,Hui,Santa Clara,CA,06,Internal Medicine,Claim-Specialty,Lisinopril,Lisinopril,15,27.7,830,163.7,,,15,27.7,163.7,830,*,
1003102468,Wu,Hui,Santa Clara,CA,06,Internal Medicine,Claim-Specialty,Losartan Potassium,Losartan Potassium,21,43.3,1269,204.43,12,,21,43.3,204.43,1269,,12
1003102468,Wu,Hui,Santa Clara,CA,06,Internal Medicine,Claim-Specialty,Metoprolol Succinate,Metoprolol Succinate,19,43.9,1316,241.86,13,,19,43.9,241.86,1316,,13
1003102468,Wu,Hui,Santa Clara,CA,06,Internal Medicine,Claim-Specialty,Metoprolol Tartrate,Metoprolol Tartrate,34,66.9,1987,332.85,20,,34,66.9,332.85,1987,,20
1003102468,Wu,Hui,Santa Clara,CA,06,Internal Medicine,Claim-Specialty,Pantoprazole Sodium,Pantoprazole Sodium,16,33,990,203,12,,16,33,203,990,,12
1003102641,Boyarsky,Marina,Moreno Valley,CA,06,Family Practice,Claim-Specialty,Acetaminophen-Codeine,Acetaminophen With Codeine,22,22,446,308.79,,,22,22,308.79,446,*,
1003102641,Boyarsky,Marina,Moreno Valley,CA,06,Family Practice,Claim-Specialty,Acyclovir,Acyclovir,11,16.8,366,243.35,11,,11,16.8,243.35,366,,11
1003102641,Boyarsky,Marina,Moreno Valley,CA,06,Family Practice,Claim-Specialty,Albuterol Sulfate Hfa,Albuterol Sulfate,103,118.3,3550,1878.51,67,#,,,,,#,
1003102641,Boyarsky,Marina,Moreno Valley,CA,06,Family Practice,Claim-Specialty,Alendronate Sodium,Alendronate Sodium,73,197.2,5901,741.2,34,,73,197.2,741.2,5901,,34
1003102641,Boyarsky,Marina,Moreno Valley,CA,06,Family Practice,Claim-Specialty,Allopurinol,Allopurinol,13,43.3,1300,140.92,,,13,43.3,140.92,1300,*,
1003102641,Boyarsky,Marina,Moreno Valley,CA,06,Family Practice,Claim-Specialty,Alvesco,Ciclesonide,31,85.3,2560,5683.06,23,,31,85.3,5683.06,2560,,23
1003102641,Boyarsky,Marina,Moreno Valley,CA,06,Family Practice,Claim-Specialty,Amlodipine Besylate,Amlodipine Besylate,163,507.7,15244,1980.93,69,#,,,,,#,
1003102641,Boyarsky,Marina,Moreno Valley,CA,06,Family Practice,Claim-Specialty,Amoxicillin,Amoxicillin,13,13,80,108.54,13,#,,,,,#,
1003102641,Boyarsky,Marina,Moreno Valley,CA,06,Family Practice,Claim-Specialty,Atenolol,Atenolol,86,267.1,7990,992.31,39,#,,,,,#,
1003102641,Boyarsky,Marina,Moreno Valley,CA,06,Family Practice,Claim-Specialty,Atorvastatin Calcium,Atorvastatin Calcium,326,1033.3,31006,4671.74,137,#,,,,,#,
1003102641,Boyarsky,Marina,Moreno Valley,CA,06,Family Practice,Claim-Specialty,Benazepril Hcl,Benazepril Hcl,18,59.1,1773,409.7,,,18,59.1,409.7,1773,*,
1003102641,Boyarsky,Marina,Moreno Valley,CA,06,Family Practice,Claim-Specialty,Carvedilol,Carvedilol,35,103.3,3100,386.12,13,,35,103.3,386.12,3100,,13
1003102641,Boyarsky,Marina,Moreno Valley,CA,06,Family Practice,Claim-Specialty,Cephalexin,Cephalexin,13,13,94,129.06,13,,13,13,129.06,94,,13
1003102641,Boyarsky,Marina,Moreno Valley,CA,06,Family Practice,Claim-Specialty,Chlorhexidine Gluconate,Chlorhexidine Gluconate,12,12,344,119.78,,*,,,,,*,
1003102641,Boyarsky,Marina,Moreno Valley,CA,06,Family Practice,Claim-Specialty,Citalopram Hbr,Citalopram Hydrobromide,31,97.2,2920,349.77,13,,31,97.2,349.77,2920,,13
1003102641,Boyarsky,Marina,Moreno Valley,CA,06,Family Practice,Claim-Specialty,Clopidogrel,Clopidogrel Bisulfate,34,103.3,3100,632.54,14,,34,103.3,632.54,3100,,14
1003102641,Boyarsky,Marina,Moreno Valley,CA,06,Family Practice,Claim-Specialty,Colchicine,Colchicine,13,13,390,150.39,,#,,,,,*,
1003102641,Boyarsky,Marina,Moreno Valley,CA,06,Family Practice,Claim-Specialty,Doxycycline Monohydrate,Doxycycline Monohydrate,26,26,159,237.27,26,#,,,,,#,
1003102641,Boyarsky,Marina,Moreno Valley,CA,06,Family Practice,Claim-Specialty,Duloxetine Hcl,Duloxetine Hcl,22,71.3,2140,434.12,,#,,,,,*,
1003102641,Boyarsky,Marina,Moreno Valley,CA,06,Family Practice,Claim-Specialty,Escitalopram Oxalate,Escitalopram Oxalate,29,91.6,2750,370.82,14,,29,91.6,370.82,2750,,14
1003102641,Boyarsky,Marina,Moreno Valley,CA,06,Family Practice,Claim-Specialty,Estradiol,Estradiol,16,64.7,1943,702.53,12,#,,,,,#,
1003102641,Boyarsky,Marina,Moreno Valley,CA,06,Family Practice,Claim-Specialty,Famotidine,Famotidine,35,108.9,3271,591.94,23,#,,,,,#,
1003102641,Boyarsky,Marina,Moreno Valley,CA,06,Family Practice,Claim-Specialty,Finasteride,Finasteride,21,65.6,1970,313.82,,,21,65.6,313.82,1970,*,
1003102641,Boyarsky,Marina,Moreno Valley,CA,06,Family Practice,Claim-Specialty,Furosemide,Furosemide,25,74.1,2204,325.77,14,,25,74.1,325.77,2204,,14
1003102641,Boyarsky,Marina,Moreno Valley,CA,06,Family Practice,Claim-Specialty,Gabapentin,Gabapentin,87,162.8,4507,1364.95,37,,87,162.8,1364.95,4507,,37
1003102641,Boyarsky,Marina,Moreno Valley,CA,06,Family Practice,Claim-Specialty,Glipizide,Glipizide,61,193.9,5795,838.38,25,,61,193.9,838.38,5795,,25
1003102641,Boyarsky,Marina,Moreno Valley,CA,06,Family Practice,Claim-Specialty,Hydrochlorothiazide,Hydrochlorothiazide,142,456.6,13710,1581.23,56,#,,,,,#,
1003102641,Boyarsky,Marina,Moreno Valley,CA,06,Family Practice,Claim-Specialty,Hydrocodone-Acetaminophen,Hydrocodone/Acetaminophen,39,39,1076,560.81,19,#,,,,,#,
1003102641,Boyarsky,Marina,Moreno Valley,CA,06,Family Practice,Claim-Specialty,Ibuprofen,Ibuprofen,28,28.1,446,270.93,18,#,,,,,#,
1003102641,Boyarsky,Marina,Moreno Valley,CA,06,Family Practice,Claim-Specialty,Jardiance,Empagliflozin,28,88.3,2610,18442.59,12,,28,88.3,18442.59,2610,,12
1003102641,Boyarsky,Marina,Moreno Valley,CA,06,Family Practice,Claim-Specialty,Levothyroxine Sodium,Levothyroxine Sodium,212,609.7,18287,4495.78,78,,196,591.4,4287.66,17739,#,
1003102641,Boyarsky,Marina,Moreno Valley,CA,06,Family Practice,Claim-Specialty,Lisinopril,Lisinopril,140,444.3,13315,1737.2,69,#,,,,,#,
1003102641,Boyarsky,Marina,Moreno Valley,CA,06,Family Practice,Claim-Specialty,Lisinopril-Hydrochlorothiazide,Lisinopril/Hydrochlorothiazide,36,116.9,3510,424.15,18,#,,,,,#,
1003102641,Boyarsky,Marina,Moreno Valley,CA,06,Family Practice,Claim-Specialty,Losartan Potassium,Losartan Potassium,230,683.8,20434,2838.8,88,,230,683.8,2838.8,20434,,88
1003102641,Boyarsky,Marina,Moreno Valley,CA,06,Family Practice,Claim-Specialty,Losartan-Hydrochlorothiazide,Losartan/Hydrochlorothiazide,20,66.6,2000,256.75,,,20,66.6,256.75,2000,*,
1003102641,Boyarsky,Marina,Moreno Valley,CA,06,Family Practice,Claim-Specialty,Meloxicam,Meloxicam,37,45.7,1075,272.72,26,#,,,,,#,
1003102641,Boyarsky,Marina,Moreno Valley,CA,06,Family Practice,Claim-Specialty,Metformin Hcl,Metformin Hcl,148,470.6,14094,1968.72,58,#,,,,,#,
1003102641,Boyarsky,Marina,Moreno Valley,CA,06,Family Practice,Claim-Specialty,Metformin Hcl Er,Metformin Hcl,44,143.5,4310,387.61,22,,44,143.5,387.61,4310,,22
1003102641,Boyarsky,Marina,Moreno Valley,CA,06,Family Practice,Claim-Specialty,Methenamine Hippurate,Methenamine Hippurate,11,11,313,1116.26,,,11,11,1116.26,313,*,
1003102641,Boyarsky,Marina,Moreno Valley,CA,06,Family Practice,Claim-Specialty,Metoprolol Tartrate,Metoprolol Tartrate,62,135.7,4069,614.07,22,,49,117.9,504.43,3535,#,
1003102641,Boyarsky,Marina,Moreno Valley,CA,06,Family Practice,Claim-Specialty,Mirtazapine,Mirtazapine,76,131.8,3853,1641.61,36,,76,131.8,1641.61,3853,,36
1003102641,Boyarsky,Marina,Moreno Valley,CA,06,Family Practice,Claim-Specialty,Montelukast Sodium,Montelukast Sodium,28,65.3,1960,270.68,,#,,,,,*,
1003102641,Boyarsky,Marina,Moreno Valley,CA,06,Family Practice,Claim-Specialty,Nifedipine Er,Nifedipine,11,36.6,1100,533.53,,,11,36.6,533.53,1100,*,
1003102641,Boyarsky,Marina,Moreno Valley,CA,06,Family Practice,Claim-Specialty,Nitrofurantoin Mono-Macro,Nitrofurantoin Monohyd/M-Cryst,15,15,77,174.86,14,,15,15,174.86,77,,14
1003102641,Boyarsky,Marina,Moreno Valley,CA,06,Family Practice,Claim-Specialty,Omeprazole,Omeprazole,169,443.6,13308,2239.43,87,#,,,,,#,
1003102641,Boyarsky,Marina,Moreno Valley,CA,06,Family Practice,Claim-Specialty,Ondansetron Odt,Ondansetron,11,11.2,149,140.93,,,11,11.2,140.93,149,*,
1003102641,Boyarsky,Marina,Moreno Valley,CA,06,Family Practice,Claim-Specialty,Pantoprazole Sodium,Pantoprazole Sodium,33,85.3,2560,443,16,,33,85.3,443,2560,,16
1003102641,Boyarsky,Marina,Moreno Valley,CA,06,Family Practice,Claim-Specialty,Paxlovid (Eua),Nirmatrelvir/Ritonavir,14,14,70,238,14,,14,14,238,70,,14
1003102641,Boyarsky,Marina,Moreno Valley,CA,06,Family Practice,Claim-Specialty,Potassium Chloride,Potassium Chloride,52,121.7,3624,1907.51,21,#,,,,,#,
1003102641,Boyarsky,Marina,Moreno Valley,CA,06,Family Practice,Claim-Specialty,Pradaxa,Dabigatran Etexilate Mesylate,49,136,4080,14069.13,20,,49,136,14069.13,4080,,20
1003102641,Boyarsky,Marina,Moreno Valley,CA,06,Family Practice,Claim-Specialty,Pravastatin Sodium,Pravastatin Sodium,18,59.9,1800,542.57,,,18,59.9,542.57,1800,*,
1003102641,Boyarsky,Marina,Moreno Valley,CA,06,Family Practice,Claim-Specialty,Prednisone,Prednisone,16,16,79,100.81,16,,16,16,100.81,79,,16
1003102641,Boyarsky,Marina,Moreno Valley,CA,06,Family Practice,Claim-Specialty,Pregabalin,Pregabalin,22,26.3,745,348.91,,*,,,,,*,
1003102641,Boyarsky,Marina,Moreno Valley,CA,06,Family Practice,Claim-Specialty,Proctozone-Hc,Hydrocortisone,11,11,314,174.57,,*,,,,,*,
1003102641,Boyarsky,Marina,Moreno Valley,CA,06,Family Practice,Claim-Specialty,Rosuvastatin Calcium,Rosuvastatin Calcium,237,763.5,22926,2832.4,110,#,,,,,#,
1003102641,Boyarsky,Marina,Moreno Valley,CA,06,Family Practice,Claim-Specialty,Sertraline Hcl,Sertraline Hcl,43,122.6,3654,566.07,20,#,,,,,#,
1003102641,Boyarsky,Marina,Moreno Valley,CA,06,Family Practice,Claim-Specialty,Simvastatin,Simvastatin,87,289.7,8700,985.32,36,#,,,,,#,
1003102641,Boyarsky,Marina,Moreno Valley,CA,06,Family Practice,Claim-Specialty,Spironolactone,Spironolactone,21,64.6,1940,228.11,,,21,64.6,228.11,1940,*,
1003102641,Boyarsky,Marina,Moreno Valley,CA,06,Family Practice,Claim-Specialty,Sumatriptan Succinate,Sumatriptan Succinate,34,42,1257,548.2,,,21,29,226.59,870,*,
1003102641,Boyarsky,Marina,Moreno Valley,CA,06,Family Practice,Claim-Specialty,Tamsulosin Hcl,Tamsulosin Hcl,36,106.9,3210,633.8,19,,36,106.9,633.8,3210,,19
1003102641,Boyarsky,Marina,Moreno Valley,CA,06,Family Practice,Claim-Specialty,Terazosin Hcl,Terazosin Hcl,30,86.6,2600,1583.65,12,,30,86.6,1583.65,2600,,12
1003102641,Boyarsky,Marina,Moreno Valley,CA,06,Family Practice,Claim-Specialty,Tizanidine Hcl,Tizanidine Hcl,31,31.1,538,334.66,19,,31,31.1,334.66,538,,19
1003102641,Boyarsky,Marina,Moreno Valley,CA,06,Family Practice,Claim-Specialty,Tramadol Hcl,Tramadol Hcl,20,20,379,153.61,,,20,20,153.61,379,*,
1003102641,Boyarsky,Marina,Moreno Valley,CA,06,Family Practice,Claim-Specialty,Trazodone Hcl,Trazodone Hcl,32,83.5,2507,505.93,14,#,,,,,#,
1003102641,Boyarsky,Marina,Moreno Valley,CA,06,Family Practice,Claim-Specialty,Triamcinolone Acetonide,Triamcinolone Acetonide,20,23,500,204.29,15,,20,23,204.29,500,,15
1003102641,Boyarsky,Marina,Moreno Valley,CA,06,Family Practice,Claim-Specialty,Ultra-Fine Short Pen Needle,"Pen Needle, Diabetic",12,40,1200,348.75,,,12,40,348.75,1200,*,
1003102641,Boyarsky,Marina,Moreno Valley,CA,06,Family Practice,Claim-Specialty,Wixela Inhub,Fluticasone Propion/Salmeterol,45,91,2730,8991.81,14,#,,,,,#,
1003102724,Vinh,John,National City,CA,06,Optometry,Claim-Specialty,Cequa,Cyclosporine,37,76,2280,44040.98,15,#,,,,,#,
1003102724,Vinh,John,National City,CA,06,Optometry,Claim-Specialty,Cyclosporine,Cyclosporine,28,48,1424,13719.68,12,,11,21,7771.46,614,*,
1003102724,Vinh,John,National City,CA,06,Optometry,Claim-Specialty,Ketorolac Tromethamine,Ketorolac Tromethamine,617,934.3,27527,29968.66,222,,552,837.3,27204.42,24639,,197
1003102724,Vinh,John,National City,CA,06,Optometry,Claim-Specialty,Latanoprost,Latanoprost,39,50.9,1291,747.25,14,,39,50.9,747.25,1291,,14
1003102724,Vinh,John,National City,CA,06,Optometry,Claim-Specialty,Neomycin-Polymyxin-Dexameth,Neomycin/Polymyxin B/Dexametha,11,11,144,228.16,,*,,,,,*,
1003102724,Vinh,John,National City,CA,06,Optometry,Claim-Specialty,Prednisolone Acetate,Prednisolone Acetate,12,14,348,581.77,,,12,14,581.77,348,*,
1003102724,Vinh,John,National City,CA,06,Optometry,Claim-Specialty,Prolensa,Bromfenac Sodium,11,14.2,426,4611.46,,*,,,,,*,
1003102724,Vinh,John,National City,CA,06,Optometry,Claim-Specialty,Restasis,Cyclosporine,56,83,2490,54534.58,15,,37,52,33619.37,1560,#,
1003102724,Vinh,John,National City,CA,06,Optometry,Claim-Specialty,Zerviate,Cetirizine Hcl,19,27.5,825,13498.99,,,19,27.5,13498.99,825,*,
1003102856,Bai,Jilin,Santa Clarita,CA,06,General Surgery,Claim-Specialty,Allopurinol,Allopurinol,16,40,1200,247.27,,,16,40,247.27,1200,*,
1003102856,Bai,Jilin,Santa Clarita,CA,06,General Surgery,Claim-Specialty,Amiodarone Hcl,Amiodarone Hcl,25,27,578,647.16,11,,25,27,647.16,578,,11
1003102856,Bai,Jilin,Santa Clarita,CA,06,General Surgery,Claim-Specialty,Amlodipine Besylate,Amlodipine Besylate,149,232,5942,1688.8,34,,138,221,1595.46,5692,#,
1003102856,Bai,Jilin,Santa Clarita,CA,06,General Surgery,Claim-Specialty,Aripiprazole,Aripiprazole,11,11,330,2724.51,,*,,,,,*,
1003102856,Bai,Jilin,Santa Clarita,CA,06,General Surgery,Claim-Specialty,Atorvastatin Calcium,Atorvastatin Calcium,211,335.4,8623,3265.59,62,#,,,,,#,
1003102856,Bai,Jilin,Santa Clarita,CA,06,General Surgery,Claim-Specialty,Baclofen,Baclofen,25,25,350,943.25,,,25,25,943.25,350,*,
1003102856,Bai,Jilin,Santa Clarita,CA,06,General Surgery,Claim-Specialty,Bumetanide,Bumetanide,13,13,213,235.93,,,13,13,235.93,213,*,
1003102856,Bai,Jilin,Santa Clarita,CA,06,General Surgery,Claim-Specialty,Carbidopa-Levodopa,Carbidopa/Levodopa,18,18,300,451.54,,,18,18,451.54,300,*,
1003102856,Bai,Jilin,Santa Clarita,CA,06,General Surgery,Claim-Specialty,Carvedilol,Carvedilol,38,47.5,1076,278.06,13,#,,,,,#,
1003102856,Bai,Jilin,Santa Clarita,CA,06,General Surgery,Claim-Specialty,Celecoxib,Celecoxib,13,13,210,907.64,,,13,13,907.64,210,*,
1003102856,Bai,Jilin,Santa Clarita,CA,06,General Surgery,Claim-Specialty,Clonidine,Clonidine,17,17,266,760.82,,,17,17,760.82,266,*,
1003102856,Bai,Jilin,Santa Clarita,CA,06,General Surgery,Claim-Specialty,Clopidogrel,Clopidogrel Bisulfate,36,42,1011,337.43,12,#,,,,,*,
1003102856,Bai,Jilin,Santa Clarita,CA,06,General Surgery,Claim-Specialty,Creon,Lipase/Protease/Amylase,24,24,273,3538.31,,,24,24,3538.31,273,*,
1003102856,Bai,Jilin,Santa Clarita,CA,06,General Surgery,Claim-Specialty,Dexamethasone,Dexamethasone,13,13,159,184.85,,,13,13,184.85,159,*,
1003102856,Bai,Jilin,Santa Clarita,CA,06,General Surgery,Claim-Specialty,Dexlansoprazole Dr,Dexlansoprazole,20,20,313,2617.27,,#,,,,,*,
1003102856,Bai,Jilin,Santa Clarita,CA,06,General Surgery,Claim-Specialty,Dextrose 5%-0.45% Nacl,Dextrose 5 %-0.45 % Sod Chlord,11,11,30,219.36,,,11,11,219.36,30,*,
1003102856,Bai,Jilin,Santa Clarita,CA,06,General Surgery,Claim-Specialty,Digoxin,Digoxin,11,13,204,131.92,,*,,,,,*,
1003102856,Bai,Jilin,Santa Clarita,CA,06,General Surgery,Claim-Specialty,Donepezil Hcl,Donepezil Hcl,44,60,1342,726.26,,,44,60,726.26,1342,*,
1003102856,Bai,Jilin,Santa Clarita,CA,06,General Surgery,Claim-Specialty,Eliquis,Apixaban,114,132,2367,45050.94,29,#,,,,,#,
1003102856,Bai,Jilin,Santa Clarita,CA,06,General Surgery,Claim-Specialty,Ertapenem,Ertapenem Sodium,11,11,44,4403.56,,,11,11,4403.56,44,*,
1003102856,Bai,Jilin,Santa Clarita,CA,06,General Surgery,Claim-Specialty,Ezetimibe,Ezetimibe,17,17,379,298.42,,,17,17,298.42,379,*,
1003102856,Bai,Jilin,Santa Clarita,CA,06,General Surgery,Claim-Specialty,Famotidine,Famotidine,65,71,1405,631.94,14,#,,,,,#,
1003102856,Bai,Jilin,Santa Clarita,CA,06,General Surgery,Claim-Specialty,Fesoterodine Fumarate Er,Fesoterodine Fumarate,11,11,146,533.29,,,11,11,533.29,146,*,
1003102856,Bai,Jilin,Santa Clarita,CA,06,General Surgery,Claim-Specialty,Finasteride,Finasteride,35,39,947,530.92,,,23,27,413.33,715,*,
1003102856,Bai,Jilin,Santa Clarita,CA,06,General Surgery,Claim-Specialty,Folic Acid,Folic Acid,12,12,276,60.23,,,12,12,60.23,276,*,
1003102856,Bai,Jilin,Santa Clarita,CA,06,General Surgery,Claim-Specialty,Furosemide,Furosemide,28,38,1036,146.02,19,#,,,,,#,
1003102856,Bai,Jilin,Santa Clarita,CA,06,General Surgery,Claim-Specialty,Gabapentin,Gabapentin,45,49,1011,596.55,17,,45,49,596.55,1011,,17
1003102856,Bai,Jilin,Santa Clarita,CA,06,General Surgery,Claim-Specialty,Glipizide,Glipizide,22,32,906,449.42,,#,,,,,*,
1003102856,Bai,Jilin,Santa Clarita,CA,06,General Surgery,Claim-Specialty,Hydralazine Hcl,Hydralazine Hcl,30,30,506,356.65,,,30,30,356.65,506,*,
1003102856,Bai,Jilin,Santa Clarita,CA,06,General Surgery,Claim-Specialty,Hydrochlorothiazide,Hydrochlorothiazide,15,29.8,840,97.3,,#,,,,,*,
1003102856,Bai,Jilin,Santa Clarita,CA,06,General Surgery,Claim-Specialty,Imipenem-Cilastatin Sodium,Imipenem/Cilastatin Sodium,16,16,46,2415.02,,,16,16,2415.02,46,*,
1003102856,Bai,Jilin,Santa Clarita,CA,06,General Surgery,Claim-Specialty,Incruse Ellipta,Umeclidinium Bromide,11,11,77,915.75,,,11,11,915.75,77,*,
1003102856,Bai,Jilin,Santa Clarita,CA,06,General Surgery,Claim-Specialty,Ipratropium-Albuterol,Ipratropium/Albuterol Sulfate,18,18,138,195.41,,,18,18,195.41,138,*,
1003102856,Bai,Jilin,Santa Clarita,CA,06,General Surgery,Claim-Specialty,Isosorbide Mononitrate Er,Isosorbide Mononitrate,32,36,696,387.14,,#,,,,,*,
1003102856,Bai,Jilin,Santa Clarita,CA,06,General Surgery,Claim-Specialty,Januvia,Sitagliptin Phosphate,42,48,798,15728.94,,,24,30,11229.08,567,*,
1003102856,Bai,Jilin,Santa Clarita,CA,06,General Surgery,Claim-Specialty,Jardiance,Empagliflozin,24,47,1410,27827.24,15,#,,,,,#,
1003102856,Bai,Jilin,Santa Clarita,CA,06,General Surgery,Claim-Specialty,Lantus Solostar,"Insulin Glargine,hum.Rec.Anlog",11,11,206,1153.55,,*,,,,,*,
1003102856,Bai,Jilin,Santa Clarita,CA,06,General Surgery,Claim-Specialty,Levetiracetam,Levetiracetam,19,19,361,754.41,,,19,19,754.41,361,*,
1003102856,Bai,Jilin,Santa Clarita,CA,06,General Surgery,Claim-Specialty,Levofloxacin,Levofloxacin,29,29.4,315,255.84,19,#,,,,,#,
1003102856,Bai,Jilin,Santa Clarita,CA,06,General Surgery,Claim-Specialty,Levothyroxine Sodium,Levothyroxine Sodium,59,113,3364,1178.83,20,,59,113,1178.83,3364,,20
1003102856,Bai,Jilin,Santa Clarita,CA,06,General Surgery,Claim-Specialty,Lisinopril,Lisinopril,24,46,1380,534.73,,,24,46,534.73,1380,*,
1003102856,Bai,Jilin,Santa Clarita,CA,06,General Surgery,Claim-Specialty,Losartan Potassium,Losartan Potassium,102,145.3,3312,1097.04,24,,102,145.3,1097.04,3312,,24
1003102856,Bai,Jilin,Santa Clarita,CA,06,General Surgery,Claim-Specialty,Megestrol Acetate,Megestrol Acetate,11,11,258,1702.63,,,11,11,1702.63,258,*,
1003102856,Bai,Jilin,Santa Clarita,CA,06,General Surgery,Claim-Specialty,Meloxicam,Meloxicam,11,11,234,74.95,,,0,0,0,0,#,
1003102856,Bai,Jilin,Santa Clarita,CA,06,General Surgery,Claim-Specialty,Metformin Hcl,Metformin Hcl,66,96,2432,688.18,14,#,,,,,#,
1003102856,Bai,Jilin,Santa Clarita,CA,06,General Surgery,Claim-Specialty,Metoprolol Succinate,Metoprolol Succinate,44,61,1493,781.44,15,,44,61,781.44,1493,,15
1003102856,Bai,Jilin,Santa Clarita,CA,06,General Surgery,Claim-Specialty,Metoprolol Tartrate,Metoprolol Tartrate,44,44,840,237.01,12,#,,,,,#,
1003102856,Bai,Jilin,Santa Clarita,CA,06,General Surgery,Claim-Specialty,Midodrine Hcl,Midodrine Hcl,16,16.1,316,1119.2,,,16,16.1,1119.2,316,*,
1003102856,Bai,Jilin,Santa Clarita,CA,06,General Surgery,Claim-Specialty,Mirtazapine,Mirtazapine,16,16,388,214.24,,#,,,,,*,
1003102856,Bai,Jilin,Santa Clarita,CA,06,General Surgery,Claim-Specialty,Montelukast Sodium,Montelukast Sodium,24,26,500,460.7,,,24,26,460.7,500,*,
1003102856,Bai,Jilin,Santa Clarita,CA,06,General Surgery,Claim-Specialty,Olmesartan Medoxomil,Olmesartan Medoxomil,19,45,1302,955.37,,,19,45,955.37,1302,*,
1003102856,Bai,Jilin,Santa Clarita,CA,06,General Surgery,Claim-Specialty,Omeprazole,Omeprazole,70,70,1380,1240.06,14,,70,70,1240.06,1380,,14
1003102856,Bai,Jilin,Santa Clarita,CA,06,General Surgery,Claim-Specialty,Oxybutynin Chloride,Oxybutynin Chloride,13,13,298,156.94,,,13,13,156.94,298,*,
1003102856,Bai,Jilin,Santa Clarita,CA,06,General Surgery,Claim-Specialty,Pantoprazole Sodium,Pantoprazole Sodium,74,80,1694,3061.39,31,,74,80,3061.39,1694,,31
1003102856,Bai,Jilin,Santa Clarita,CA,06,General Surgery,Claim-Specialty,Potassium Chloride,Potassium Chloride,23,23.2,481,1375.77,,,23,23.2,1375.77,481,*,
1003102856,Bai,Jilin,Santa Clarita,CA,06,General Surgery,Claim-Specialty,Pramipexole Dihydrochloride,Pramipexole Di-Hcl,14,14,196,109.34,,,14,14,109.34,196,*,
1003102856,Bai,Jilin,Santa Clarita,CA,06,General Surgery,Claim-Specialty,Pravastatin Sodium,Pravastatin Sodium,22,42,1260,600.54,,,22,42,600.54,1260,*,
1003102856,Bai,Jilin,Santa Clarita,CA,06,General Surgery,Claim-Specialty,Prednisone,Prednisone,12,12,94,28.1,,,12,12,28.1,94,*,
1003102856,Bai,Jilin,Santa Clarita,CA,06,General Surgery,Claim-Specialty,Quetiapine Fumarate,Quetiapine Fumarate,22,22.1,580,481.71,,,22,22.1,481.71,580,*,
1003102856,Bai,Jilin,Santa Clarita,CA,06,General Surgery,Claim-Specialty,Raloxifene Hcl,Raloxifene Hcl,12,12,278,663.89,,,12,12,663.89,278,*,
1003102856,Bai,Jilin,Santa Clarita,CA,06,General Surgery,Claim-Specialty,Ranolazine Er,Ranolazine,22,22,419,924.34,,,22,22,924.34,419,*,
1003102856,Bai,Jilin,Santa Clarita,CA,06,General Surgery,Claim-Specialty,Rosuvastatin Calcium,Rosuvastatin Calcium,11,11,310,274.37,,*,,,,,*,
1003102856,Bai,Jilin,Santa Clarita,CA,06,General Surgery,Claim-Specialty,Sertraline Hcl,Sertraline Hcl,42,42,857,332.2,,#,,,,,*,
1003102856,Bai,Jilin,Santa Clarita,CA,06,General Surgery,Claim-Specialty,Simvastatin,Simvastatin,35,47,1309,580.93,,,35,47,580.93,1309,*,
1003102856,Bai,Jilin,Santa Clarita,CA,06,General Surgery,Claim-Specialty,Sodium Chloride,0.9 % Sodium Chloride,52,63,663,1541.46,,,52,63,1541.46,663,*,
1003102856,Bai,Jilin,Santa Clarita,CA,06,General Surgery,Claim-Specialty,Sotalol,Sotalol Hcl,13,13,276,217.26,,,13,13,217.26,276,*,
1003102856,Bai,Jilin,Santa Clarita,CA,06,General Surgery,Claim-Specialty,Tamsulosin Hcl,Tamsulosin Hcl,110,130.1,3505,2494.65,30,#,,,,,#,
1003102856,Bai,Jilin,Santa Clarita,CA,06,General Surgery,Claim-Specialty,Tradjenta,Linagliptin,12,28,812,15073.47,,,12,28,15073.47,812,*,
1003102856,Bai,Jilin,Santa Clarita,CA,06,General Surgery,Claim-Specialty,Tramadol Hcl,Tramadol Hcl,27,27,382,164.21,,#,,,,,*,
1003102856,Bai,Jilin,Santa Clarita,CA,06,General Surgery,Claim-Specialty,Valsartan,Valsartan,24,28,488,1291.12,,,24,28,1291.12,488,*,
1003102856,Bai,Jilin,Santa Clarita,CA,06,General Surgery,Claim-Specialty,Xarelto,Rivaroxaban,28,28,382,7405.42,,,28,28,7405.42,382,*,
1003103805,Hajar,Rabab,San Luis Obispo,CA,06,Gastroenterology,Claim-Specialty,Famotidine,Famotidine,11,21,630,223.59,,*,,,,,*,
1003103805,Hajar,Rabab,San Luis Obispo,CA,06,Gastroenterology,Claim-Specialty,Gavilyte-G,"Peg3350/Sod Sulf,bicarb,cl/Kcl",24,24,43,424.93,24,#,,,,,#,
1003103805,Hajar,Rabab,San Luis Obispo,CA,06,Gastroenterology,Claim-Specialty,Omeprazole,Omeprazole,19,41,1230,378.18,,#,,,,,*,
1003103805,Hajar,Rabab,San Luis Obispo,CA,06,Gastroenterology,Claim-Specialty,Pantoprazole Sodium,Pantoprazole Sodium,100,229.4,6866,1965.12,42,,88,195.4,1483.39,5846,#,
1003103805,Hajar,Rabab,San Luis Obispo,CA,06,Gastroenterology,Claim-Specialty,Sod Sulf-Potass Sulf-Mag Sulf,"Sodium, Potassium,mag Sulfates",66,66,118,5359.66,64,#,,,,,#,
1003104118,Murray,Betty,Sacramento,CA,06,Internal Medicine,Claim-Specialty,Albuterol Sulfate Hfa,Albuterol Sulfate,98,115.8,2961,2813.58,53,,63,75.8,1702.63,1929,,31
1003104118,Murray,Betty,Sacramento,CA,06,Internal Medicine,Claim-Specialty,Alendronate Sodium,Alendronate Sodium,43,68.2,1987,231.79,,,26,47.6,145.86,1399,*,
1003104118,Murray,Betty,Sacramento,CA,06,Internal Medicine,Claim-Specialty,Allopurinol,Allopurinol,16,40.3,1184,217.83,,*,,,,,*,
1003104118,Murray,Betty,Sacramento,CA,06,Internal Medicine,Claim-Specialty,Alprazolam,Alprazolam,25,25,679,144.21,15,,25,25,144.21,679,,15
1003104118,Murray,Betty,Sacramento,CA,06,Internal Medicine,Claim-Specialty,Amitriptyline Hcl,Amitriptyline Hcl,22,32,960,770.36,,*,,,,,*,
1003104118,Murray,Betty,Sacramento,CA,06,Internal Medicine,Claim-Specialty,Amlodipine Besylate,Amlodipine Besylate,178,413.5,12391,1538.84,85,,147,348.2,1309.28,10431,,71
1003104118,Murray,Betty,Sacramento,CA,06,Internal Medicine,Claim-Specialty,Atenolol,Atenolol,21,56,1680,249.34,13,#,,,,,*,
1003104118,Murray,Betty,Sacramento,CA,06,Internal Medicine,Claim-Specialty,Atorvastatin Calcium,Atorvastatin Calcium,315,722.5,21588,3830.21,139,,260,601,3101.76,17983,,116
1003104118,Murray,Betty,Sacramento,CA,06,Internal Medicine,Claim-Specialty,Azithromycin,Azithromycin,21,21,98,99.24,21,#,,,,,#,
1003104118,Murray,Betty,Sacramento,CA,06,Internal Medicine,Claim-Specialty,Baclofen,Baclofen,25,43,1204,586.57,15,,14,22,206.27,574,*,
1003104118,Murray,Betty,Sacramento,CA,06,Internal Medicine,Claim-Specialty,Benazepril Hcl,Benazepril Hcl,12,36,1080,252.03,,*,,,,,*,
1003104118,Murray,Betty,Sacramento,CA,06,Internal Medicine,Claim-Specialty,Bupropion Hcl Sr,Bupropion Hcl,13,21,630,393.44,,#,,,,,*,
1003104118,Murray,Betty,Sacramento,CA,06,Internal Medicine,Claim-Specialty,Bupropion Xl,Bupropion Hcl,36,62,1860,1163.73,11,,24,48,780.81,1440,*,
1003104118,Murray,Betty,Sacramento,CA,06,Internal Medicine,Claim-Specialty,Buspirone Hcl,Buspirone Hcl,24,37,1110,557.61,11,#,,,,,*,
1003104118,Murray,Betty,Sacramento,CA,06,Internal Medicine,Claim-Specialty,Carvedilol,Carvedilol,54,96,2880,876.73,21,#,,,,,#,
1003104118,Murray,Betty,Sacramento,CA,06,Internal Medicine,Claim-Specialty,Ciprofloxacin Hcl,Ciprofloxacin Hcl,21,21.2,418,310.12,,*,,,,,*,
1003104118,Murray,Betty,Sacramento,CA,06,Internal Medicine,Claim-Specialty,Citalopram Hbr,Citalopram Hydrobromide,38,78.4,2324,279.89,16,,27,65.4,220.42,1942,#,
1003104118,Murray,Betty,Sacramento,CA,06,Internal Medicine,Claim-Specialty,Clonazepam,Clonazepam,13,13,380,106.37,,#,,,,,*,
1003104118,Murray,Betty,Sacramento,CA,06,Internal Medicine,Claim-Specialty,Clonidine Hcl,Clonidine Hcl,16,20.1,593,70.13,,*,,,,,*,
1003104118,Murray,Betty,Sacramento,CA,06,Internal Medicine,Claim-Specialty,Clopidogrel,Clopidogrel Bisulfate,46,104,3114,871.92,21,,31,71,551.19,2124,#,
1003104118,Murray,Betty,Sacramento,CA,06,Internal Medicine,Claim-Specialty,Cyclobenzaprine Hcl,Cyclobenzaprine Hcl,30,37,1019,787.79,14,,13,17,196.08,419,*,
1003104118,Murray,Betty,Sacramento,CA,06,Internal Medicine,Claim-Specialty,Desvenlafaxine Succinate Er,Desvenlafaxine Succinate,15,15.2,454,1266.54,,*,,,,,*,
1003104118,Murray,Betty,Sacramento,CA,06,Internal Medicine,Claim-Specialty,Diclofenac Sodium,Diclofenac Sodium,29,31,582,988.58,19,#,,,,,#,
1003104118,Murray,Betty,Sacramento,CA,06,Internal Medicine,Claim-Specialty,Diltiazem 24hr Er (Cd),Diltiazem Hcl,11,23,684,256.56,,*,,,,,*,
1003104118,Murray,Betty,Sacramento,CA,06,Internal Medicine,Claim-Specialty,Divalproex Sodium Er,Divalproex Sodium,13,13.2,394,369.5,,*,,,,,*,
1003104118,Murray,Betty,Sacramento,CA,06,Internal Medicine,Claim-Specialty,Donepezil Hcl,Donepezil Hcl,21,39,1170,579.7,,,21,39,579.7,1170,*,
1003104118,Murray,Betty,Sacramento,CA,06,Internal Medicine,Claim-Specialty,Duloxetine Hcl,Duloxetine Hcl,62,136,4074,2382.52,29,,43,93,1572.01,2784,#,
1003104118,Murray,Betty,Sacramento,CA,06,Internal Medicine,Claim-Specialty,Eliquis,Apixaban,27,49,1445,28938.24,15,#,,,,,#,
1003104118,Murray,Betty,Sacramento,CA,06,Internal Medicine,Claim-Specialty,Escitalopram Oxalate,Escitalopram Oxalate,31,63,1890,695.14,14,#,,,,,*,
1003104118,Murray,Betty,Sacramento,CA,06,Internal Medicine,Claim-Specialty,Estradiol,Estradiol,28,43.8,1308,360.99,,,15,28.8,288.19,864,*,
1003104118,Murray,Betty,Sacramento,CA,06,Internal Medicine,Claim-Specialty,Ezetimibe,Ezetimibe,12,32,960,606.65,,*,,,,,*,
1003104118,Murray,Betty,Sacramento,CA,06,Internal Medicine,Claim-Specialty,Famotidine,Famotidine,28,54,1558,400.31,16,#,,,,,#,
1003104118,Murray,Betty,Sacramento,CA,06,Internal Medicine,Claim-Specialty,Fenofibrate,Fenofibrate Nanocrystallized,19,35,1050,1055.39,,,0,0,0,0,#,
1003104118,Murray,Betty,Sacramento,CA,06,Internal Medicine,Claim-Specialty,Fluconazole,Fluconazole,13,13,43,60.1,11,#,,,,,*,
1003104118,Murray,Betty,Sacramento,CA,06,Internal Medicine,Claim-Specialty,Fludrocortisone Acetate,Fludrocortisone Acetate,12,16,480,330.68,,,12,16,330.68,480,*,
1003104118,Murray,Betty,Sacramento,CA,06,Internal Medicine,Claim-Specialty,Fluoxetine Hcl,Fluoxetine Hcl,32,76,2256,362.45,19,#,,,,,#,
1003104118,Murray,Betty,Sacramento,CA,06,Internal Medicine,Claim-Specialty,Fluticasone Propionate,Fluticasone Propionate,62,98,2940,1277.58,34,,39,61,790.29,1830,#,
1003104118,Murray,Betty,Sacramento,CA,06,Internal Medicine,Claim-Specialty,Furosemide,Furosemide,77,129,3820,478.61,30,,58,98,372.6,2890,#,
1003104118,Murray,Betty,Sacramento,CA,06,Internal Medicine,Claim-Specialty,Gabapentin,Gabapentin,202,318.8,9490,6196.2,85,,148,249.3,4816.71,7407,,67
1003104118,Murray,Betty,Sacramento,CA,06,Internal Medicine,Claim-Specialty,Glimepiride,Glimepiride,12,36,1080,77.19,,,12,36,77.19,1080,*,
1003104118,Murray,Betty,Sacramento,CA,06,Internal Medicine,Claim-Specialty,Glipizide Er,Glipizide,13,23,684,178.42,,,13,23,178.42,684,*,
1003104118,Murray,Betty,Sacramento,CA,06,Internal Medicine,Claim-Specialty,Hydrochlorothiazide,Hydrochlorothiazide,55,113,3321,156.15,22,#,,,,,#,
1003104118,Murray,Betty,Sacramento,CA,06,Internal Medicine,Claim-Specialty,Hydrocodone-Acetaminophen,Hydrocodone/Acetaminophen,47,47,1063,1481.25,23,,28,28,700.39,566,#,
1003104118,Murray,Betty,Sacramento,CA,06,Internal Medicine,Claim-Specialty,Hydroxyzine Hcl,Hydroxyzine Hcl,11,17,420,285.84,,*,,,,,*,
1003104118,Murray,Betty,Sacramento,CA,06,Internal Medicine,Claim-Specialty,Ibuprofen,Ibuprofen,23,23,332,172.98,11,,11,11,67.43,120,*,
1003104118,Murray,Betty,Sacramento,CA,06,Internal Medicine,Claim-Specialty,Isosorbide Mononitrate Er,Isosorbide Mononitrate,11,13,374,133.16,,*,,,,,*,
1003104118,Murray,Betty,Sacramento,CA,06,Internal Medicine,Claim-Specialty,Januvia,Sitagliptin Phosphate,26,44,1302,25274.9,11,,26,44,25274.9,1302,,11
1003104118,Murray,Betty,Sacramento,CA,06,Internal Medicine,Claim-Specialty,Jardiance,Empagliflozin,21,35,1048,22199.84,,#,,,,,*,
1003104118,Murray,Betty,Sacramento,CA,06,Internal Medicine,Claim-Specialty,Ketoconazole,Ketoconazole,13,13,325,272.3,,,13,13,272.3,325,*,
1003104118,Murray,Betty,Sacramento,CA,06,Internal Medicine,Claim-Specialty,Lamotrigine,Lamotrigine,11,16,480,224.3,,*,,,,,*,
1003104118,Murray,Betty,Sacramento,CA,06,Internal Medicine,Claim-Specialty,Lantus Solostar,"Insulin Glargine,hum.Rec.Anlog",20,34.6,1035,11749.67,,#,,,,,*,
1003104118,Murray,Betty,Sacramento,CA,06,Internal Medicine,Claim-Specialty,Levothyroxine Sodium,Levothyroxine Sodium,202,428.1,12799,2748.33,85,,148,347.9,2029.83,10424,,71
1003104118,Murray,Betty,Sacramento,CA,06,Internal Medicine,Claim-Specialty,Lisinopril,Lisinopril,129,314.3,9399,973.22,66,,100,242.7,683.28,7249,,52
1003104118,Murray,Betty,Sacramento,CA,06,Internal Medicine,Claim-Specialty,Lisinopril-Hydrochlorothiazide,Lisinopril/Hydrochlorothiazide,13,27,800,173.61,,*,,,,,*,
1003104118,Murray,Betty,Sacramento,CA,06,Internal Medicine,Claim-Specialty,Lorazepam,Lorazepam,11,11,206,29.49,11,*,,,,,*,
1003104118,Murray,Betty,Sacramento,CA,06,Internal Medicine,Claim-Specialty,Losartan Potassium,Losartan Potassium,110,270.6,8086,1566.19,43,,86,229.4,1279.36,6880,#,
1003104118,Murray,Betty,Sacramento,CA,06,Internal Medicine,Claim-Specialty,Lovastatin,Lovastatin,11,33,990,173.03,,*,,,,,*,
1003104118,Murray,Betty,Sacramento,CA,06,Internal Medicine,Claim-Specialty,Meloxicam,Meloxicam,28,66.7,2000,167.45,16,,16,38.7,103.44,1160,*,
1003104118,Murray,Betty,Sacramento,CA,06,Internal Medicine,Claim-Specialty,Memantine Hcl,Memantine Hcl,21,30,900,639.68,,#,,,,,*,
1003104118,Murray,Betty,Sacramento,CA,06,Internal Medicine,Claim-Specialty,Metformin Hcl,Metformin Hcl,99,194.5,5756,895.76,48,,76,165.2,745.59,4937,#,
1003104118,Murray,Betty,Sacramento,CA,06,Internal Medicine,Claim-Specialty,Metformin Hcl Er,Metformin Hcl,48,114.5,3435,410.2,24,,36,82.5,336.01,2475,#,
1003104118,Murray,Betty,Sacramento,CA,06,Internal Medicine,Claim-Specialty,Metoprolol Succinate,Metoprolol Succinate,46,113.3,3384,535.89,23,#,,,,,#,
1003104118,Murray,Betty,Sacramento,CA,06,Internal Medicine,Claim-Specialty,Metoprolol Tartrate,Metoprolol Tartrate,56,117,3493,351.63,24,#,,,,,#,
1003104118,Murray,Betty,Sacramento,CA,06,Internal Medicine,Claim-Specialty,Mirtazapine,Mirtazapine,33,47.5,1376,1586.89,15,#,,,,,#,
1003104118,Murray,Betty,Sacramento,CA,06,Internal Medicine,Claim-Specialty,Montelukast Sodium,Montelukast Sodium,63,117.7,3481,1176.4,32,,49,99.3,972.12,2970,#,
1003104118,Murray,Betty,Sacramento,CA,06,Internal Medicine,Claim-Specialty,Movantik,Naloxegol Oxalate,12,12,360,4896.12,,,12,12,4896.12,360,*,
1003104118,Murray,Betty,Sacramento,CA,06,Internal Medicine,Claim-Specialty,Myrbetriq,Mirabegron,46,53.5,909,14194.97,,*,,,,,*,
1003104118,Murray,Betty,Sacramento,CA,06,Internal Medicine,Claim-Specialty,Nano 2nd Gen Pen Needle,"Pen Needle, Diabetic",12,12,300,700.35,,,12,12,700.35,300,*,
1003104118,Murray,Betty,Sacramento,CA,06,Internal Medicine,Claim-Specialty,Naproxen,Naproxen,18,22,360,260.07,14,#,,,,,*,
1003104118,Murray,Betty,Sacramento,CA,06,Internal Medicine,Claim-Specialty,Nitrofurantoin Mono-Macro,Nitrofurantoin Monohyd/M-Cryst,20,20,145,407.28,17,#,,,,,#,
1003104118,Murray,Betty,Sacramento,CA,06,Internal Medicine,Claim-Specialty,Nortriptyline Hcl,Nortriptyline Hcl,15,33,990,485.74,,*,,,,,*,
1003104118,Murray,Betty,Sacramento,CA,06,Internal Medicine,Claim-Specialty,Nystatin,Nystatin,12,12,252,217.45,,*,,,,,*,
1003104118,Murray,Betty,Sacramento,CA,06,Internal Medicine,Claim-Specialty,Olanzapine,Olanzapine,29,39.1,1077,1710.14,,*,,,,,*,
1003104118,Murray,Betty,Sacramento,CA,06,Internal Medicine,Claim-Specialty,Omeprazole,Omeprazole,167,333,9069,2281.99,59,,78,203.3,1260.2,6100,,42
1003104118,Murray,Betty,Sacramento,CA,06,Internal Medicine,Claim-Specialty,Ondansetron Hcl,Ondansetron Hcl,11,11,204,154.5,,*,,,,,*,
1003104118,Murray,Betty,Sacramento,CA,06,Internal Medicine,Claim-Specialty,Oxybutynin Chloride Er,Oxybutynin Chloride,21,57,1710,529.97,14,#,,,,,#,
1003104118,Murray,Betty,Sacramento,CA,06,Internal Medicine,Claim-Specialty,Oxycodone-Acetaminophen,Oxycodone Hcl/Acetaminophen,17,17,359,668.02,,#,,,,,*,
1003104118,Murray,Betty,Sacramento,CA,06,Internal Medicine,Claim-Specialty,Ozempic,Semaglutide,72,80,2288,77919.08,16,,35,39.4,37695.72,1128,*,
1003104118,Murray,Betty,Sacramento,CA,06,Internal Medicine,Claim-Specialty,Pantoprazole Sodium,Pantoprazole Sodium,98,207.7,6198,1328.58,46,,69,159.7,956.92,4766,,34
1003104118,Murray,Betty,Sacramento,CA,06,Internal Medicine,Claim-Specialty,Paroxetine Hcl,Paroxetine Hcl,40,72,2095,600.49,15,#,,,,,#,
1003104118,Murray,Betty,Sacramento,CA,06,Internal Medicine,Claim-Specialty,Pioglitazone Hcl,Pioglitazone Hcl,11,21,630,160.1,,,11,21,160.1,630,*,
1003104118,Murray,Betty,Sacramento,CA,06,Internal Medicine,Claim-Specialty,Potassium Chloride,Potassium Chloride,54,84,2428,1768.57,25,#,,,,,#,
1003104118,Murray,Betty,Sacramento,CA,06,Internal Medicine,Claim-Specialty,Pramipexole Dihydrochloride,Pramipexole Di-Hcl,12,26,780,422.47,,*,,,,,*,
1003104118,Murray,Betty,Sacramento,CA,06,Internal Medicine,Claim-Specialty,Pravastatin Sodium,Pravastatin Sodium,45,103.5,3090,742.49,17,,34,92.5,392.85,2760,#,
1003104118,Murray,Betty,Sacramento,CA,06,Internal Medicine,Claim-Specialty,Prednisone,Prednisone,24,28,418,91,19,#,,,,,#,
1003104118,Murray,Betty,Sacramento,CA,06,Internal Medicine,Claim-Specialty,Pregabalin,Pregabalin,34,44,1292,1286.22,19,,23,33,1027.57,962,#,
1003104118,Murray,Betty,Sacramento,CA,06,Internal Medicine,Claim-Specialty,Premarin,"Estrogens, Conjugated",12,20,600,4526.27,,,12,20,4526.27,600,*,
1003104118,Murray,Betty,Sacramento,CA,06,Internal Medicine,Claim-Specialty,Propranolol Hcl,Propranolol Hcl,11,29.3,880,622.76,,*,,,,,*,
1003104118,Murray,Betty,Sacramento,CA,06,Internal Medicine,Claim-Specialty,Propranolol Hcl Er,Propranolol Hcl,17,21,604,894.35,,*,,,,,*,
1003104118,Murray,Betty,Sacramento,CA,06,Internal Medicine,Claim-Specialty,Quetiapine Fumarate,Quetiapine Fumarate,39,53,1590,825.39,17,#,,,,,#,
1003104118,Murray,Betty,Sacramento,CA,06,Internal Medicine,Claim-Specialty,Risperidone,Risperidone,15,19.2,559,185.58,,*,,,,,*,
1003104118,Murray,Betty,Sacramento,CA,06,Internal Medicine,Claim-Specialty,Rivastigmine,Rivastigmine Tartrate,13,13.2,394,558.9,,*,,,,,*,
1003104118,Murray,Betty,Sacramento,CA,06,Internal Medicine,Claim-Specialty,Ropinirole Hcl,Ropinirole Hcl,20,38.9,1158,305.21,,#,,,,,*,
1003104118,Murray,Betty,Sacramento,CA,06,Internal Medicine,Claim-Specialty,Rosuvastatin Calcium,Rosuvastatin Calcium,77,194.7,5837,1686.26,38,,50,147.7,1173.72,4427,,27
1003104118,Murray,Betty,Sacramento,CA,06,Internal Medicine,Claim-Specialty,Rybelsus,Semaglutide,11,13,390,12881.56,,,11,13,12881.56,390,*,
1003104118,Murray,Betty,Sacramento,CA,06,Internal Medicine,Claim-Specialty,Sertraline Hcl,Sertraline Hcl,62,126.2,3764,850.24,34,,40,90,618.8,2694,#,
1003104118,Murray,Betty,Sacramento,CA,06,Internal Medicine,Claim-Specialty,Simvastatin,Simvastatin,37,97,2894,428.89,20,,37,97,428.89,2894,,20
1003104118,Murray,Betty,Sacramento,CA,06,Internal Medicine,Claim-Specialty,Spiriva Respimat,Tiotropium Bromide,11,15,450,8220.27,,*,,,,,*,
1003104118,Murray,Betty,Sacramento,CA,06,Internal Medicine,Claim-Specialty,Spironolactone,Spironolactone,16,34,1012,528.19,,*,,,,,*,
1003104118,Murray,Betty,Sacramento,CA,06,Internal Medicine,Claim-Specialty,Sucralfate,Sucralfate,17,17.3,506,3695.75,,,17,17.3,3695.75,506,*,
1003104118,Murray,Betty,Sacramento,CA,06,Internal Medicine,Claim-Specialty,Sulfamethoxazole-Trimethoprim,Sulfamethoxazole/Trimethoprim,13,18.9,324,43.72,,*,,,,,*,
1003104118,Murray,Betty,Sacramento,CA,06,Internal Medicine,Claim-Specialty,Symbicort,Budesonide/Formoterol Fumarate,35,39,1170,15624.36,13,,14,16,6249.62,480,*,
1003104118,Murray,Betty,Sacramento,CA,06,Internal Medicine,Claim-Specialty,Tamsulosin Hcl,Tamsulosin Hcl,54,99.6,2980,1133.3,22,#,,,,,#,
1003104118,Murray,Betty,Sacramento,CA,06,Internal Medicine,Claim-Specialty,Tizanidine Hcl,Tizanidine Hcl,44,50.5,1182,591.26,24,,22,28.5,371.6,730,#,
1003104118,Murray,Betty,Sacramento,CA,06,Internal Medicine,Claim-Specialty,Topiramate,Topiramate,18,26,780,264.49,,#,,,,,*,
1003104118,Murray,Betty,Sacramento,CA,06,Internal Medicine,Claim-Specialty,Tramadol Hcl,Tramadol Hcl,43,43,1001,313.08,22,#,,,,,#,
1003104118,Murray,Betty,Sacramento,CA,06,Internal Medicine,Claim-Specialty,Trazodone Hcl,Trazodone Hcl,69,135,3967,1002.16,31,,39,75,458.37,2211,,20
1003104118,Murray,Betty,Sacramento,CA,06,Internal Medicine,Claim-Specialty,Trelegy Ellipta,Fluticasone/Umeclidin/Vilanter,14,18,540,12322.91,,*,,,,,*,
1003104118,Murray,Betty,Sacramento,CA,06,Internal Medicine,Claim-Specialty,Triamcinolone Acetonide,Triamcinolone Acetonide,30,30,683,508.58,16,#,,,,,#,
1003104118,Murray,Betty,Sacramento,CA,06,Internal Medicine,Claim-Specialty,Venlafaxine Hcl Er,Venlafaxine Hcl,32,73,2184,4589.3,19,,18,49,2162.16,1470,#,
1003104118,Murray,Betty,Sacramento,CA,06,Internal Medicine,Claim-Specialty,Ventolin Hfa,Albuterol Sulfate,22,26,707,1479.04,,#,,,,,*,
1003104118,Murray,Betty,Sacramento,CA,06,Internal Medicine,Claim-Specialty,Xarelto,Rivaroxaban,25,33,990,18694.75,,#,,,,,*,
1003104118,Murray,Betty,Sacramento,CA,06,Internal Medicine,Claim-Specialty,Zolpidem Tartrate,Zolpidem Tartrate,39,43,1254,236.62,13,#,,,,,*,
1003104167,Rivera,Obianuju,Riverside,CA,06,Nurse Practitioner,NPPES-Specialty,Amlodipine Besylate,Amlodipine Besylate,27,56,1680,418.62,13,#,,,,,#,
1003104167,Rivera,Obianuju,Riverside,CA,06,Nurse Practitioner,NPPES-Specialty,Atorvastatin Calcium,Atorvastatin Calcium,47,127,3810,959.59,22,#,,,,,#,
1003104167,Rivera,Obianuju,Riverside,CA,06,Nurse Practitioner,NPPES-Specialty,Gabapentin,Gabapentin,18,28,840,321.79,,#,,,,,*,
1003104167,Rivera,Obianuju,Riverside,CA,06,Nurse Practitioner,NPPES-Specialty,Lisinopril,Lisinopril,21,57,1710,297.22,11,,21,57,297.22,1710,,11
1003104167,Rivera,Obianuju,Riverside,CA,06,Nurse Practitioner,NPPES-Specialty,Losartan Potassium,Losartan Potassium,21,63,1890,338.97,,#,,,,,*,
1003104167,Rivera,Obianuju,Riverside,CA,06,Nurse Practitioner,NPPES-Specialty,Metformin Hcl,Metformin Hcl,33,91,2730,554.09,16,#,,,,,#,
1003104167,Rivera,Obianuju,Riverside,CA,06,Nurse Practitioner,NPPES-Specialty,Omeprazole,Omeprazole,14,23.5,705,295.67,,#,,,,,*,
1003104167,Rivera,Obianuju,Riverside,CA,06,Nurse Practitioner,NPPES-Specialty,Simvastatin,Simvastatin,15,45,1350,310.39,,#,,,,,*,
1003104167,Rivera,Obianuju,Riverside,CA,06,Nurse Practitioner,NPPES-Specialty,Tamsulosin Hcl,Tamsulosin Hcl,17,25,750,429.84,,,17,25,429.84,750,*,
1003104399,Kaur,Sumeet,Rocklin,CA,06,Dentist,NPPES-Specialty,Amoxicillin,Amoxicillin,22,22,142,103.76,19,#,,,,,#,
1003104399,Kaur,Sumeet,Rocklin,CA,06,Dentist,NPPES-Specialty,Chlorhexidine Gluconate,Chlorhexidine Gluconate,18,26.3,748,227.68,15,#,,,,,#,
1003104399,Kaur,Sumeet,Rocklin,CA,06,Dentist,NPPES-Specialty,Minocycline Hcl,Minocycline Hcl,11,11,222,541.31,,,11,11,541.31,222,*,
1003104423,Trujillo,Dale,San Diego,CA,06,Nurse Practitioner,Claim-Specialty,Albuterol Sulfate Hfa,Albuterol Sulfate,18,18,459,818.11,,*,,,,,*,
1003104423,Trujillo,Dale,San Diego,CA,06,Nurse Practitioner,Claim-Specialty,Amlodipine Besylate,Amlodipine Besylate,57,79,2329,326.55,11,,42,64,253.28,1892,*,
1003104423,Trujillo,Dale,San Diego,CA,06,Nurse Practitioner,Claim-Specialty,Atorvastatin Calcium,Atorvastatin Calcium,107,111.1,3196,1517.33,16,,82,86.1,1162.38,2492,#,
1003104423,Trujillo,Dale,San Diego,CA,06,Nurse Practitioner,Claim-Specialty,Carvedilol,Carvedilol,21,21,598,143.75,,,21,21,143.75,598,*,
1003104423,Trujillo,Dale,San Diego,CA,06,Nurse Practitioner,Claim-Specialty,Clopidogrel,Clopidogrel Bisulfate,19,19,570,246.41,,,19,19,246.41,570,*,
1003104423,Trujillo,Dale,San Diego,CA,06,Nurse Practitioner,Claim-Specialty,Diclofenac Sodium,Diclofenac Sodium,24,24,316,941.25,,,24,24,941.25,316,*,
1003104423,Trujillo,Dale,San Diego,CA,06,Nurse Practitioner,Claim-Specialty,Donepezil Hcl,Donepezil Hcl,20,24,696,261.32,,,20,24,261.32,696,*,
1003104423,Trujillo,Dale,San Diego,CA,06,Nurse Practitioner,Claim-Specialty,Duloxetine Hcl,Duloxetine Hcl,13,13,387,362.66,,#,,,,,*,
1003104423,Trujillo,Dale,San Diego,CA,06,Nurse Practitioner,Claim-Specialty,Eliquis,Apixaban,47,47,1303,24932.48,,,47,47,24932.48,1303,*,
1003104423,Trujillo,Dale,San Diego,CA,06,Nurse Practitioner,Claim-Specialty,Famotidine,Famotidine,15,19,570,94.05,,#,,,,,*,
1003104423,Trujillo,Dale,San Diego,CA,06,Nurse Practitioner,Claim-Specialty,Fluticasone Propionate,Fluticasone Propionate,11,16.1,484,291.77,,*,,,,,*,
1003104423,Trujillo,Dale,San Diego,CA,06,Nurse Practitioner,Claim-Specialty,Furosemide,Furosemide,55,55,1533,278.23,,,55,55,278.23,1533,*,
1003104423,Trujillo,Dale,San Diego,CA,06,Nurse Practitioner,Claim-Specialty,Gabapentin,Gabapentin,39,52.3,1527,1012.68,,#,,,,,*,
1003104423,Trujillo,Dale,San Diego,CA,06,Nurse Practitioner,Claim-Specialty,Januvia,Sitagliptin Phosphate,15,15,441,8326.38,,,15,15,8326.38,441,*,
1003104423,Trujillo,Dale,San Diego,CA,06,Nurse Practitioner,Claim-Specialty,Levetiracetam,Levetiracetam,28,28,752,701.49,,#,,,,,*,
1003104423,Trujillo,Dale,San Diego,CA,06,Nurse Practitioner,Claim-Specialty,Levothyroxine Sodium,Levothyroxine Sodium,39,43,1190,541.54,,#,,,,,*,
1003104423,Trujillo,Dale,San Diego,CA,06,Nurse Practitioner,Claim-Specialty,Lisinopril,Lisinopril,21,23,636,168.09,,,21,23,168.09,636,*,
1003104423,Trujillo,Dale,San Diego,CA,06,Nurse Practitioner,Claim-Specialty,Losartan Potassium,Losartan Potassium,28,32,886,289.57,,,28,32,289.57,886,*,
1003104423,Trujillo,Dale,San Diego,CA,06,Nurse Practitioner,Claim-Specialty,Metformin Hcl,Metformin Hcl,22,32,946,129.26,,,22,32,129.26,946,*,
1003104423,Trujillo,Dale,San Diego,CA,06,Nurse Practitioner,Claim-Specialty,Metoprolol Tartrate,Metoprolol Tartrate,51,51,1442,380.83,11,#,,,,,*,
1003104423,Trujillo,Dale,San Diego,CA,06,Nurse Practitioner,Claim-Specialty,Mirtazapine,Mirtazapine,18,18.1,524,172.52,,,18,18.1,172.52,524,*,
1003104423,Trujillo,Dale,San Diego,CA,06,Nurse Practitioner,Claim-Specialty,Myrbetriq,Mirabegron,22,30,864,13597.1,,,22,30,13597.1,864,*,
1003104423,Trujillo,Dale,San Diego,CA,06,Nurse Practitioner,Claim-Specialty,Omeprazole,Omeprazole,22,22,649,284.47,,,22,22,284.47,649,*,
1003104423,Trujillo,Dale,San Diego,CA,06,Nurse Practitioner,Claim-Specialty,Pantoprazole Sodium,Pantoprazole Sodium,20,30,867,374.62,,,20,30,374.62,867,*,
1003104423,Trujillo,Dale,San Diego,CA,06,Nurse Practitioner,Claim-Specialty,Potassium Chloride,Potassium Chloride,35,35,963,800.19,,,35,35,800.19,963,*,
1003104423,Trujillo,Dale,San Diego,CA,06,Nurse Practitioner,Claim-Specialty,Quetiapine Fumarate,Quetiapine Fumarate,42,46,1214,694.12,11,#,,,,,*,
1003104423,Trujillo,Dale,San Diego,CA,06,Nurse Practitioner,Claim-Specialty,Sertraline Hcl,Sertraline Hcl,17,17,477,184.76,,,17,17,184.76,477,*,
1003104423,Trujillo,Dale,San Diego,CA,06,Nurse Practitioner,Claim-Specialty,Simvastatin,Simvastatin,22,34,992,165.94,,,22,34,165.94,992,*,
1003104423,Trujillo,Dale,San Diego,CA,06,Nurse Practitioner,Claim-Specialty,Spironolactone,Spironolactone,16,16,448,130.56,,,16,16,130.56,448,*,
1003104423,Trujillo,Dale,San Diego,CA,06,Nurse Practitioner,Claim-Specialty,Tamsulosin Hcl,Tamsulosin Hcl,22,22,631,457.61,,,22,22,457.61,631,*,
1003104423,Trujillo,Dale,San Diego,CA,06,Nurse Practitioner,Claim-Specialty,Trazodone Hcl,Trazodone Hcl,29,35.1,1027,295.63,,#,,,,,*,
1003104423,Trujillo,Dale,San Diego,CA,06,Nurse Practitioner,Claim-Specialty,Warfarin Sodium,Warfarin Sodium,13,13,140,52.41,,,13,13,52.41,140,*,
1003104548,Vazquez,Cathia,Marina Del Rey,CA,06,Sports Medicine,Claim-Specialty,Doxycycline Monohydrate,Doxycycline Monohydrate,15,15,89,135.45,15,,15,15,135.45,89,,15
1003104704,Trexler,Alison,Encinitas,CA,06,Psychiatry,Claim-Specialty,Alprazolam,Alprazolam,46,66,1941,324.67,16,#,,,,,#,
1003104704,Trexler,Alison,Encinitas,CA,06,Psychiatry,Claim-Specialty,Aripiprazole,Aripiprazole,34,78,2340,3997.71,,#,,,,,*,
1003104704,Trexler,Alison,Encinitas,CA,06,Psychiatry,Claim-Specialty,Bupropion Xl,Bupropion Hcl,73,171,5126,4784.52,21,#,,,,,#,
1003104704,Trexler,Alison,Encinitas,CA,06,Psychiatry,Claim-Specialty,Buspirone Hcl,Buspirone Hcl,18,40,1200,1305.47,,,18,40,1305.47,1200,*,
1003104704,Trexler,Alison,Encinitas,CA,06,Psychiatry,Claim-Specialty,Citalopram Hbr,Citalopram Hydrobromide,19,51,1530,147.93,,,19,51,147.93,1530,*,
1003104704,Trexler,Alison,Encinitas,CA,06,Psychiatry,Claim-Specialty,Clonazepam,Clonazepam,89,120.2,3546,676.76,17,#,,,,,#,
1003104704,Trexler,Alison,Encinitas,CA,06,Psychiatry,Claim-Specialty,Dextroamphetamine-Amphet Er,Dextroamphetamine/Amphetamine,25,29,870,1558.89,,,25,29,1558.89,870,*,
1003104704,Trexler,Alison,Encinitas,CA,06,Psychiatry,Claim-Specialty,Dextroamphetamine-Amphetamine,Dextroamphetamine/Amphetamine,35,55,1638,1782.33,,,35,55,1782.33,1638,*,
1003104704,Trexler,Alison,Encinitas,CA,06,Psychiatry,Claim-Specialty,Diazepam,Diazepam,17,33,990,148.92,,#,,,,,*,
1003104704,Trexler,Alison,Encinitas,CA,06,Psychiatry,Claim-Specialty,Duloxetine Hcl,Duloxetine Hcl,45,110,3290,1675.49,11,#,,,,,*,
1003104704,Trexler,Alison,Encinitas,CA,06,Psychiatry,Claim-Specialty,Escitalopram Oxalate,Escitalopram Oxalate,24,66,1980,389.78,,,24,66,389.78,1980,*,
1003104704,Trexler,Alison,Encinitas,CA,06,Psychiatry,Claim-Specialty,Fluoxetine Hcl,Fluoxetine Hcl,56,158.5,4734,1530.58,15,#,,,,,#,
1003104704,Trexler,Alison,Encinitas,CA,06,Psychiatry,Claim-Specialty,Gabapentin,Gabapentin,35,96,2873,949.79,12,#,,,,,*,
1003104704,Trexler,Alison,Encinitas,CA,06,Psychiatry,Claim-Specialty,Lamotrigine,Lamotrigine,31,89,2670,1054.23,,#,,,,,*,
1003104704,Trexler,Alison,Encinitas,CA,06,Psychiatry,Claim-Specialty,Lorazepam,Lorazepam,32,72,1917,240.6,,#,,,,,*,
1003104704,Trexler,Alison,Encinitas,CA,06,Psychiatry,Claim-Specialty,Mirtazapine,Mirtazapine,19,49,1470,674.26,,,19,49,674.26,1470,*,
1003104704,Trexler,Alison,Encinitas,CA,06,Psychiatry,Claim-Specialty,Olanzapine,Olanzapine,11,25,750,858.17,,*,,,,,*,
1003104704,Trexler,Alison,Encinitas,CA,06,Psychiatry,Claim-Specialty,Paroxetine Hcl,Paroxetine Hcl,27,78,2340,595.61,,,27,78,595.61,2340,*,
1003104704,Trexler,Alison,Encinitas,CA,06,Psychiatry,Claim-Specialty,Propranolol Hcl,Propranolol Hcl,14,24,720,247.22,,,14,24,247.22,720,*,
1003104704,Trexler,Alison,Encinitas,CA,06,Psychiatry,Claim-Specialty,Quetiapine Fumarate,Quetiapine Fumarate,34,84.8,2505,1060.14,12,,34,84.8,1060.14,2505,,12
1003104704,Trexler,Alison,Encinitas,CA,06,Psychiatry,Claim-Specialty,Sertraline Hcl,Sertraline Hcl,47,125,3720,887.1,13,#,,,,,#,
1003104704,Trexler,Alison,Encinitas,CA,06,Psychiatry,Claim-Specialty,Temazepam,Temazepam,17,17,510,53.52,,,17,17,53.52,510,*,
1003104704,Trexler,Alison,Encinitas,CA,06,Psychiatry,Claim-Specialty,Trazodone Hcl,Trazodone Hcl,69,167,4976,1673.45,25,#,,,,,#,
1003104704,Trexler,Alison,Encinitas,CA,06,Psychiatry,Claim-Specialty,Venlafaxine Hcl Er,Venlafaxine Hcl,48,112,3360,3456.79,,,48,112,3456.79,3360,*,
1003104704,Trexler,Alison,Encinitas,CA,06,Psychiatry,Claim-Specialty,Zolpidem Tartrate,Zolpidem Tartrate,13,19,560,78.04,,*,,,,,*,
1003105032,Kim,Thomas,Fremont,CA,06,Hand Surgery,Claim-Specialty,Diclofenac Sodium,Diclofenac Sodium,38,38.7,558,924.91,34,#,,,,,#,
1003105032,Kim,Thomas,Fremont,CA,06,Hand Surgery,Claim-Specialty,Meloxicam,Meloxicam,61,63,1813,222.05,47,#,,,,,#,
1003106014,Kane,Sinae,San Francisco,CA,06,Dermatology,Claim-Specialty,Alclometasone Dipropionate,Alclometasone Dipropionate,11,13,336,442.26,,,11,13,442.26,336,*,
1003106014,Kane,Sinae,San Francisco,CA,06,Dermatology,Claim-Specialty,Betamethasone Dipropionate,Betamethasone Dipropionate,75,80,2191,3376.45,52,#,,,,,#,
1003106014,Kane,Sinae,San Francisco,CA,06,Dermatology,Claim-Specialty,Cephalexin,Cephalexin,16,16,119,122.14,14,#,,,,,#,
1003106014,Kane,Sinae,San Francisco,CA,06,Dermatology,Claim-Specialty,Clindamycin Phosphate,Clindamycin Phosphate,12,12,345,444.06,,,12,12,444.06,345,*,
1003106014,Kane,Sinae,San Francisco,CA,06,Dermatology,Claim-Specialty,Clobetasol Propionate,Clobetasol Propionate,49,56,1628,3519.12,34,,49,56,3519.12,1628,,34
1003106014,Kane,Sinae,San Francisco,CA,06,Dermatology,Claim-Specialty,Doxycycline Hyclate,Doxycycline Hyclate,14,24,666,877.3,,,14,24,877.3,666,*,
1003106014,Kane,Sinae,San Francisco,CA,06,Dermatology,Claim-Specialty,Finasteride,Finasteride,11,19,570,83.23,,,11,19,83.23,570,*,
1003106014,Kane,Sinae,San Francisco,CA,06,Dermatology,Claim-Specialty,Fluconazole,Fluconazole,21,49.6,1454,198.14,,,21,49.6,198.14,1454,*,
1003106014,Kane,Sinae,San Francisco,CA,06,Dermatology,Claim-Specialty,Gabapentin,Gabapentin,20,23,641,113.17,,,20,23,113.17,641,*,
1003106014,Kane,Sinae,San Francisco,CA,06,Dermatology,Claim-Specialty,Hydrocortisone,Hydrocortisone,54,61,1392,308.61,28,#,,,,,#,
1003106014,Kane,Sinae,San Francisco,CA,06,Dermatology,Claim-Specialty,Ketoconazole,Ketoconazole,35,38,1103,563.82,25,#,,,,,#,
1003106014,Kane,Sinae,San Francisco,CA,06,Dermatology,Claim-Specialty,Minoxidil,Minoxidil,72,192.8,5778,748.01,22,,72,192.8,748.01,5778,,22
1003106014,Kane,Sinae,San Francisco,CA,06,Dermatology,Claim-Specialty,Mupirocin,Mupirocin,48,49,1106,412.48,43,#,,,,,#,
1003106014,Kane,Sinae,San Francisco,CA,06,Dermatology,Claim-Specialty,Triamcinolone Acetonide,Triamcinolone Acetonide,71,76.7,2025,507.49,57,,71,76.7,507.49,2025,,57
1003106014,Kane,Sinae,San Francisco,CA,06,Dermatology,Claim-Specialty,Valacyclovir,Valacyclovir Hcl,20,20,186,656.66,12,,20,20,656.66,186,,12
1003107152,Reniguntala,Sharath Kumar,Anaheim,CA,06,Family Practice,NPPES-Specialty,Albuterol Sulfate Hfa,Albuterol Sulfate,25,27,720,1111.55,,#,,,,,*,
1003107152,Reniguntala,Sharath Kumar,Anaheim,CA,06,Family Practice,NPPES-Specialty,Alendronate Sodium,Alendronate Sodium,12,33.6,1008,217.09,,,12,33.6,217.09,1008,*,
1003107152,Reniguntala,Sharath Kumar,Anaheim,CA,06,Family Practice,NPPES-Specialty,Amlodipine Besylate,Amlodipine Besylate,43,126.6,3800,673.25,18,#,,,,,#,
1003107152,Reniguntala,Sharath Kumar,Anaheim,CA,06,Family Practice,NPPES-Specialty,Amlodipine-Olmesartan,Amlodipine Bes/Olmesartan Med,62,150.3,4510,4392.14,23,,50,120.3,3596.49,3610,#,
1003107152,Reniguntala,Sharath Kumar,Anaheim,CA,06,Family Practice,NPPES-Specialty,Atenolol,Atenolol,16,45,1350,192.12,,#,,,,,*,
1003107152,Reniguntala,Sharath Kumar,Anaheim,CA,06,Family Practice,NPPES-Specialty,Atorvastatin Calcium,Atorvastatin Calcium,146,395.9,11880,2601.97,52,,121,347.6,2232.92,10430,#,
1003107152,Reniguntala,Sharath Kumar,Anaheim,CA,06,Family Practice,NPPES-Specialty,Benazepril Hcl,Benazepril Hcl,13,37,1090,621.5,,*,,,,,*,
1003107152,Reniguntala,Sharath Kumar,Anaheim,CA,06,Family Practice,NPPES-Specialty,Carisoprodol,Carisoprodol,12,12,305,88.46,,,12,12,88.46,305,*,
1003107152,Reniguntala,Sharath Kumar,Anaheim,CA,06,Family Practice,NPPES-Specialty,Ciclopirox,Ciclopirox,12,14,420,250.37,,,12,14,250.37,420,*,
1003107152,Reniguntala,Sharath Kumar,Anaheim,CA,06,Family Practice,NPPES-Specialty,Clotrimazole-Betamethasone,Clotrimazole/Betamethasone Dip,17,23,602,490.72,,,17,23,490.72,602,*,
1003107152,Reniguntala,Sharath Kumar,Anaheim,CA,06,Family Practice,NPPES-Specialty,Diclofenac Sodium,Diclofenac Sodium,35,43.2,1077,755.17,15,#,,,,,#,
1003107152,Reniguntala,Sharath Kumar,Anaheim,CA,06,Family Practice,NPPES-Specialty,Famotidine,Famotidine,11,11,330,87.73,,*,,,,,*,
1003107152,Reniguntala,Sharath Kumar,Anaheim,CA,06,Family Practice,NPPES-Specialty,Fluticasone Propionate,Fluticasone Propionate,27,45,1350,235.25,,#,,,,,*,
1003107152,Reniguntala,Sharath Kumar,Anaheim,CA,06,Family Practice,NPPES-Specialty,Gabapentin,Gabapentin,32,49.7,1490,340.98,14,,20,34.7,191.5,1040,#,
1003107152,Reniguntala,Sharath Kumar,Anaheim,CA,06,Family Practice,NPPES-Specialty,Glipizide,Glipizide,17,31,930,163.02,,,17,31,163.02,930,*,
1003107152,Reniguntala,Sharath Kumar,Anaheim,CA,06,Family Practice,NPPES-Specialty,Glipizide Er,Glipizide,12,34,1017,272.14,,*,,,,,*,
1003107152,Reniguntala,Sharath Kumar,Anaheim,CA,06,Family Practice,NPPES-Specialty,Hydrochlorothiazide,Hydrochlorothiazide,31,75,2250,132.28,,#,,,,,*,
1003107152,Reniguntala,Sharath Kumar,Anaheim,CA,06,Family Practice,NPPES-Specialty,Hydrocortisone,Hydrocortisone,16,16,410,299.23,,*,,,,,*,
1003107152,Reniguntala,Sharath Kumar,Anaheim,CA,06,Family Practice,NPPES-Specialty,Ibuprofen,Ibuprofen,22,22,308,132.44,,#,,,,,*,
1003107152,Reniguntala,Sharath Kumar,Anaheim,CA,06,Family Practice,NPPES-Specialty,Jardiance,Empagliflozin,13,31,930,19276.48,,*,,,,,*,
1003107152,Reniguntala,Sharath Kumar,Anaheim,CA,06,Family Practice,NPPES-Specialty,Ketoconazole,Ketoconazole,18,18,485,283.33,,*,,,,,*,
1003107152,Reniguntala,Sharath Kumar,Anaheim,CA,06,Family Practice,NPPES-Specialty,Lantus Solostar,"Insulin Glargine,hum.Rec.Anlog",12,30.3,908,6932.29,,*,,,,,*,
1003107152,Reniguntala,Sharath Kumar,Anaheim,CA,06,Family Practice,NPPES-Specialty,Levothyroxine Sodium,Levothyroxine Sodium,18,47,1410,720.21,,,18,47,720.21,1410,*,
1003107152,Reniguntala,Sharath Kumar,Anaheim,CA,06,Family Practice,NPPES-Specialty,Lisinopril,Lisinopril,48,119,3550,676.18,17,#,,,,,#,
1003107152,Reniguntala,Sharath Kumar,Anaheim,CA,06,Family Practice,NPPES-Specialty,Lisinopril-Hydrochlorothiazide,Lisinopril/Hydrochlorothiazide,14,40,1200,238.49,,*,,,,,*,
1003107152,Reniguntala,Sharath Kumar,Anaheim,CA,06,Family Practice,NPPES-Specialty,Losartan Potassium,Losartan Potassium,55,124.7,3720,610.75,16,#,,,,,#,
1003107152,Reniguntala,Sharath Kumar,Anaheim,CA,06,Family Practice,NPPES-Specialty,Metformin Hcl,Metformin Hcl,70,199,5970,1051.34,29,#,,,,,#,
1003107152,Reniguntala,Sharath Kumar,Anaheim,CA,06,Family Practice,NPPES-Specialty,Metoprolol Tartrate,Metoprolol Tartrate,19,54,1620,241.26,,#,,,,,*,
1003107152,Reniguntala,Sharath Kumar,Anaheim,CA,06,Family Practice,NPPES-Specialty,Montelukast Sodium,Montelukast Sodium,13,13,390,74.65,,,0,0,0,0,#,
1003107152,Reniguntala,Sharath Kumar,Anaheim,CA,06,Family Practice,NPPES-Specialty,Omeprazole,Omeprazole,22,44.4,1275,250.68,14,#,,,,,*,
1003107152,Reniguntala,Sharath Kumar,Anaheim,CA,06,Family Practice,NPPES-Specialty,Oxybutynin Chloride Er,Oxybutynin Chloride,15,21,630,332.36,,*,,,,,*,
1003107152,Reniguntala,Sharath Kumar,Anaheim,CA,06,Family Practice,NPPES-Specialty,Ozempic,Semaglutide,16,22.1,648,14991.69,,#,,,,,*,
1003107152,Reniguntala,Sharath Kumar,Anaheim,CA,06,Family Practice,NPPES-Specialty,Pantoprazole Sodium,Pantoprazole Sodium,17,17,510,89.56,,*,,,,,*,
1003107152,Reniguntala,Sharath Kumar,Anaheim,CA,06,Family Practice,NPPES-Specialty,Rosuvastatin Calcium,Rosuvastatin Calcium,67,208.9,6270,2612.32,30,,55,171.3,2342.84,5140,#,
1003107152,Reniguntala,Sharath Kumar,Anaheim,CA,06,Family Practice,NPPES-Specialty,Shingrix,Varicella-Zoster Ge/As01b/Pf,22,33,729,4339.46,21,#,,,,,#,
1003107152,Reniguntala,Sharath Kumar,Anaheim,CA,06,Family Practice,NPPES-Specialty,Synjardy,Empagliflozin/Metformin Hcl,23,40,1184,24461.43,,#,,,,,*,
1003107152,Reniguntala,Sharath Kumar,Anaheim,CA,06,Family Practice,NPPES-Specialty,Synjardy Xr,Empagliflozin/Metformin Hcl,12,22,660,12041.67,,*,,,,,*,
1003107152,Reniguntala,Sharath Kumar,Anaheim,CA,06,Family Practice,NPPES-Specialty,Tamsulosin Hcl,Tamsulosin Hcl,21,48.3,1450,378.42,,#,,,,,*,
1003107152,Reniguntala,Sharath Kumar,Anaheim,CA,06,Family Practice,NPPES-Specialty,Techlite Pen Needle,"Pen Needle, Diabetic",20,50.4,1503,408.74,,#,,,,,*,
1003107152,Reniguntala,Sharath Kumar,Anaheim,CA,06,Family Practice,NPPES-Specialty,Trazodone Hcl,Trazodone Hcl,18,21,615,84.81,,#,,,,,*,
1003107152,Reniguntala,Sharath Kumar,Anaheim,CA,06,Family Practice,NPPES-Specialty,Triamcinolone Acetonide,Triamcinolone Acetonide,14,14.2,277,79.68,,*,,,,,*,
1003107152,Reniguntala,Sharath Kumar,Anaheim,CA,06,Family Practice,NPPES-Specialty,Trulicity,Dulaglutide,26,40.3,1178,40739.66,,#,,,,,*,
1003107152,Reniguntala,Sharath Kumar,Anaheim,CA,06,Family Practice,NPPES-Specialty,Victoza 3-Pak,Liraglutide,15,20.1,604,18217.71,,*,,,,,*,
1003107616,Derije,Joseph,Culver City,CA,06,Nurse Practitioner,Claim-Specialty,Aripiprazole,Aripiprazole,24,26,780,12452.99,,,12,14,11184.6,420,*,
1003107616,Derije,Joseph,Culver City,CA,06,Nurse Practitioner,Claim-Specialty,Bupropion Hcl Sr,Bupropion Hcl,14,14,420,183.4,,,0,0,0,0,#,
1003107616,Derije,Joseph,Culver City,CA,06,Nurse Practitioner,Claim-Specialty,Bupropion Xl,Bupropion Hcl,18,18,540,644.16,,*,,,,,*,
1003107616,Derije,Joseph,Culver City,CA,06,Nurse Practitioner,Claim-Specialty,Buspirone Hcl,Buspirone Hcl,15,15,450,243.9,,*,,,,,*,
1003107616,Derije,Joseph,Culver City,CA,06,Nurse Practitioner,Claim-Specialty,Citalopram Hbr,Citalopram Hydrobromide,35,46,1380,197.64,,,17,22,93.96,660,*,
1003107616,Derije,Joseph,Culver City,CA,06,Nurse Practitioner,Claim-Specialty,Escitalopram Oxalate,Escitalopram Oxalate,32,40,1200,400.2,11,#,,,,,*,
1003107616,Derije,Joseph,Culver City,CA,06,Nurse Practitioner,Claim-Specialty,Fluoxetine Hcl,Fluoxetine Hcl,20,21,630,172.11,,#,,,,,*,
1003107616,Derije,Joseph,Culver City,CA,06,Nurse Practitioner,Claim-Specialty,Hydroxyzine Hcl,Hydroxyzine Hcl,37,46,1319,1000.98,,,19,26,556.88,719,*,
1003107616,Derije,Joseph,Culver City,CA,06,Nurse Practitioner,Claim-Specialty,Olanzapine,Olanzapine,12,12,360,135.72,,,0,0,0,0,#,
1003107616,Derije,Joseph,Culver City,CA,06,Nurse Practitioner,Claim-Specialty,Risperidone,Risperidone,12,12,360,134.4,,,0,0,0,0,#,
1003107616,Derije,Joseph,Culver City,CA,06,Nurse Practitioner,Claim-Specialty,Sertraline Hcl,Sertraline Hcl,56,64.1,1907,676.82,15,,29,29,391.37,854,*,
1003107616,Derije,Joseph,Culver City,CA,06,Nurse Practitioner,Claim-Specialty,Trazodone Hcl,Trazodone Hcl,63,81,2369,872.17,18,,47,58,601.04,1679,#,
1003109448,Budati,Gokul,Yuba City,CA,06,Family Practice,Claim-Specialty,Acetaminophen-Codeine,Acetaminophen With Codeine,13,13,363,177.91,,,13,13,177.91,363,*,
1003109448,Budati,Gokul,Yuba City,CA,06,Family Practice,Claim-Specialty,Albuterol Sulfate Hfa,Albuterol Sulfate,35,37.7,884,1235.12,17,#,,,,,#,
1003109448,Budati,Gokul,Yuba City,CA,06,Family Practice,Claim-Specialty,Alfuzosin Hcl Er,Alfuzosin Hcl,13,37,1085,316.76,,,13,37,316.76,1085,*,
1003109448,Budati,Gokul,Yuba City,CA,06,Family Practice,Claim-Specialty,Allopurinol,Allopurinol,49,143,4270,748.63,14,#,,,,,#,
1003109448,Budati,Gokul,Yuba City,CA,06,Family Practice,Claim-Specialty,Amlodipine Besylate,Amlodipine Besylate,124,345,10326,1330.12,37,#,,,,,#,
1003109448,Budati,Gokul,Yuba City,CA,06,Family Practice,Claim-Specialty,Amoxicillin-Clavulanate Potass,Amoxicillin/Potassium Clav,18,18,180,156.26,17,,18,18,156.26,180,,17
1003109448,Budati,Gokul,Yuba City,CA,06,Family Practice,Claim-Specialty,Atenolol,Atenolol,36,106,3180,274.81,14,#,,,,,#,
1003109448,Budati,Gokul,Yuba City,CA,06,Family Practice,Claim-Specialty,Atorvastatin Calcium,Atorvastatin Calcium,353,987.2,29575,5211.43,100,,315,873.2,4076.55,26155,,88
1003109448,Budati,Gokul,Yuba City,CA,06,Family Practice,Claim-Specialty,Baclofen,Baclofen,12,23,670,657.67,,*,,,,,*,
1003109448,Budati,Gokul,Yuba City,CA,06,Family Practice,Claim-Specialty,Basaglar Kwikpen U-100,"Insulin Glargine,hum.Rec.Anlog",17,27.8,813,6922.54,,*,,,,,*,
1003109448,Budati,Gokul,Yuba City,CA,06,Family Practice,Claim-Specialty,Benazepril Hcl,Benazepril Hcl,20,60,1800,474.44,,,20,60,474.44,1800,*,
1003109448,Budati,Gokul,Yuba City,CA,06,Family Practice,Claim-Specialty,Breo Ellipta,Fluticasone/Vilanterol,20,26,780,11105.61,,,20,26,11105.61,780,*,
1003109448,Budati,Gokul,Yuba City,CA,06,Family Practice,Claim-Specialty,Bupropion Hcl,Bupropion Hcl,15,39,1170,680.23,,,15,39,680.23,1170,*,
1003109448,Budati,Gokul,Yuba City,CA,06,Family Practice,Claim-Specialty,Bupropion Xl,Bupropion Hcl,26,48,1440,344.74,,,26,48,344.74,1440,*,
1003109448,Budati,Gokul,Yuba City,CA,06,Family Practice,Claim-Specialty,Buspirone Hcl,Buspirone Hcl,36,84,2480,785.91,12,,36,84,785.91,2480,,12
1003109448,Budati,Gokul,Yuba City,CA,06,Family Practice,Claim-Specialty,Carvedilol,Carvedilol,23,63,1890,487.04,,,23,63,487.04,1890,*,
1003109448,Budati,Gokul,Yuba City,CA,06,Family Practice,Claim-Specialty,Ciprofloxacin Hcl,Ciprofloxacin Hcl,11,11,84,115.27,11,*,,,,,*,
1003109448,Budati,Gokul,Yuba City,CA,06,Family Practice,Claim-Specialty,Citalopram Hbr,Citalopram Hydrobromide,21,59,1770,214.07,,,21,59,214.07,1770,*,
1003109448,Budati,Gokul,Yuba City,CA,06,Family Practice,Claim-Specialty,Clonidine Hcl,Clonidine Hcl,26,70,2100,280.77,,#,,,,,*,
1003109448,Budati,Gokul,Yuba City,CA,06,Family Practice,Claim-Specialty,Clopidogrel,Clopidogrel Bisulfate,21,59,1770,209.22,,#,,,,,*,
1003109448,Budati,Gokul,Yuba City,CA,06,Family Practice,Claim-Specialty,Clotrimazole-Betamethasone,Clotrimazole/Betamethasone Dip,15,15.5,307,371.4,,#,,,,,*,
1003109448,Budati,Gokul,Yuba City,CA,06,Family Practice,Claim-Specialty,Cyclobenzaprine Hcl,Cyclobenzaprine Hcl,31,31,790,1528.1,,,12,12,257.89,290,*,
1003109448,Budati,Gokul,Yuba City,CA,06,Family Practice,Claim-Specialty,Doxazosin Mesylate,Doxazosin Mesylate,14,41.8,1255,426.47,,,14,41.8,426.47,1255,*,
1003109448,Budati,Gokul,Yuba City,CA,06,Family Practice,Claim-Specialty,Duloxetine Hcl,Duloxetine Hcl,56,127,3810,1123,11,#,,,,,*,
1003109448,Budati,Gokul,Yuba City,CA,06,Family Practice,Claim-Specialty,Dutasteride,Dutasteride,16,46,1380,853.47,,,16,46,853.47,1380,*,
1003109448,Budati,Gokul,Yuba City,CA,06,Family Practice,Claim-Specialty,Eliquis,Apixaban,26,64,1920,35656.05,,#,,,,,*,
1003109448,Budati,Gokul,Yuba City,CA,06,Family Practice,Claim-Specialty,Ezetimibe,Ezetimibe,27,81,2430,840.74,,,27,81,840.74,2430,*,
1003109448,Budati,Gokul,Yuba City,CA,06,Family Practice,Claim-Specialty,Famotidine,Famotidine,22,44,1298,135.2,,,22,44,135.2,1298,*,
1003109448,Budati,Gokul,Yuba City,CA,06,Family Practice,Claim-Specialty,Fenofibrate,Fenofibrate Nanocrystallized,12,22,660,246.63,,#,,,,,*,
1003109448,Budati,Gokul,Yuba City,CA,06,Family Practice,Claim-Specialty,Finasteride,Finasteride,58,144,4296,1359.28,17,#,,,,,#,
1003109448,Budati,Gokul,Yuba City,CA,06,Family Practice,Claim-Specialty,Fluoxetine Hcl,Fluoxetine Hcl,20,48.1,1443,205.71,,#,,,,,*,
1003109448,Budati,Gokul,Yuba City,CA,06,Family Practice,Claim-Specialty,Fluticasone Propionate,Fluticasone Propionate,56,101,3030,1109.24,21,#,,,,,#,
1003109448,Budati,Gokul,Yuba City,CA,06,Family Practice,Claim-Specialty,Furosemide,Furosemide,62,176,5274,561.65,24,#,,,,,#,
1003109448,Budati,Gokul,Yuba City,CA,06,Family Practice,Claim-Specialty,Gabapentin,Gabapentin,69,146,4379,1401.52,21,#,,,,,#,
1003109448,Budati,Gokul,Yuba City,CA,06,Family Practice,Claim-Specialty,Glimepiride,Glimepiride,14,42,1260,236.08,,,14,42,236.08,1260,*,
1003109448,Budati,Gokul,Yuba City,CA,06,Family Practice,Claim-Specialty,Glipizide,Glipizide,11,31.5,946,67.52,,*,,,,,*,
1003109448,Budati,Gokul,Yuba City,CA,06,Family Practice,Claim-Specialty,Glipizide Er,Glipizide,34,88,2640,526.31,11,,34,88,526.31,2640,,11
1003109448,Budati,Gokul,Yuba City,CA,06,Family Practice,Claim-Specialty,Hydrochlorothiazide,Hydrochlorothiazide,39,116,3480,310.78,14,#,,,,,#,
1003109448,Budati,Gokul,Yuba City,CA,06,Family Practice,Claim-Specialty,Hydrocodone-Acetaminophen,Hydrocodone/Acetaminophen,43,43,1118,632.46,,,43,43,632.46,1118,*,
1003109448,Budati,Gokul,Yuba City,CA,06,Family Practice,Claim-Specialty,Incruse Ellipta,Umeclidinium Bromide,15,15,450,5489.11,,#,,,,,*,
1003109448,Budati,Gokul,Yuba City,CA,06,Family Practice,Claim-Specialty,Januvia,Sitagliptin Phosphate,42,98,2940,55381.99,12,#,,,,,#,
1003109448,Budati,Gokul,Yuba City,CA,06,Family Practice,Claim-Specialty,Jardiance,Empagliflozin,53,121,3606,73861.15,17,#,,,,,#,
1003109448,Budati,Gokul,Yuba City,CA,06,Family Practice,Claim-Specialty,Lactulose,Lactulose,12,14.1,327,210.57,,*,,,,,*,
1003109448,Budati,Gokul,Yuba City,CA,06,Family Practice,Claim-Specialty,Lansoprazole,Lansoprazole,11,33,990,393.15,,,11,33,393.15,990,*,
1003109448,Budati,Gokul,Yuba City,CA,06,Family Practice,Claim-Specialty,Lantus Solostar,"Insulin Glargine,hum.Rec.Anlog",17,40.9,1228,11189.79,,,17,40.9,11189.79,1228,*,
1003109448,Budati,Gokul,Yuba City,CA,06,Family Practice,Claim-Specialty,Levothyroxine Sodium,Levothyroxine Sodium,146,382,11415,2118.85,39,#,,,,,#,
1003109448,Budati,Gokul,Yuba City,CA,06,Family Practice,Claim-Specialty,Lisinopril,Lisinopril,113,333,9990,1107.68,32,#,,,,,#,
1003109448,Budati,Gokul,Yuba City,CA,06,Family Practice,Claim-Specialty,Lisinopril-Hydrochlorothiazide,Lisinopril/Hydrochlorothiazide,34,102,3060,592.23,,,34,102,592.23,3060,*,
1003109448,Budati,Gokul,Yuba City,CA,06,Family Practice,Claim-Specialty,Losartan Potassium,Losartan Potassium,156,418,12516,2041.5,45,,143,379,1891.21,11346,#,
1003109448,Budati,Gokul,Yuba City,CA,06,Family Practice,Claim-Specialty,Losartan-Hydrochlorothiazide,Losartan/Hydrochlorothiazide,21,55,1650,365,,,21,55,365,1650,*,
1003109448,Budati,Gokul,Yuba City,CA,06,Family Practice,Claim-Specialty,Lovastatin,Lovastatin,16,48,1440,315.56,,,16,48,315.56,1440,*,
1003109448,Budati,Gokul,Yuba City,CA,06,Family Practice,Claim-Specialty,Meloxicam,Meloxicam,30,48,1424,162.64,14,#,,,,,#,
1003109448,Budati,Gokul,Yuba City,CA,06,Family Practice,Claim-Specialty,Metformin Hcl,Metformin Hcl,70,208,6240,961.7,26,#,,,,,#,
1003109448,Budati,Gokul,Yuba City,CA,06,Family Practice,Claim-Specialty,Metformin Hcl Er,Metformin Hcl,166,484.5,14535,2073.05,51,#,,,,,#,
1003109448,Budati,Gokul,Yuba City,CA,06,Family Practice,Claim-Specialty,Metoprolol Succinate,Metoprolol Succinate,58,164,4890,1282.17,20,,45,133,979.68,3960,#,
1003109448,Budati,Gokul,Yuba City,CA,06,Family Practice,Claim-Specialty,Metoprolol Tartrate,Metoprolol Tartrate,48,138,4140,420.99,17,,48,138,420.99,4140,,17
1003109448,Budati,Gokul,Yuba City,CA,06,Family Practice,Claim-Specialty,Montelukast Sodium,Montelukast Sodium,57,151,4530,985.89,19,#,,,,,#,
1003109448,Budati,Gokul,Yuba City,CA,06,Family Practice,Claim-Specialty,Myrbetriq,Mirabegron,29,63,1890,27717.48,,#,,,,,*,
1003109448,Budati,Gokul,Yuba City,CA,06,Family Practice,Claim-Specialty,Nortriptyline Hcl,Nortriptyline Hcl,28,78,2340,584.49,,#,,,,,*,
1003109448,Budati,Gokul,Yuba City,CA,06,Family Practice,Claim-Specialty,Omeprazole,Omeprazole,79,211,6330,932.03,27,,64,166,676.58,4980,#,
1003109448,Budati,Gokul,Yuba City,CA,06,Family Practice,Claim-Specialty,Ondansetron Odt,Ondansetron,12,12,122,198.99,,*,,,,,*,
1003109448,Budati,Gokul,Yuba City,CA,06,Family Practice,Claim-Specialty,Oxybutynin Chloride Er,Oxybutynin Chloride,39,93,2790,1463.59,,,39,93,1463.59,2790,*,
1003109448,Budati,Gokul,Yuba City,CA,06,Family Practice,Claim-Specialty,Oxycodone-Acetaminophen,Oxycodone Hcl/Acetaminophen,11,11,330,123.04,,,11,11,123.04,330,*,
1003109448,Budati,Gokul,Yuba City,CA,06,Family Practice,Claim-Specialty,Pantoprazole Sodium,Pantoprazole Sodium,34,98.5,2955,1099.03,12,#,,,,,#,
1003109448,Budati,Gokul,Yuba City,CA,06,Family Practice,Claim-Specialty,Pioglitazone Hcl,Pioglitazone Hcl,40,120,3600,729.82,16,#,,,,,#,
1003109448,Budati,Gokul,Yuba City,CA,06,Family Practice,Claim-Specialty,Pramipexole Dihydrochloride,Pramipexole Di-Hcl,16,48,1440,441.86,,,16,48,441.86,1440,*,
1003109448,Budati,Gokul,Yuba City,CA,06,Family Practice,Claim-Specialty,Prazosin Hcl,Prazosin Hcl,12,12,360,266.48,,,0,0,0,0,#,
1003109448,Budati,Gokul,Yuba City,CA,06,Family Practice,Claim-Specialty,Prednisone,Prednisone,15,15.7,132,41.24,15,,15,15.7,41.24,132,,15
1003109448,Budati,Gokul,Yuba City,CA,06,Family Practice,Claim-Specialty,Pregabalin,Pregabalin,16,26,780,1227.49,,,16,26,1227.49,780,*,
1003109448,Budati,Gokul,Yuba City,CA,06,Family Practice,Claim-Specialty,Rosuvastatin Calcium,Rosuvastatin Calcium,61,179,5345,2079.5,19,#,,,,,#,
1003109448,Budati,Gokul,Yuba City,CA,06,Family Practice,Claim-Specialty,Sertraline Hcl,Sertraline Hcl,91,195.2,5826,803.23,31,#,,,,,#,
1003109448,Budati,Gokul,Yuba City,CA,06,Family Practice,Claim-Specialty,Simvastatin,Simvastatin,40,120,3600,567.79,13,#,,,,,#,
1003109448,Budati,Gokul,Yuba City,CA,06,Family Practice,Claim-Specialty,Solifenacin Succinate,Solifenacin Succinate,12,12,336,336.84,,,12,12,336.84,336,*,
1003109448,Budati,Gokul,Yuba City,CA,06,Family Practice,Claim-Specialty,Spiriva Respimat,Tiotropium Bromide,16,16,480,8072.12,,#,,,,,*,
1003109448,Budati,Gokul,Yuba City,CA,06,Family Practice,Claim-Specialty,Spironolactone,Spironolactone,12,36,1080,265.7,,*,,,,,*,
1003109448,Budati,Gokul,Yuba City,CA,06,Family Practice,Claim-Specialty,Sumatriptan Succinate,Sumatriptan Succinate,21,21,540,138.71,,,21,21,138.71,540,*,
1003109448,Budati,Gokul,Yuba City,CA,06,Family Practice,Claim-Specialty,Tadalafil,Tadalafil,17,35,1050,365.9,,,17,35,365.9,1050,*,
1003109448,Budati,Gokul,Yuba City,CA,06,Family Practice,Claim-Specialty,Tamsulosin Hcl,Tamsulosin Hcl,130,360,10776,3895.94,46,#,,,,,#,
1003109448,Budati,Gokul,Yuba City,CA,06,Family Practice,Claim-Specialty,Testosterone Cypionate,Testosterone Cypionate,11,17.6,518,396.3,,*,,,,,*,
1003109448,Budati,Gokul,Yuba City,CA,06,Family Practice,Claim-Specialty,Tizanidine Hcl,Tizanidine Hcl,59,63,1148,647.17,27,,59,63,647.17,1148,,27
1003109448,Budati,Gokul,Yuba City,CA,06,Family Practice,Claim-Specialty,Tradjenta,Linagliptin,29,73,2190,37095.27,,,29,73,37095.27,2190,*,
1003109448,Budati,Gokul,Yuba City,CA,06,Family Practice,Claim-Specialty,Tramadol Hcl,Tramadol Hcl,12,12,156,24.68,,,12,12,24.68,156,*,
1003109448,Budati,Gokul,Yuba City,CA,06,Family Practice,Claim-Specialty,Trazodone Hcl,Trazodone Hcl,21,46,1380,161.05,11,,21,46,161.05,1380,,11
1003109448,Budati,Gokul,Yuba City,CA,06,Family Practice,Claim-Specialty,Triamcinolone Acetonide,Triamcinolone Acetonide,23,24,599,284.19,14,#,,,,,#,
1003109448,Budati,Gokul,Yuba City,CA,06,Family Practice,Claim-Specialty,Ultra-Fine Mini Pen Needle,"Pen Needle, Diabetic",12,36,1080,791.87,,*,,,,,*,
1003109448,Budati,Gokul,Yuba City,CA,06,Family Practice,Claim-Specialty,Valacyclovir,Valacyclovir Hcl,15,23,413,709.83,,*,,,,,*,
1003109448,Budati,Gokul,Yuba City,CA,06,Family Practice,Claim-Specialty,Ventolin Hfa,Albuterol Sulfate,21,25.6,713,1411.84,,#,,,,,*,
1003109448,Budati,Gokul,Yuba City,CA,06,Family Practice,Claim-Specialty,Warfarin Sodium,Warfarin Sodium,16,24,720,223.81,,#,,,,,*,
1003109513,Cheng,Michael,Orange,CA,06,Internal Medicine,Claim-Specialty,Actemra,Tocilizumab,31,34.5,980,126501.69,,,31,34.5,126501.69,980,*,
1003109513,Cheng,Michael,Orange,CA,06,Internal Medicine,Claim-Specialty,Alendronate Sodium,Alendronate Sodium,24,61.7,1843,438.05,,,24,61.7,438.05,1843,*,
1003109513,Cheng,Michael,Orange,CA,06,Internal Medicine,Claim-Specialty,Allopurinol,Allopurinol,38,94,2820,744.96,,,38,94,744.96,2820,*,
1003109513,Cheng,Michael,Orange,CA,06,Internal Medicine,Claim-Specialty,Amitriptyline Hcl,Amitriptyline Hcl,28,59.9,1797,448.94,,#,,,,,*,
1003109513,Cheng,Michael,Orange,CA,06,Internal Medicine,Claim-Specialty,Celecoxib,Celecoxib,72,101,3022,3745.17,16,,58,81,2444.77,2422,#,
1003109513,Cheng,Michael,Orange,CA,06,Internal Medicine,Claim-Specialty,Cevimeline Hcl,Cevimeline Hcl,19,33,944,3537.78,,,19,33,3537.78,944,*,
1003109513,Cheng,Michael,Orange,CA,06,Internal Medicine,Claim-Specialty,Colchicine,Colchicine,58,110.9,3327,9081.72,17,#,,,,,#,
1003109513,Cheng,Michael,Orange,CA,06,Internal Medicine,Claim-Specialty,Diclofenac Sodium,Diclofenac Sodium,31,31.4,641,1044.05,13,#,,,,,#,
1003109513,Cheng,Michael,Orange,CA,06,Internal Medicine,Claim-Specialty,Duloxetine Hcl,Duloxetine Hcl,27,57,1708,1340.19,,#,,,,,*,
1003109513,Cheng,Michael,Orange,CA,06,Internal Medicine,Claim-Specialty,Enbrel,Etanercept,13,13,364,98976.02,,,0,0,0,0,#,
1003109513,Cheng,Michael,Orange,CA,06,Internal Medicine,Claim-Specialty,Forteo,Teriparatide,28,28,784,124871.84,,,28,28,124871.84,784,*,
1003109513,Cheng,Michael,Orange,CA,06,Internal Medicine,Claim-Specialty,Gabapentin,Gabapentin,41,58,1740,962.98,12,#,,,,,*,
1003109513,Cheng,Michael,Orange,CA,06,Internal Medicine,Claim-Specialty,Humira(Cf) Pen,Adalimumab,22,22,616,159259.6,,,22,22,159259.6,616,*,
1003109513,Cheng,Michael,Orange,CA,06,Internal Medicine,Claim-Specialty,Hydrocodone-Acetaminophen,Hydrocodone/Acetaminophen,16,16,451,1543.83,,*,,,,,*,
1003109513,Cheng,Michael,Orange,CA,06,Internal Medicine,Claim-Specialty,Hydroxychloroquine Sulfate,Hydroxychloroquine Sulfate,88,169.7,5074,7017.33,26,,67,134.7,5250.1,4024,#,
1003109513,Cheng,Michael,Orange,CA,06,Internal Medicine,Claim-Specialty,Kineret,Anakinra,13,13,364,64994.41,,,13,13,64994.41,364,*,
1003109513,Cheng,Michael,Orange,CA,06,Internal Medicine,Claim-Specialty,Leflunomide,Leflunomide,26,55,1650,2418.73,,#,,,,,*,
1003109513,Cheng,Michael,Orange,CA,06,Internal Medicine,Claim-Specialty,Lorazepam,Lorazepam,15,15,450,295.82,,*,,,,,*,
1003109513,Cheng,Michael,Orange,CA,06,Internal Medicine,Claim-Specialty,Meloxicam,Meloxicam,55,67,2010,305.28,,,42,50,225.7,1500,*,
1003109513,Cheng,Michael,Orange,CA,06,Internal Medicine,Claim-Specialty,Methotrexate,Methotrexate Sodium,87,149.4,4379,4593.01,18,#,,,,,#,
1003109513,Cheng,Michael,Orange,CA,06,Internal Medicine,Claim-Specialty,Methotrexate Sodium,Methotrexate Sodium/Pf,16,18.4,455,210.5,,#,,,,,*,
1003109513,Cheng,Michael,Orange,CA,06,Internal Medicine,Claim-Specialty,Naproxen,Naproxen,20,28,840,134.56,,*,,,,,*,
1003109513,Cheng,Michael,Orange,CA,06,Internal Medicine,Claim-Specialty,Omeprazole,Omeprazole,21,37,1110,349.33,,#,,,,,*,
1003109513,Cheng,Michael,Orange,CA,06,Internal Medicine,Claim-Specialty,Otezla,Apremilast,23,23,688,104770.48,,*,,,,,*,
1003109513,Cheng,Michael,Orange,CA,06,Internal Medicine,Claim-Specialty,Prednisone,Prednisone,118,186.1,5374,1466.27,38,,86,136.2,1259.98,3899,#,
1003109513,Cheng,Michael,Orange,CA,06,Internal Medicine,Claim-Specialty,Pregabalin,Pregabalin,22,38,1140,3179.34,,,11,11,38.08,330,*,
1003109513,Cheng,Michael,Orange,CA,06,Internal Medicine,Claim-Specialty,Stelara,Ustekinumab,11,24.3,728,231586.94,,,0,0,0,0,#,
1003109513,Cheng,Michael,Orange,CA,06,Internal Medicine,Claim-Specialty,Sulfasalazine,Sulfasalazine,21,38,1140,689.49,,,21,38,689.49,1140,*,
1003109513,Cheng,Michael,Orange,CA,06,Internal Medicine,Claim-Specialty,Sulfasalazine Dr,Sulfasalazine,15,23,690,1129.47,,,15,23,1129.47,690,*,
1003109513,Cheng,Michael,Orange,CA,06,Internal Medicine,Claim-Specialty,Tramadol Hcl,Tramadol Hcl,13,13,370,119,,*,,,,,*,
1003109513,Cheng,Michael,Orange,CA,06,Internal Medicine,Claim-Specialty,Ultra-Fine Nano Pen Needle,"Pen Needle, Diabetic",13,13,364,227.74,,,13,13,227.74,364,*,
1003109513,Cheng,Michael,Orange,CA,06,Internal Medicine,Claim-Specialty,Xeljanz Xr,Tofacitinib Citrate,39,43,1290,234926.03,,,26,30,155294.22,900,*,
1003109752,Elson-Wolin,Jamie,Santa Monica,CA,06,Family Practice,Claim-Specialty,Albuterol Sulfate Hfa,Albuterol Sulfate,13,13,322,364.77,,,13,13,364.77,322,*,
1003109752,Elson-Wolin,Jamie,Santa Monica,CA,06,Family Practice,Claim-Specialty,Alendronate Sodium,Alendronate Sodium,18,50.4,1512,263.57,,,18,50.4,263.57,1512,*,
1003109752,Elson-Wolin,Jamie,Santa Monica,CA,06,Family Practice,Claim-Specialty,Allopurinol,Allopurinol,20,32,960,132.3,,,20,32,132.3,960,*,
1003109752,Elson-Wolin,Jamie,Santa Monica,CA,06,Family Practice,Claim-Specialty,Alprazolam,Alprazolam,32,36.5,879,109.32,15,,32,36.5,109.32,879,,15
1003109752,Elson-Wolin,Jamie,Santa Monica,CA,06,Family Practice,Claim-Specialty,Amlodipine Besylate,Amlodipine Besylate,61,151.1,4478,561.17,14,,61,151.1,561.17,4478,,14
1003109752,Elson-Wolin,Jamie,Santa Monica,CA,06,Family Practice,Claim-Specialty,Atenolol,Atenolol,14,42,1260,187.58,,,14,42,187.58,1260,*,
1003109752,Elson-Wolin,Jamie,Santa Monica,CA,06,Family Practice,Claim-Specialty,Atorvastatin Calcium,Atorvastatin Calcium,132,342,10260,1780.41,38,,132,342,1780.41,10260,,38
1003109752,Elson-Wolin,Jamie,Santa Monica,CA,06,Family Practice,Claim-Specialty,Benazepril Hcl,Benazepril Hcl,27,71,2130,459.27,,,27,71,459.27,2130,*,
1003109752,Elson-Wolin,Jamie,Santa Monica,CA,06,Family Practice,Claim-Specialty,Bupropion Xl,Bupropion Hcl,28,42,1260,1452.38,,,28,42,1452.38,1260,*,
1003109752,Elson-Wolin,Jamie,Santa Monica,CA,06,Family Practice,Claim-Specialty,Celecoxib,Celecoxib,11,11,330,1378.1,,,11,11,1378.1,330,*,
1003109752,Elson-Wolin,Jamie,Santa Monica,CA,06,Family Practice,Claim-Specialty,Ciprofloxacin Hcl,Ciprofloxacin Hcl,12,20,413,302.31,,,12,20,302.31,413,*,
1003109752,Elson-Wolin,Jamie,Santa Monica,CA,06,Family Practice,Claim-Specialty,Clopidogrel,Clopidogrel Bisulfate,11,31,930,82.46,,,11,31,82.46,930,*,
1003109752,Elson-Wolin,Jamie,Santa Monica,CA,06,Family Practice,Claim-Specialty,Eliquis,Apixaban,16,18,538,10914.93,,,16,18,10914.93,538,*,
1003109752,Elson-Wolin,Jamie,Santa Monica,CA,06,Family Practice,Claim-Specialty,Escitalopram Oxalate,Escitalopram Oxalate,12,31.7,950,556.38,,,12,31.7,556.38,950,*,
1003109752,Elson-Wolin,Jamie,Santa Monica,CA,06,Family Practice,Claim-Specialty,Estradiol,Estradiol,33,49.4,1443,4742.02,12,#,,,,,#,
1003109752,Elson-Wolin,Jamie,Santa Monica,CA,06,Family Practice,Claim-Specialty,Fluoxetine Hcl,Fluoxetine Hcl,12,34,1020,136.83,,,12,34,136.83,1020,*,
1003109752,Elson-Wolin,Jamie,Santa Monica,CA,06,Family Practice,Claim-Specialty,Furosemide,Furosemide,17,25,693,96.62,,,17,25,96.62,693,*,
1003109752,Elson-Wolin,Jamie,Santa Monica,CA,06,Family Practice,Claim-Specialty,Gabapentin,Gabapentin,83,153.3,4495,1459.08,21,,83,153.3,1459.08,4495,,21
1003109752,Elson-Wolin,Jamie,Santa Monica,CA,06,Family Practice,Claim-Specialty,Hydrochlorothiazide,Hydrochlorothiazide,25,64,1920,132.56,,,25,64,132.56,1920,*,
1003109752,Elson-Wolin,Jamie,Santa Monica,CA,06,Family Practice,Claim-Specialty,Hydrocodone-Acetaminophen,Hydrocodone/Acetaminophen,14,14,314,258.4,,,14,14,258.4,314,*,
1003109752,Elson-Wolin,Jamie,Santa Monica,CA,06,Family Practice,Claim-Specialty,Levothyroxine Sodium,Levothyroxine Sodium,32,88,2640,440.69,,,32,88,440.69,2640,*,
1003109752,Elson-Wolin,Jamie,Santa Monica,CA,06,Family Practice,Claim-Specialty,Lisinopril,Lisinopril,14,42,1260,299.92,,,14,42,299.92,1260,*,
1003109752,Elson-Wolin,Jamie,Santa Monica,CA,06,Family Practice,Claim-Specialty,Losartan Potassium,Losartan Potassium,54,159.4,4781,786.58,15,,54,159.4,786.58,4781,,15
1003109752,Elson-Wolin,Jamie,Santa Monica,CA,06,Family Practice,Claim-Specialty,Metformin Hcl,Metformin Hcl,35,86,2580,361.77,,,35,86,361.77,2580,*,
1003109752,Elson-Wolin,Jamie,Santa Monica,CA,06,Family Practice,Claim-Specialty,Mirtazapine,Mirtazapine,22,39,1170,359.86,,,22,39,359.86,1170,*,
1003109752,Elson-Wolin,Jamie,Santa Monica,CA,06,Family Practice,Claim-Specialty,Mounjaro,Tirzepatide,18,22.7,654,25596.15,,,18,22.7,25596.15,654,*,
1003109752,Elson-Wolin,Jamie,Santa Monica,CA,06,Family Practice,Claim-Specialty,Nitrofurantoin Mono-Macro,Nitrofurantoin Monohyd/M-Cryst,13,13,89,309.76,11,,13,13,309.76,89,,11
1003109752,Elson-Wolin,Jamie,Santa Monica,CA,06,Family Practice,Claim-Specialty,Ondansetron Hcl,Ondansetron Hcl,15,15,258,143.91,,,15,15,143.91,258,*,
1003109752,Elson-Wolin,Jamie,Santa Monica,CA,06,Family Practice,Claim-Specialty,Ozempic,Semaglutide,21,24.6,700,25047.77,,,21,24.6,25047.77,700,*,
1003109752,Elson-Wolin,Jamie,Santa Monica,CA,06,Family Practice,Claim-Specialty,Pantoprazole Sodium,Pantoprazole Sodium,17,51,1530,359.62,,,17,51,359.62,1530,*,
1003109752,Elson-Wolin,Jamie,Santa Monica,CA,06,Family Practice,Claim-Specialty,Paxlovid (Eua),Nirmatrelvir/Ritonavir,26,26,130,270.5,25,#,,,,,#,
1003109752,Elson-Wolin,Jamie,Santa Monica,CA,06,Family Practice,Claim-Specialty,Pilocarpine Hcl,Pilocarpine Hcl,11,11,330,359.7,,,11,11,359.7,330,*,
1003109752,Elson-Wolin,Jamie,Santa Monica,CA,06,Family Practice,Claim-Specialty,Potassium Chloride,Potassium Chloride,12,17,466,111.6,,,12,17,111.6,466,*,
1003109752,Elson-Wolin,Jamie,Santa Monica,CA,06,Family Practice,Claim-Specialty,Progesterone,"Progesterone, Micronized",14,30,900,667.41,,,14,30,667.41,900,*,
1003109752,Elson-Wolin,Jamie,Santa Monica,CA,06,Family Practice,Claim-Specialty,Quetiapine Fumarate,Quetiapine Fumarate,22,23.3,700,57.3,,,22,23.3,57.3,700,*,
1003109752,Elson-Wolin,Jamie,Santa Monica,CA,06,Family Practice,Claim-Specialty,Rizatriptan,Rizatriptan Benzoate,12,12,360,396.24,,,12,12,396.24,360,*,
1003109752,Elson-Wolin,Jamie,Santa Monica,CA,06,Family Practice,Claim-Specialty,Rosuvastatin Calcium,Rosuvastatin Calcium,35,87,2610,979.99,12,,35,87,979.99,2610,,12
1003109752,Elson-Wolin,Jamie,Santa Monica,CA,06,Family Practice,Claim-Specialty,Simvastatin,Simvastatin,16,42,1260,68.18,,,16,42,68.18,1260,*,
1003109752,Elson-Wolin,Jamie,Santa Monica,CA,06,Family Practice,Claim-Specialty,Sulfamethoxazole-Trimethoprim,Sulfamethoxazole/Trimethoprim,15,15,97,49,12,#,,,,,#,
1003109752,Elson-Wolin,Jamie,Santa Monica,CA,06,Family Practice,Claim-Specialty,Sumatriptan Succinate,Sumatriptan Succinate,12,12,335,669.34,,,12,12,669.34,335,*,
1003109752,Elson-Wolin,Jamie,Santa Monica,CA,06,Family Practice,Claim-Specialty,Synthroid,Levothyroxine Sodium,22,61.8,1855,2963.83,,,22,61.8,2963.83,1855,*,
1003109752,Elson-Wolin,Jamie,Santa Monica,CA,06,Family Practice,Claim-Specialty,Tamsulosin Hcl,Tamsulosin Hcl,14,42,1260,438.7,,,14,42,438.7,1260,*,
1003109752,Elson-Wolin,Jamie,Santa Monica,CA,06,Family Practice,Claim-Specialty,Trazodone Hcl,Trazodone Hcl,15,41,1230,343.04,,,15,41,343.04,1230,*,
1003109752,Elson-Wolin,Jamie,Santa Monica,CA,06,Family Practice,Claim-Specialty,Vagifem,Estradiol,11,12.8,364,2391.76,,,11,12.8,2391.76,364,*,
1003109752,Elson-Wolin,Jamie,Santa Monica,CA,06,Family Practice,Claim-Specialty,Valacyclovir,Valacyclovir Hcl,18,28,508,1119.62,,#,,,,,*,
1003109752,Elson-Wolin,Jamie,Santa Monica,CA,06,Family Practice,Claim-Specialty,Valsartan,Valsartan,12,34,1020,234.28,,,12,34,234.28,1020,*,
1003109752,Elson-Wolin,Jamie,Santa Monica,CA,06,Family Practice,Claim-Specialty,Venlafaxine Hcl Er,Venlafaxine Hcl,20,41,1230,215.82,,,20,41,215.82,1230,*,
1003109752,Elson-Wolin,Jamie,Santa Monica,CA,06,Family Practice,Claim-Specialty,Zolpidem Tartrate,Zolpidem Tartrate,27,30.8,849,573.38,,,27,30.8,573.38,849,*,
1003111519,Alrezk,Rami,Murrieta,CA,06,Endocrinology,Claim-Specialty,Atorvastatin Calcium,Atorvastatin Calcium,57,145.3,4360,794.28,31,,44,122.3,631.82,3670,#,
1003111519,Alrezk,Rami,Murrieta,CA,06,Endocrinology,Claim-Specialty,Cefdinir,Cefdinir,25,25,136,430.5,24,,25,25,430.5,136,,24
1003111519,Alrezk,Rami,Murrieta,CA,06,Endocrinology,Claim-Specialty,Jardiance,Empagliflozin,11,29,870,18101.09,,*,,,,,*,
1003111519,Alrezk,Rami,Murrieta,CA,06,Endocrinology,Claim-Specialty,Lantus Solostar,"Insulin Glargine,hum.Rec.Anlog",13,30.6,918,13596.22,,#,,,,,*,
1003111519,Alrezk,Rami,Murrieta,CA,06,Endocrinology,Claim-Specialty,Levothyroxine Sodium,Levothyroxine Sodium,23,66.2,1986,449.5,16,#,,,,,#,
1003111519,Alrezk,Rami,Murrieta,CA,06,Endocrinology,Claim-Specialty,Lisinopril,Lisinopril,12,30,900,103.64,,,12,30,103.64,900,*,
1003111519,Alrezk,Rami,Murrieta,CA,06,Endocrinology,Claim-Specialty,Metformin Hcl,Metformin Hcl,19,37,1110,146.29,,#,,,,,*,
1003111519,Alrezk,Rami,Murrieta,CA,06,Endocrinology,Claim-Specialty,Metformin Hcl Er,Metformin Hcl,22,56.5,1695,630.93,11,,22,56.5,630.93,1695,,11
1003111519,Alrezk,Rami,Murrieta,CA,06,Endocrinology,Claim-Specialty,Mounjaro,Tirzepatide,28,42.4,1232,47382.94,,#,,,,,*,
1003111519,Alrezk,Rami,Murrieta,CA,06,Endocrinology,Claim-Specialty,Nano 2nd Gen Pen Needle,"Pen Needle, Diabetic",16,35.1,1032,2294.05,,,16,35.1,2294.05,1032,*,
1003111519,Alrezk,Rami,Murrieta,CA,06,Endocrinology,Claim-Specialty,Novolog Flexpen,Insulin Aspart,14,28.8,816,19552.59,,#,,,,,*,
1003111519,Alrezk,Rami,Murrieta,CA,06,Endocrinology,Claim-Specialty,Ozempic,Semaglutide,19,35.4,1050,36202,11,#,,,,,*,
1003111519,Alrezk,Rami,Murrieta,CA,06,Endocrinology,Claim-Specialty,Prednisone,Prednisone,13,13,123,51.9,13,,13,13,51.9,123,,13
1003111519,Alrezk,Rami,Murrieta,CA,06,Endocrinology,Claim-Specialty,Synthroid,Levothyroxine Sodium,12,34.9,1047,1426.02,,*,,,,,*,
1003111519,Alrezk,Rami,Murrieta,CA,06,Endocrinology,Claim-Specialty,Toujeo Max Solostar,"Insulin Glargine,hum.Rec.Anlog",11,23.8,682,13804.89,,*,,,,,*,
1003111519,Alrezk,Rami,Murrieta,CA,06,Endocrinology,Claim-Specialty,Trulicity,Dulaglutide,29,45.2,1316,46232.36,14,#,,,,,#,
1003113887,Madanes,Sharlene,Santa Clara,CA,06,Nurse Practitioner,Claim-Specialty,Allopurinol,Allopurinol,11,36,1080,108.2,,,11,36,108.2,1080,*,
1003113887,Madanes,Sharlene,Santa Clara,CA,06,Nurse Practitioner,Claim-Specialty,Amlodipine Besylate,Amlodipine Besylate,44,144.5,4340,546.15,15,,27,87.9,351.09,2640,*,
1003113887,Madanes,Sharlene,Santa Clara,CA,06,Nurse Practitioner,Claim-Specialty,Atorvastatin Calcium,Atorvastatin Calcium,16,51,1501,216.81,,#,,,,,*,
1003113887,Madanes,Sharlene,Santa Clara,CA,06,Nurse Practitioner,Claim-Specialty,Ezetimibe,Ezetimibe,24,70,2100,253.44,,,13,43.3,145.05,1300,*,
1003113887,Madanes,Sharlene,Santa Clara,CA,06,Nurse Practitioner,Claim-Specialty,Famotidine,Famotidine,31,94.3,2830,410.84,11,,13,42.3,143.62,1270,*,
1003113887,Madanes,Sharlene,Santa Clara,CA,06,Nurse Practitioner,Claim-Specialty,Fluticasone Propionate,Fluticasone Propionate,12,20,600,259.44,,*,,,,,*,
1003113887,Madanes,Sharlene,Santa Clara,CA,06,Nurse Practitioner,Claim-Specialty,Furosemide,Furosemide,11,26,780,107.05,,*,,,,,*,
1003113887,Madanes,Sharlene,Santa Clara,CA,06,Nurse Practitioner,Claim-Specialty,Gabapentin,Gabapentin,24,77.6,2305,655.05,,,24,77.6,655.05,2305,*,
1003113887,Madanes,Sharlene,Santa Clara,CA,06,Nurse Practitioner,Claim-Specialty,Humalog Kwikpen U-100,Insulin Lispro,18,24.7,731,3437.1,,,18,24.7,3437.1,731,*,
1003113887,Madanes,Sharlene,Santa Clara,CA,06,Nurse Practitioner,Claim-Specialty,Humulin N Kwikpen,Insulin Nph Human Isophane,20,40.1,1204,1988.7,,#,,,,,*,
1003113887,Madanes,Sharlene,Santa Clara,CA,06,Nurse Practitioner,Claim-Specialty,Hydralazine Hcl,Hydralazine Hcl,40,107.9,3239,1585.88,12,#,,,,,#,
1003113887,Madanes,Sharlene,Santa Clara,CA,06,Nurse Practitioner,Claim-Specialty,Jardiance,Empagliflozin,33,109.9,3300,32409.7,12,#,,,,,*,
1003113887,Madanes,Sharlene,Santa Clara,CA,06,Nurse Practitioner,Claim-Specialty,Lisinopril,Lisinopril,13,43.3,1300,181.74,,*,,,,,*,
1003113887,Madanes,Sharlene,Santa Clara,CA,06,Nurse Practitioner,Claim-Specialty,Losartan Potassium,Losartan Potassium,40,131.7,3956,805.08,19,#,,,,,#,
1003113887,Madanes,Sharlene,Santa Clara,CA,06,Nurse Practitioner,Claim-Specialty,Metformin Hcl,Metformin Hcl,15,50,1500,163.66,,,15,50,163.66,1500,*,
1003113887,Madanes,Sharlene,Santa Clara,CA,06,Nurse Practitioner,Claim-Specialty,Omeprazole,Omeprazole,12,39.3,1180,129.71,,,12,39.3,129.71,1180,*,
1003113887,Madanes,Sharlene,Santa Clara,CA,06,Nurse Practitioner,Claim-Specialty,Ozempic,Semaglutide,30,33.5,952,22067.6,,#,,,,,*,
1003113887,Madanes,Sharlene,Santa Clara,CA,06,Nurse Practitioner,Claim-Specialty,Pantoprazole Sodium,Pantoprazole Sodium,24,78.3,2350,395.77,,#,,,,,*,
1003113887,Madanes,Sharlene,Santa Clara,CA,06,Nurse Practitioner,Claim-Specialty,Potassium Chloride,Potassium Chloride,15,47.6,1415,797.24,,*,,,,,*,
1003113887,Madanes,Sharlene,Santa Clara,CA,06,Nurse Practitioner,Claim-Specialty,Pravastatin Sodium,Pravastatin Sodium,11,36.6,1100,402.67,,*,,,,,*,
1003113887,Madanes,Sharlene,Santa Clara,CA,06,Nurse Practitioner,Claim-Specialty,Prednisone,Prednisone,18,55.2,1641,233.48,,#,,,,,*,
1003113887,Madanes,Sharlene,Santa Clara,CA,06,Nurse Practitioner,Claim-Specialty,Repatha Syringe,Evolocumab,12,13.8,381,5006.16,,*,,,,,*,
1003113887,Madanes,Sharlene,Santa Clara,CA,06,Nurse Practitioner,Claim-Specialty,Rosuvastatin Calcium,Rosuvastatin Calcium,82,269.6,8094,1015.05,30,,59,195,735.68,5854,#,
1003113887,Madanes,Sharlene,Santa Clara,CA,06,Nurse Practitioner,Claim-Specialty,Spironolactone,Spironolactone,11,35.3,1060,155.49,,*,,,,,*,
1003113887,Madanes,Sharlene,Santa Clara,CA,06,Nurse Practitioner,Claim-Specialty,Sulfamethoxazole-Trimethoprim,Sulfamethoxazole/Trimethoprim,13,37.7,1107,157.4,,#,,,,,*,
1003113887,Madanes,Sharlene,Santa Clara,CA,06,Nurse Practitioner,Claim-Specialty,Tamsulosin Hcl,Tamsulosin Hcl,21,68.3,2050,369.53,,#,,,,,*,
1003113887,Madanes,Sharlene,Santa Clara,CA,06,Nurse Practitioner,Claim-Specialty,Trazodone Hcl,Trazodone Hcl,18,57.6,1730,263.37,,#,,,,,*,
1003113887,Madanes,Sharlene,Santa Clara,CA,06,Nurse Practitioner,Claim-Specialty,Ultra-Fine Mini Pen Needle,"Pen Needle, Diabetic",11,35.8,1075,459.25,,*,,,,,*,
1003113887,Madanes,Sharlene,Santa Clara,CA,06,Nurse Practitioner,Claim-Specialty,Ultra-Fine Nano Pen Needle,"Pen Needle, Diabetic",14,37.3,1120,277.9,,,14,37.3,277.9,1120,*,
1003113887,Madanes,Sharlene,Santa Clara,CA,06,Nurse Practitioner,Claim-Specialty,Valganciclovir Hcl,Valganciclovir Hcl,22,27.6,827,3243.36,,#,,,,,*,
1003113887,Madanes,Sharlene,Santa Clara,CA,06,Nurse Practitioner,Claim-Specialty,Zolpidem Tartrate,Zolpidem Tartrate,16,16,480,106.88,,,16,16,106.88,480,*,
1003115619,Khan,Jawad,Fountain Valley,CA,06,Orthopedic Surgery,Claim-Specialty,Hydrocodone-Acetaminophen,Hydrocodone/Acetaminophen,19,19,146,170.38,18,#,,,,,#,
1003115619,Khan,Jawad,Fountain Valley,CA,06,Orthopedic Surgery,Claim-Specialty,Meloxicam,Meloxicam,17,17,510,70.44,15,#,,,,,#,
1003116005,Waller,Amy,La Jolla,CA,06,Pharmacist,NPPES-Taxonomy,Arexvy,Rsvpref3 Antigen/As01e/Pf,200,200,200,63286.71,200,,200,200,63286.71,200,,200
1003116005,Waller,Amy,La Jolla,CA,06,Pharmacist,NPPES-Taxonomy,Boostrix Tdap,"Diphth,pertuss(Acell),tet Vac",14,14,14,936.22,14,,14,14,936.22,14,,14
1003116005,Waller,Amy,La Jolla,CA,06,Pharmacist,NPPES-Taxonomy,Naloxone Hcl,Naloxone Hcl,12,12,44,1028.96,12,#,,,,,#,
1003116005,Waller,Amy,La Jolla,CA,06,Pharmacist,NPPES-Taxonomy,Shingrix,Varicella-Zoster Ge/As01b/Pf,47,47,47,10113.64,39,,47,47,10113.64,47,,39
1003116674,Taylor,Tiffney,Templeton,CA,06,Internal Medicine,Claim-Specialty,Acetaminophen-Codeine,Acetaminophen With Codeine,25,25,162,334.53,,,25,25,334.53,162,*,
1003116674,Taylor,Tiffney,Templeton,CA,06,Internal Medicine,Claim-Specialty,Advair Diskus,Fluticasone Propion/Salmeterol,19,19,570,9054.01,,#,,,,,*,
1003116674,Taylor,Tiffney,Templeton,CA,06,Internal Medicine,Claim-Specialty,Albuterol Sulfate Hfa,Albuterol Sulfate,90,140.2,3755,3986.68,42,,90,140.2,3986.68,3755,,42
1003116674,Taylor,Tiffney,Templeton,CA,06,Internal Medicine,Claim-Specialty,Alendronate Sodium,Alendronate Sodium,46,128.7,3862,399.54,16,,46,128.7,399.54,3862,,16
1003116674,Taylor,Tiffney,Templeton,CA,06,Internal Medicine,Claim-Specialty,Allopurinol,Allopurinol,71,202,6061,1222.38,20,,71,202,1222.38,6061,,20
1003116674,Taylor,Tiffney,Templeton,CA,06,Internal Medicine,Claim-Specialty,Alprazolam,Alprazolam,108,122,3352,1027.87,31,,97,111,772.76,3022,#,
1003116674,Taylor,Tiffney,Templeton,CA,06,Internal Medicine,Claim-Specialty,Amitriptyline Hcl,Amitriptyline Hcl,17,49.5,1485,288.32,,,17,49.5,288.32,1485,*,
1003116674,Taylor,Tiffney,Templeton,CA,06,Internal Medicine,Claim-Specialty,Amlodipine Besylate,Amlodipine Besylate,277,814.8,24423,2345.51,86,,277,814.8,2345.51,24423,,86
1003116674,Taylor,Tiffney,Templeton,CA,06,Internal Medicine,Claim-Specialty,Amlodipine Besylate-Benazepril,Amlodipine Besylate/Benazepril,16,48,1440,489.16,,,16,48,489.16,1440,*,
1003116674,Taylor,Tiffney,Templeton,CA,06,Internal Medicine,Claim-Specialty,Armour Thyroid,"Thyroid,pork",16,32,960,1588.89,,,16,32,1588.89,960,*,
1003116674,Taylor,Tiffney,Templeton,CA,06,Internal Medicine,Claim-Specialty,Atenolol,Atenolol,43,129,3870,668.2,12,#,,,,,*,
1003116674,Taylor,Tiffney,Templeton,CA,06,Internal Medicine,Claim-Specialty,Atorvastatin Calcium,Atorvastatin Calcium,335,996.3,29890,4640.74,99,#,,,,,#,
1003116674,Taylor,Tiffney,Templeton,CA,06,Internal Medicine,Claim-Specialty,Breo Ellipta,Fluticasone/Vilanterol,31,37,1110,15841.06,,,31,37,15841.06,1110,*,
1003116674,Taylor,Tiffney,Templeton,CA,06,Internal Medicine,Claim-Specialty,Bupropion Xl,Bupropion Hcl,75,217,6510,3404.91,26,,75,217,3404.91,6510,,26
1003116674,Taylor,Tiffney,Templeton,CA,06,Internal Medicine,Claim-Specialty,Buspirone Hcl,Buspirone Hcl,22,54,1595,1072.4,,,22,54,1072.4,1595,*,
1003116674,Taylor,Tiffney,Templeton,CA,06,Internal Medicine,Claim-Specialty,Carvedilol,Carvedilol,60,154,4620,798.8,17,,60,154,798.8,4620,,17
1003116674,Taylor,Tiffney,Templeton,CA,06,Internal Medicine,Claim-Specialty,Celecoxib,Celecoxib,32,96,2880,795.53,11,,32,96,795.53,2880,,11
1003116674,Taylor,Tiffney,Templeton,CA,06,Internal Medicine,Claim-Specialty,Chlorthalidone,Chlorthalidone,19,57,1710,617.91,,,19,57,617.91,1710,*,
1003116674,Taylor,Tiffney,Templeton,CA,06,Internal Medicine,Claim-Specialty,Ciprofloxacin Hcl,Ciprofloxacin Hcl,11,11,35,21.93,11,,11,11,21.93,35,,11
1003116674,Taylor,Tiffney,Templeton,CA,06,Internal Medicine,Claim-Specialty,Citalopram Hbr,Citalopram Hydrobromide,49,141,4230,536.68,14,,49,141,536.68,4230,,14
1003116674,Taylor,Tiffney,Templeton,CA,06,Internal Medicine,Claim-Specialty,Clonazepam,Clonazepam,20,28,809,259.06,,,20,28,259.06,809,*,
1003116674,Taylor,Tiffney,Templeton,CA,06,Internal Medicine,Claim-Specialty,Clonidine Hcl,Clonidine Hcl,24,56.4,1691,247.84,,,24,56.4,247.84,1691,*,
1003116674,Taylor,Tiffney,Templeton,CA,06,Internal Medicine,Claim-Specialty,Clopidogrel,Clopidogrel Bisulfate,37,111,3330,612.23,13,,37,111,612.23,3330,,13
1003116674,Taylor,Tiffney,Templeton,CA,06,Internal Medicine,Claim-Specialty,Cyclobenzaprine Hcl,Cyclobenzaprine Hcl,18,23,590,387.4,11,#,,,,,*,
1003116674,Taylor,Tiffney,Templeton,CA,06,Internal Medicine,Claim-Specialty,Dexlansoprazole Dr,Dexlansoprazole,14,34,1020,7807.86,,,14,34,7807.86,1020,*,
1003116674,Taylor,Tiffney,Templeton,CA,06,Internal Medicine,Claim-Specialty,Diazepam,Diazepam,33,41,1205,424.43,,,21,29,318.39,845,*,
1003116674,Taylor,Tiffney,Templeton,CA,06,Internal Medicine,Claim-Specialty,Diclofenac Sodium,Diclofenac Sodium,31,55.5,1355,986.55,,,31,55.5,986.55,1355,*,
1003116674,Taylor,Tiffney,Templeton,CA,06,Internal Medicine,Claim-Specialty,Diltiazem 24hr Er,Diltiazem Hcl,11,33,990,353.94,,,11,33,353.94,990,*,
1003116674,Taylor,Tiffney,Templeton,CA,06,Internal Medicine,Claim-Specialty,Diltiazem 24hr Er (Cd),Diltiazem Hcl,11,33,990,530.12,,,11,33,530.12,990,*,
1003116674,Taylor,Tiffney,Templeton,CA,06,Internal Medicine,Claim-Specialty,Donepezil Hcl,Donepezil Hcl,14,42,1260,482.81,,,14,42,482.81,1260,*,
1003116674,Taylor,Tiffney,Templeton,CA,06,Internal Medicine,Claim-Specialty,Eliquis,Apixaban,42,116,3465,66832.61,16,,42,116,66832.61,3465,,16
1003116674,Taylor,Tiffney,Templeton,CA,06,Internal Medicine,Claim-Specialty,Emflaza,Deflazacort,12,12,360,86999.1,,,0,0,0,0,#,
1003116674,Taylor,Tiffney,Templeton,CA,06,Internal Medicine,Claim-Specialty,Escitalopram Oxalate,Escitalopram Oxalate,118,350,10485,2863.97,38,#,,,,,#,
1003116674,Taylor,Tiffney,Templeton,CA,06,Internal Medicine,Claim-Specialty,Esomeprazole Magnesium,Esomeprazole Magnesium,25,73,2190,826.04,,#,,,,,*,
1003116674,Taylor,Tiffney,Templeton,CA,06,Internal Medicine,Claim-Specialty,Estradiol,Estradiol,54,157.9,4738,3179.68,20,#,,,,,#,
1003116674,Taylor,Tiffney,Templeton,CA,06,Internal Medicine,Claim-Specialty,Ezetimibe,Ezetimibe,14,42,1260,304.36,,,14,42,304.36,1260,*,
1003116674,Taylor,Tiffney,Templeton,CA,06,Internal Medicine,Claim-Specialty,Famotidine,Famotidine,23,67.5,2025,755.35,,,23,67.5,755.35,2025,*,
1003116674,Taylor,Tiffney,Templeton,CA,06,Internal Medicine,Claim-Specialty,Fenofibrate,Fenofibrate,12,36,1080,271.68,,,12,36,271.68,1080,*,
1003116674,Taylor,Tiffney,Templeton,CA,06,Internal Medicine,Claim-Specialty,Finasteride,Finasteride,12,36,1080,199.92,,,12,36,199.92,1080,*,
1003116674,Taylor,Tiffney,Templeton,CA,06,Internal Medicine,Claim-Specialty,Fluoxetine Hcl,Fluoxetine Hcl,33,94,2817,458.25,12,,33,94,458.25,2817,,12
1003116674,Taylor,Tiffney,Templeton,CA,06,Internal Medicine,Claim-Specialty,Fluticasone Propionate,Fluticasone Propionate,31,66.5,1995,722.65,,#,,,,,*,
1003116674,Taylor,Tiffney,Templeton,CA,06,Internal Medicine,Claim-Specialty,Fluticasone-Salmeterol,Fluticasone Propion/Salmeterol,13,39,1170,4853.45,,,13,39,4853.45,1170,*,
1003116674,Taylor,Tiffney,Templeton,CA,06,Internal Medicine,Claim-Specialty,Furosemide,Furosemide,56,131,3820,618.15,22,#,,,,,#,
1003116674,Taylor,Tiffney,Templeton,CA,06,Internal Medicine,Claim-Specialty,Gabapentin,Gabapentin,144,326,9749,3689.89,44,,144,326,3689.89,9749,,44
1003116674,Taylor,Tiffney,Templeton,CA,06,Internal Medicine,Claim-Specialty,Glimepiride,Glimepiride,28,82,2460,418.74,,,28,82,418.74,2460,*,
1003116674,Taylor,Tiffney,Templeton,CA,06,Internal Medicine,Claim-Specialty,Glipizide,Glipizide,17,51,1530,157.58,,,17,51,157.58,1530,*,
1003116674,Taylor,Tiffney,Templeton,CA,06,Internal Medicine,Claim-Specialty,Hydralazine Hcl,Hydralazine Hcl,47,127,3810,792.45,14,,47,127,792.45,3810,,14
1003116674,Taylor,Tiffney,Templeton,CA,06,Internal Medicine,Claim-Specialty,Hydrochlorothiazide,Hydrochlorothiazide,141,417,12510,1062.33,41,#,,,,,#,
1003116674,Taylor,Tiffney,Templeton,CA,06,Internal Medicine,Claim-Specialty,Hydrocodone-Acetaminophen,Hydrocodone/Acetaminophen,116,116,1972,1570.57,27,,116,116,1570.57,1972,,27
1003116674,Taylor,Tiffney,Templeton,CA,06,Internal Medicine,Claim-Specialty,Hydroxyzine Hcl,Hydroxyzine Hcl,27,53,1479,544.95,12,,27,53,544.95,1479,,12
1003116674,Taylor,Tiffney,Templeton,CA,06,Internal Medicine,Claim-Specialty,Ibuprofen,Ibuprofen,36,62,1820,384.81,11,#,,,,,*,
1003116674,Taylor,Tiffney,Templeton,CA,06,Internal Medicine,Claim-Specialty,Lansoprazole,Lansoprazole,11,33,990,293.07,,,11,33,293.07,990,*,
1003116674,Taylor,Tiffney,Templeton,CA,06,Internal Medicine,Claim-Specialty,Lantus,"Insulin Glargine,hum.Rec.Anlog",11,16.7,432,8843.21,,,11,16.7,8843.21,432,*,
1003116674,Taylor,Tiffney,Templeton,CA,06,Internal Medicine,Claim-Specialty,Lantus Solostar,"Insulin Glargine,hum.Rec.Anlog",61,109.9,3251,35798.15,12,,61,109.9,35798.15,3251,,12
1003116674,Taylor,Tiffney,Templeton,CA,06,Internal Medicine,Claim-Specialty,Levothyroxine Sodium,Levothyroxine Sodium,452,1318,39528,8844.36,129,,439,1279,8429.04,38358,#,
1003116674,Taylor,Tiffney,Templeton,CA,06,Internal Medicine,Claim-Specialty,Liothyronine Sodium,Liothyronine Sodium,18,52,1560,1674.07,,,18,52,1674.07,1560,*,
1003116674,Taylor,Tiffney,Templeton,CA,06,Internal Medicine,Claim-Specialty,Lisinopril,Lisinopril,236,685.9,20576,2805.55,72,#,,,,,#,
1003116674,Taylor,Tiffney,Templeton,CA,06,Internal Medicine,Claim-Specialty,Lisinopril-Hydrochlorothiazide,Lisinopril/Hydrochlorothiazide,43,129,3870,558.8,12,,43,129,558.8,3870,,12
1003116674,Taylor,Tiffney,Templeton,CA,06,Internal Medicine,Claim-Specialty,Lorazepam,Lorazepam,59,70,1937,347.9,17,#,,,,,#,
1003116674,Taylor,Tiffney,Templeton,CA,06,Internal Medicine,Claim-Specialty,Losartan Potassium,Losartan Potassium,292,860,25800,5432.34,90,#,,,,,#,
1003116674,Taylor,Tiffney,Templeton,CA,06,Internal Medicine,Claim-Specialty,Losartan-Hydrochlorothiazide,Losartan/Hydrochlorothiazide,41,123,3690,972.53,12,,41,123,972.53,3690,,12
1003116674,Taylor,Tiffney,Templeton,CA,06,Internal Medicine,Claim-Specialty,Lovastatin,Lovastatin,20,58.1,1743,121.55,,,20,58.1,121.55,1743,*,
1003116674,Taylor,Tiffney,Templeton,CA,06,Internal Medicine,Claim-Specialty,Meloxicam,Meloxicam,31,81,2430,323.41,17,,31,81,323.41,2430,,17
1003116674,Taylor,Tiffney,Templeton,CA,06,Internal Medicine,Claim-Specialty,Metformin Hcl,Metformin Hcl,106,282,8460,1799.11,34,#,,,,,#,
1003116674,Taylor,Tiffney,Templeton,CA,06,Internal Medicine,Claim-Specialty,Metformin Hcl Er,Metformin Hcl,32,84,2520,326.88,11,,32,84,326.88,2520,,11
1003116674,Taylor,Tiffney,Templeton,CA,06,Internal Medicine,Claim-Specialty,Metoprolol Succinate,Metoprolol Succinate,151,451,13530,3090.5,42,#,,,,,#,
1003116674,Taylor,Tiffney,Templeton,CA,06,Internal Medicine,Claim-Specialty,Metoprolol Tartrate,Metoprolol Tartrate,50,138,4140,488.97,15,,50,138,488.97,4140,,15
1003116674,Taylor,Tiffney,Templeton,CA,06,Internal Medicine,Claim-Specialty,Montelukast Sodium,Montelukast Sodium,95,279,8370,2018.6,28,,95,279,2018.6,8370,,28
1003116674,Taylor,Tiffney,Templeton,CA,06,Internal Medicine,Claim-Specialty,Nano 2nd Gen Pen Needle,"Pen Needle, Diabetic",21,43.2,1267,1946.94,,,21,43.2,1946.94,1267,*,
1003116674,Taylor,Tiffney,Templeton,CA,06,Internal Medicine,Claim-Specialty,Nifedipine Er,Nifedipine,15,45,1350,1054.55,,,15,45,1054.55,1350,*,
1003116674,Taylor,Tiffney,Templeton,CA,06,Internal Medicine,Claim-Specialty,Nystatin,Nystatin,12,16,394,376.98,,*,,,,,*,
1003116674,Taylor,Tiffney,Templeton,CA,06,Internal Medicine,Claim-Specialty,Omeprazole,Omeprazole,192,560.9,16826,3339.98,64,#,,,,,#,
1003116674,Taylor,Tiffney,Templeton,CA,06,Internal Medicine,Claim-Specialty,Ondansetron Hcl,Ondansetron Hcl,19,21,544,428.15,,*,,,,,*,
1003116674,Taylor,Tiffney,Templeton,CA,06,Internal Medicine,Claim-Specialty,Ondansetron Odt,Ondansetron,11,15,332,566.69,,*,,,,,*,
1003116674,Taylor,Tiffney,Templeton,CA,06,Internal Medicine,Claim-Specialty,Oxybutynin Chloride,Oxybutynin Chloride,11,23,650,243.33,,*,,,,,*,
1003116674,Taylor,Tiffney,Templeton,CA,06,Internal Medicine,Claim-Specialty,Oxycodone Hcl,Oxycodone Hcl,20,20,270,263.86,,#,,,,,*,
1003116674,Taylor,Tiffney,Templeton,CA,06,Internal Medicine,Claim-Specialty,Ozempic,Semaglutide,15,23,676,14436.02,,,15,23,14436.02,676,*,
1003116674,Taylor,Tiffney,Templeton,CA,06,Internal Medicine,Claim-Specialty,Pantoprazole Sodium,Pantoprazole Sodium,112,312.7,9382,2768.68,40,,112,312.7,2768.68,9382,,40
1003116674,Taylor,Tiffney,Templeton,CA,06,Internal Medicine,Claim-Specialty,Paroxetine Hcl,Paroxetine Hcl,12,36,1080,221.94,,*,,,,,*,
1003116674,Taylor,Tiffney,Templeton,CA,06,Internal Medicine,Claim-Specialty,Paxlovid (Eua),Nirmatrelvir/Ritonavir,15,15,75,158,14,,15,15,158,75,,14
1003116674,Taylor,Tiffney,Templeton,CA,06,Internal Medicine,Claim-Specialty,Pioglitazone Hcl,Pioglitazone Hcl,29,79,2370,590.58,,,29,79,590.58,2370,*,
1003116674,Taylor,Tiffney,Templeton,CA,06,Internal Medicine,Claim-Specialty,Potassium Chloride,Potassium Chloride,40,109,3245,2804.34,14,,40,109,2804.34,3245,,14
1003116674,Taylor,Tiffney,Templeton,CA,06,Internal Medicine,Claim-Specialty,Pramipexole Dihydrochloride,Pramipexole Di-Hcl,16,26,780,288.63,,,16,26,288.63,780,*,
1003116674,Taylor,Tiffney,Templeton,CA,06,Internal Medicine,Claim-Specialty,Pravastatin Sodium,Pravastatin Sodium,46,123.3,3700,1123.6,13,,46,123.3,1123.6,3700,,13
1003116674,Taylor,Tiffney,Templeton,CA,06,Internal Medicine,Claim-Specialty,Prednisone,Prednisone,25,51,1313,177.62,14,,25,51,177.62,1313,,14
1003116674,Taylor,Tiffney,Templeton,CA,06,Internal Medicine,Claim-Specialty,Propranolol Hcl,Propranolol Hcl,35,95.4,2863,1426.76,12,,35,95.4,1426.76,2863,,12
1003116674,Taylor,Tiffney,Templeton,CA,06,Internal Medicine,Claim-Specialty,Propranolol Hcl Er,Propranolol Hcl,21,63,1890,1430.23,,,21,63,1430.23,1890,*,
1003116674,Taylor,Tiffney,Templeton,CA,06,Internal Medicine,Claim-Specialty,Ramipril,Ramipril,16,48,1440,235.91,,,16,48,235.91,1440,*,
1003116674,Taylor,Tiffney,Templeton,CA,06,Internal Medicine,Claim-Specialty,Repaglinide,Repaglinide,18,22,660,1309.38,,,18,22,1309.38,660,*,
1003116674,Taylor,Tiffney,Templeton,CA,06,Internal Medicine,Claim-Specialty,Ropinirole Hcl,Ropinirole Hcl,15,42,1260,1349.93,,,15,42,1349.93,1260,*,
1003116674,Taylor,Tiffney,Templeton,CA,06,Internal Medicine,Claim-Specialty,Rosuvastatin Calcium,Rosuvastatin Calcium,99,293,8790,3381.02,33,#,,,,,#,
1003116674,Taylor,Tiffney,Templeton,CA,06,Internal Medicine,Claim-Specialty,Sertraline Hcl,Sertraline Hcl,139,373.7,11206,2209.14,44,,128,344.7,1873.21,10336,#,
1003116674,Taylor,Tiffney,Templeton,CA,06,Internal Medicine,Claim-Specialty,Simvastatin,Simvastatin,160,472,14160,2030.3,46,,160,472,2030.3,14160,,46
1003116674,Taylor,Tiffney,Templeton,CA,06,Internal Medicine,Claim-Specialty,Spironolactone,Spironolactone,11,31,903,500.42,,,11,31,500.42,903,*,
1003116674,Taylor,Tiffney,Templeton,CA,06,Internal Medicine,Claim-Specialty,Sumatriptan Succinate,Sumatriptan Succinate,59,78,2241,1052.59,19,#,,,,,#,
1003116674,Taylor,Tiffney,Templeton,CA,06,Internal Medicine,Claim-Specialty,Symbicort,Budesonide/Formoterol Fumarate,22,32,960,12416.3,,,22,32,12416.3,960,*,
1003116674,Taylor,Tiffney,Templeton,CA,06,Internal Medicine,Claim-Specialty,Synthroid,Levothyroxine Sodium,59,175,5225,6790.3,20,#,,,,,#,
1003116674,Taylor,Tiffney,Templeton,CA,06,Internal Medicine,Claim-Specialty,Tamsulosin Hcl,Tamsulosin Hcl,33,86,2581,683.19,14,,33,86,683.19,2581,,14
1003116674,Taylor,Tiffney,Templeton,CA,06,Internal Medicine,Claim-Specialty,Topiramate,Topiramate,28,84,2520,835.97,,#,,,,,*,
1003116674,Taylor,Tiffney,Templeton,CA,06,Internal Medicine,Claim-Specialty,Tramadol Hcl,Tramadol Hcl,61,65,952,332.08,18,#,,,,,#,
1003116674,Taylor,Tiffney,Templeton,CA,06,Internal Medicine,Claim-Specialty,Tramadol Hcl-Acetaminophen,Tramadol Hcl/Acetaminophen,13,13,245,277.3,,,13,13,277.3,245,*,
1003116674,Taylor,Tiffney,Templeton,CA,06,Internal Medicine,Claim-Specialty,Trazodone Hcl,Trazodone Hcl,88,202,6003,987.75,22,#,,,,,#,
1003116674,Taylor,Tiffney,Templeton,CA,06,Internal Medicine,Claim-Specialty,Trelegy Ellipta,Fluticasone/Umeclidin/Vilanter,68,88,2528,55395.6,12,#,,,,,#,
1003116674,Taylor,Tiffney,Templeton,CA,06,Internal Medicine,Claim-Specialty,Triamcinolone Acetonide,Triamcinolone Acetonide,24,29.4,654,201.81,18,,24,29.4,201.81,654,,18
1003116674,Taylor,Tiffney,Templeton,CA,06,Internal Medicine,Claim-Specialty,Triamterene-Hydrochlorothiazid,Triamterene/Hydrochlorothiazid,28,84,2520,352.04,,,28,84,352.04,2520,*,
1003116674,Taylor,Tiffney,Templeton,CA,06,Internal Medicine,Claim-Specialty,Trulicity,Dulaglutide,47,68.2,1978,66482.98,,,47,68.2,66482.98,1978,*,
1003116674,Taylor,Tiffney,Templeton,CA,06,Internal Medicine,Claim-Specialty,Valacyclovir,Valacyclovir Hcl,25,63,1809,2323.38,15,#,,,,,#,
1003116674,Taylor,Tiffney,Templeton,CA,06,Internal Medicine,Claim-Specialty,Valsartan,Valsartan,16,48,1440,983.1,,,16,48,983.1,1440,*,
1003116674,Taylor,Tiffney,Templeton,CA,06,Internal Medicine,Claim-Specialty,Venlafaxine Hcl Er,Venlafaxine Hcl,79,209.5,6284,2188.84,22,,79,209.5,2188.84,6284,,22
1003116674,Taylor,Tiffney,Templeton,CA,06,Internal Medicine,Claim-Specialty,Ventolin Hfa,Albuterol Sulfate,16,28.1,797,1649.39,,#,,,,,*,
1003116674,Taylor,Tiffney,Templeton,CA,06,Internal Medicine,Claim-Specialty,Verapamil Er,Verapamil Hcl,15,41,1230,1072.11,,,15,41,1072.11,1230,*,
1003116674,Taylor,Tiffney,Templeton,CA,06,Internal Medicine,Claim-Specialty,Warfarin Sodium,Warfarin Sodium,16,47.8,1434,298.58,,,16,47.8,298.58,1434,*,
1003116674,Taylor,Tiffney,Templeton,CA,06,Internal Medicine,Claim-Specialty,Xarelto,Rivaroxaban,20,48,1440,26948.06,,,20,48,26948.06,1440,*,
1003116674,Taylor,Tiffney,Templeton,CA,06,Internal Medicine,Claim-Specialty,Zolpidem Tartrate,Zolpidem Tartrate,64,107.6,3208,775.06,20,,64,107.6,775.06,3208,,20
1003117649,Kreidel,Marit,Irvine,CA,06,Dermatology,Claim-Specialty,Acitretin,Acitretin,16,20.3,610,2670.87,,,16,20.3,2670.87,610,*,
1003117649,Kreidel,Marit,Irvine,CA,06,Dermatology,Claim-Specialty,Acyclovir,Acyclovir,14,22,404,193.74,,,14,22,193.74,404,*,
1003117649,Kreidel,Marit,Irvine,CA,06,Dermatology,Claim-Specialty,Amjevita(Cf) Autoinjector,Adalimumab-Atto,15,22.2,644,36171.8,,,15,22.2,36171.8,644,*,
1003117649,Kreidel,Marit,Irvine,CA,06,Dermatology,Claim-Specialty,Betamethasone Diprop Augmented,Betamethasone/Propylene Glyc,107,108.8,2987,1978.33,67,#,,,,,#,
1003117649,Kreidel,Marit,Irvine,CA,06,Dermatology,Claim-Specialty,Calcipotriene,Calcipotriene,63,66,1799,4895.08,55,#,,,,,#,
1003117649,Kreidel,Marit,Irvine,CA,06,Dermatology,Claim-Specialty,Clindamycin Phosphate,Clindamycin Phosphate,22,22,650,479.87,19,#,,,,,#,
1003117649,Kreidel,Marit,Irvine,CA,06,Dermatology,Claim-Specialty,Clobetasol Propionate,Clobetasol Propionate,75,81.7,2332,2409.54,50,#,,,,,#,
1003117649,Kreidel,Marit,Irvine,CA,06,Dermatology,Claim-Specialty,Cosentyx Sensoready (2 Pens),Secukinumab,32,32,881,88974.33,,,16,16,51951.5,448,*,
1003117649,Kreidel,Marit,Irvine,CA,06,Dermatology,Claim-Specialty,Doxycycline Monohydrate,Doxycycline Monohydrate,35,63.8,1786,1162.58,26,#,,,,,#,
1003117649,Kreidel,Marit,Irvine,CA,06,Dermatology,Claim-Specialty,Finasteride,Finasteride,13,36.7,1100,164.7,,,13,36.7,164.7,1100,*,
1003117649,Kreidel,Marit,Irvine,CA,06,Dermatology,Claim-Specialty,Fluocinolone Acetonide,Fluocinolone Acetonide,30,34,1004,991.46,19,,30,34,991.46,1004,,19
1003117649,Kreidel,Marit,Irvine,CA,06,Dermatology,Claim-Specialty,Fluocinolone Acetonide,Fluocinolone/Shower Cap,18,18,540,536.18,,,18,18,536.18,540,*,
1003117649,Kreidel,Marit,Irvine,CA,06,Dermatology,Claim-Specialty,Fluocinonide,Fluocinonide,28,28,830,740.68,21,#,,,,,#,
1003117649,Kreidel,Marit,Irvine,CA,06,Dermatology,Claim-Specialty,Fluorouracil,Fluorouracil,143,143,3534,5369.7,133,#,,,,,#,
1003117649,Kreidel,Marit,Irvine,CA,06,Dermatology,Claim-Specialty,Hydrocortisone,Hydrocortisone,52,53,1479,769.33,35,#,,,,,#,
1003117649,Kreidel,Marit,Irvine,CA,06,Dermatology,Claim-Specialty,Imiquimod,Imiquimod,19,22.7,647,804.59,14,,19,22.7,804.59,647,,14
1003117649,Kreidel,Marit,Irvine,CA,06,Dermatology,Claim-Specialty,Ketoconazole,Ketoconazole,39,53.3,1578,903.56,26,,39,53.3,903.56,1578,,26
1003117649,Kreidel,Marit,Irvine,CA,06,Dermatology,Claim-Specialty,Metronidazole,Metronidazole,34,36,1030,557.8,25,#,,,,,#,
1003117649,Kreidel,Marit,Irvine,CA,06,Dermatology,Claim-Specialty,Mupirocin,Mupirocin,11,11,210,126.14,,*,,,,,*,
1003117649,Kreidel,Marit,Irvine,CA,06,Dermatology,Claim-Specialty,Mycophenolate Mofetil,Mycophenolate Mofetil,20,55,1650,1922.59,,,20,55,1922.59,1650,*,
1003117649,Kreidel,Marit,Irvine,CA,06,Dermatology,Claim-Specialty,Nystatin,Nystatin,13,13,325,147.66,,#,,,,,*,
1003117649,Kreidel,Marit,Irvine,CA,06,Dermatology,Claim-Specialty,Pimecrolimus,Pimecrolimus,21,21,510,2134.64,14,#,,,,,#,
1003117649,Kreidel,Marit,Irvine,CA,06,Dermatology,Claim-Specialty,Prednisone,Prednisone,21,25.6,561,229.34,16,,21,25.6,229.34,561,,16
1003117649,Kreidel,Marit,Irvine,CA,06,Dermatology,Claim-Specialty,Retin-A,Tretinoin,24,30,900,723.28,19,#,,,,,#,
1003117649,Kreidel,Marit,Irvine,CA,06,Dermatology,Claim-Specialty,Tacrolimus,Tacrolimus,75,75,1839,4398.82,56,#,,,,,#,
1003117649,Kreidel,Marit,Irvine,CA,06,Dermatology,Claim-Specialty,Terbinafine Hcl,Terbinafine Hcl,11,17.5,460,185.79,,*,,,,,*,
1003117649,Kreidel,Marit,Irvine,CA,06,Dermatology,Claim-Specialty,Triamcinolone Acetonide,Triamcinolone Acetonide,70,85.5,2504,1520.97,47,#,,,,,#,
1003117649,Kreidel,Marit,Irvine,CA,06,Dermatology,Claim-Specialty,Vectical,Calcitriol,16,21,630,3037.73,,,16,21,3037.73,630,*,
1003117763,Sorgent,Amy,San Diego,CA,06,Nurse Practitioner,NPPES-Specialty,Quetiapine Fumarate,Quetiapine Fumarate,11,11.1,274,176.26,,,11,11.1,176.26,274,*,
1003120676,Taylor,Isha,Moreno Valley,CA,06,Physician Assistant,Claim-Specialty,Ammonium Lactate,Ammonium Lactate,32,33,965,816.32,26,,32,33,816.32,965,,26
1003120676,Taylor,Isha,Moreno Valley,CA,06,Physician Assistant,Claim-Specialty,Cephalexin,Cephalexin,25,25,212,395.35,23,#,,,,,#,
1003120676,Taylor,Isha,Moreno Valley,CA,06,Physician Assistant,Claim-Specialty,Clobetasol Propionate,Clobetasol Propionate,67,71.7,1809,4711.71,40,#,,,,,#,
1003120676,Taylor,Isha,Moreno Valley,CA,06,Physician Assistant,Claim-Specialty,Doxycycline Hyclate,Doxycycline Hyclate,13,13,223,173.89,,*,,,,,*,
1003120676,Taylor,Isha,Moreno Valley,CA,06,Physician Assistant,Claim-Specialty,Hydrocortisone,Hydrocortisone,35,35,805,233.62,26,#,,,,,#,
1003120676,Taylor,Isha,Moreno Valley,CA,06,Physician Assistant,Claim-Specialty,Ketoconazole,Ketoconazole,27,27,685,669.76,19,,27,27,669.76,685,,19
1003120676,Taylor,Isha,Moreno Valley,CA,06,Physician Assistant,Claim-Specialty,Levocetirizine Dihydrochloride,Levocetirizine Dihydrochloride,13,19,570,567.05,,,13,19,567.05,570,*,
1003120676,Taylor,Isha,Moreno Valley,CA,06,Physician Assistant,Claim-Specialty,Mupirocin,Mupirocin,22,22,334,205.75,19,,22,22,205.75,334,,19
1003120676,Taylor,Isha,Moreno Valley,CA,06,Physician Assistant,Claim-Specialty,Prednisone,Prednisone,18,18,243,62.05,17,,18,18,62.05,243,,17
1003120676,Taylor,Isha,Moreno Valley,CA,06,Physician Assistant,Claim-Specialty,Triamcinolone Acetonide,Triamcinolone Acetonide,68,73,2063,964.95,52,#,,,,,#,
1003121203,Kustova,Yulia,Los Angeles,CA,06,Physician Assistant,Claim-Specialty,Acetaminophen-Codeine,Acetaminophen With Codeine,27,27,667,215.7,,,27,27,215.7,667,*,
1003121203,Kustova,Yulia,Los Angeles,CA,06,Physician Assistant,Claim-Specialty,Advair Diskus,Fluticasone Propion/Salmeterol,16,16,480,7939.73,,*,,,,,*,
1003121203,Kustova,Yulia,Los Angeles,CA,06,Physician Assistant,Claim-Specialty,Albuterol Sulfate Hfa,Albuterol Sulfate,77,79.7,1639,3241.75,23,,45,47,1724.58,1066,#,
1003121203,Kustova,Yulia,Los Angeles,CA,06,Physician Assistant,Claim-Specialty,Alendronate Sodium,Alendronate Sodium,49,138.3,4148,1374.1,21,#,,,,,#,
1003121203,Kustova,Yulia,Los Angeles,CA,06,Physician Assistant,Claim-Specialty,Allopurinol,Allopurinol,26,76,2280,691.45,13,#,,,,,#,
1003121203,Kustova,Yulia,Los Angeles,CA,06,Physician Assistant,Claim-Specialty,Amlodipine Besylate,Amlodipine Besylate,70,198,5913,1513.12,27,#,,,,,#,
1003121203,Kustova,Yulia,Los Angeles,CA,06,Physician Assistant,Claim-Specialty,Amoxicillin,Amoxicillin,11,11,93,70.29,,*,,,,,*,
1003121203,Kustova,Yulia,Los Angeles,CA,06,Physician Assistant,Claim-Specialty,Amoxicillin-Clavulanate Potass,Amoxicillin/Potassium Clav,11,11,81,110.2,,*,,,,,*,
1003121203,Kustova,Yulia,Los Angeles,CA,06,Physician Assistant,Claim-Specialty,Atorvastatin Calcium,Atorvastatin Calcium,88,231,6930,3125.96,34,,73,208,2873.91,6240,#,
1003121203,Kustova,Yulia,Los Angeles,CA,06,Physician Assistant,Claim-Specialty,Azelastine Hcl,Azelastine Hcl,28,34.7,1020,1544.26,16,#,,,,,#,
1003121203,Kustova,Yulia,Los Angeles,CA,06,Physician Assistant,Claim-Specialty,Azithromycin,Azithromycin,31,31,154,150.1,25,#,,,,,#,
1003121203,Kustova,Yulia,Los Angeles,CA,06,Physician Assistant,Claim-Specialty,Breo Ellipta,Fluticasone/Vilanterol,13,13,390,5548.07,,,13,13,5548.07,390,*,
1003121203,Kustova,Yulia,Los Angeles,CA,06,Physician Assistant,Claim-Specialty,Carisoprodol,Carisoprodol,17,20,600,108.09,,*,,,,,*,
1003121203,Kustova,Yulia,Los Angeles,CA,06,Physician Assistant,Claim-Specialty,Ciclopirox,Ciclopirox,15,15,450,803.47,,#,,,,,*,
1003121203,Kustova,Yulia,Los Angeles,CA,06,Physician Assistant,Claim-Specialty,Ciprofloxacin Hcl,Ciprofloxacin Hcl,13,13,97,108.78,,,13,13,108.78,97,*,
1003121203,Kustova,Yulia,Los Angeles,CA,06,Physician Assistant,Claim-Specialty,Clonidine Hcl,Clonidine Hcl,11,17,510,85.99,,*,,,,,*,
1003121203,Kustova,Yulia,Los Angeles,CA,06,Physician Assistant,Claim-Specialty,Clopidogrel,Clopidogrel Bisulfate,15,45,1350,376.7,,,15,45,376.7,1350,*,
1003121203,Kustova,Yulia,Los Angeles,CA,06,Physician Assistant,Claim-Specialty,Clotrimazole,Clotrimazole,47,50,1430,1269.3,21,,35,38,1004.47,1070,#,
1003121203,Kustova,Yulia,Los Angeles,CA,06,Physician Assistant,Claim-Specialty,Diclofenac Sodium,Diclofenac Sodium,24,36,915,1158.12,14,#,,,,,#,
1003121203,Kustova,Yulia,Los Angeles,CA,06,Physician Assistant,Claim-Specialty,Donepezil Hcl,Donepezil Hcl,14,40,1200,521.92,,#,,,,,*,
1003121203,Kustova,Yulia,Los Angeles,CA,06,Physician Assistant,Claim-Specialty,Eliquis,Apixaban,31,41,1230,25027.39,,,31,41,25027.39,1230,*,
1003121203,Kustova,Yulia,Los Angeles,CA,06,Physician Assistant,Claim-Specialty,Enalapril Maleate,Enalapril Maleate,23,69,2070,1412.96,,#,,,,,*,
1003121203,Kustova,Yulia,Los Angeles,CA,06,Physician Assistant,Claim-Specialty,Famotidine,Famotidine,48,74,2126,1190.79,18,#,,,,,#,
1003121203,Kustova,Yulia,Los Angeles,CA,06,Physician Assistant,Claim-Specialty,Fluticasone Propionate,Fluticasone Propionate,21,31,930,474.18,,*,,,,,*,
1003121203,Kustova,Yulia,Los Angeles,CA,06,Physician Assistant,Claim-Specialty,Furosemide,Furosemide,18,41,1196,301.19,,#,,,,,*,
1003121203,Kustova,Yulia,Los Angeles,CA,06,Physician Assistant,Claim-Specialty,Gabapentin,Gabapentin,25,55,1617,460.86,13,#,,,,,#,
1003121203,Kustova,Yulia,Los Angeles,CA,06,Physician Assistant,Claim-Specialty,Glipizide,Glipizide,13,33,990,456.9,,*,,,,,*,
1003121203,Kustova,Yulia,Los Angeles,CA,06,Physician Assistant,Claim-Specialty,Humulin 70-30,Insulin Nph Hum/Reg Insulin Hm,16,16,432,6702.24,,,16,16,6702.24,432,*,
1003121203,Kustova,Yulia,Los Angeles,CA,06,Physician Assistant,Claim-Specialty,Hydrochlorothiazide,Hydrochlorothiazide,50,143,4290,302.62,23,#,,,,,#,
1003121203,Kustova,Yulia,Los Angeles,CA,06,Physician Assistant,Claim-Specialty,Ibu,Ibuprofen,11,11,240,132.59,,*,,,,,*,
1003121203,Kustova,Yulia,Los Angeles,CA,06,Physician Assistant,Claim-Specialty,Ibuprofen,Ibuprofen,24,42.7,1118,337.28,14,#,,,,,*,
1003121203,Kustova,Yulia,Los Angeles,CA,06,Physician Assistant,Claim-Specialty,Januvia,Sitagliptin Phosphate,20,48,1440,26946.35,,#,,,,,*,
1003121203,Kustova,Yulia,Los Angeles,CA,06,Physician Assistant,Claim-Specialty,Lantus,"Insulin Glargine,hum.Rec.Anlog",13,13,325,4026.75,,,0,0,0,0,#,
1003121203,Kustova,Yulia,Los Angeles,CA,06,Physician Assistant,Claim-Specialty,Lantus Solostar,"Insulin Glargine,hum.Rec.Anlog",13,17,474,2432.97,,,13,17,2432.97,474,*,
1003121203,Kustova,Yulia,Los Angeles,CA,06,Physician Assistant,Claim-Specialty,Levothyroxine Sodium,Levothyroxine Sodium,27,74,2193,875.9,,#,,,,,*,
1003121203,Kustova,Yulia,Los Angeles,CA,06,Physician Assistant,Claim-Specialty,Lisinopril,Lisinopril,35,96,2880,962.83,14,#,,,,,#,
1003121203,Kustova,Yulia,Los Angeles,CA,06,Physician Assistant,Claim-Specialty,Lorazepam,Lorazepam,12,18,540,226.12,,,12,18,226.12,540,*,
1003121203,Kustova,Yulia,Los Angeles,CA,06,Physician Assistant,Claim-Specialty,Losartan Potassium,Losartan Potassium,30,88,2640,2207.12,,#,,,,,*,
1003121203,Kustova,Yulia,Los Angeles,CA,06,Physician Assistant,Claim-Specialty,Lovastatin,Lovastatin,20,60,1800,839.97,,,20,60,839.97,1800,*,
1003121203,Kustova,Yulia,Los Angeles,CA,06,Physician Assistant,Claim-Specialty,Meclizine Hcl,Meclizine Hcl,17,19,515,193.93,,#,,,,,*,
1003121203,Kustova,Yulia,Los Angeles,CA,06,Physician Assistant,Claim-Specialty,Meloxicam,Meloxicam,19,45,1350,176.47,,#,,,,,*,
1003121203,Kustova,Yulia,Los Angeles,CA,06,Physician Assistant,Claim-Specialty,Metformin Hcl,Metformin Hcl,49,138.5,4154,1283.83,20,#,,,,,#,
1003121203,Kustova,Yulia,Los Angeles,CA,06,Physician Assistant,Claim-Specialty,Metoprolol Succinate,Metoprolol Succinate,18,46.1,1384,378.37,,,18,46.1,378.37,1384,*,
1003121203,Kustova,Yulia,Los Angeles,CA,06,Physician Assistant,Claim-Specialty,Montelukast Sodium,Montelukast Sodium,14,34,1020,371.65,,*,,,,,*,
1003121203,Kustova,Yulia,Los Angeles,CA,06,Physician Assistant,Claim-Specialty,Myrbetriq,Mirabegron,11,11,330,5441.98,,,11,11,5441.98,330,*,
1003121203,Kustova,Yulia,Los Angeles,CA,06,Physician Assistant,Claim-Specialty,Naproxen,Naproxen,17,17,470,200.25,,#,,,,,*,
1003121203,Kustova,Yulia,Los Angeles,CA,06,Physician Assistant,Claim-Specialty,Nystatin,Nystatin,12,13,358,294.62,,*,,,,,*,
1003121203,Kustova,Yulia,Los Angeles,CA,06,Physician Assistant,Claim-Specialty,Omega-3 Acid Ethyl Esters,Omega-3 Acid Ethyl Esters,17,39,1170,742.68,,#,,,,,*,
1003121203,Kustova,Yulia,Los Angeles,CA,06,Physician Assistant,Claim-Specialty,Omeprazole,Omeprazole,19,47,1410,656.25,11,#,,,,,*,
1003121203,Kustova,Yulia,Los Angeles,CA,06,Physician Assistant,Claim-Specialty,Pantoprazole Sodium,Pantoprazole Sodium,13,17,510,254.96,,*,,,,,*,
1003121203,Kustova,Yulia,Los Angeles,CA,06,Physician Assistant,Claim-Specialty,Pioglitazone Hcl,Pioglitazone Hcl,29,78,2340,1482.16,,#,,,,,*,
1003121203,Kustova,Yulia,Los Angeles,CA,06,Physician Assistant,Claim-Specialty,Pravastatin Sodium,Pravastatin Sodium,13,34,1020,399.86,,,13,34,399.86,1020,*,
1003121203,Kustova,Yulia,Los Angeles,CA,06,Physician Assistant,Claim-Specialty,Prednisone,Prednisone,31,33,240,84.39,21,#,,,,,#,
1003121203,Kustova,Yulia,Los Angeles,CA,06,Physician Assistant,Claim-Specialty,Propranolol Hcl,Propranolol Hcl,11,31,930,310.34,,,11,31,310.34,930,*,
1003121203,Kustova,Yulia,Los Angeles,CA,06,Physician Assistant,Claim-Specialty,Ramipril,Ramipril,20,58,1720,1259.82,,#,,,,,*,
1003121203,Kustova,Yulia,Los Angeles,CA,06,Physician Assistant,Claim-Specialty,Rosuvastatin Calcium,Rosuvastatin Calcium,20,60,1800,1137.93,,,20,60,1137.93,1800,*,
1003121203,Kustova,Yulia,Los Angeles,CA,06,Physician Assistant,Claim-Specialty,Tamsulosin Hcl,Tamsulosin Hcl,26,72,2160,1467.34,11,#,,,,,*,
1003121203,Kustova,Yulia,Los Angeles,CA,06,Physician Assistant,Claim-Specialty,Tramadol Hcl,Tramadol Hcl,22,22,386,223.66,,,11,11,75.52,165,*,
1003121203,Kustova,Yulia,Los Angeles,CA,06,Physician Assistant,Claim-Specialty,Triamcinolone Acetonide,Triamcinolone Acetonide,31,32.5,791,555.84,17,#,,,,,#,
1003121203,Kustova,Yulia,Los Angeles,CA,06,Physician Assistant,Claim-Specialty,Vascepa,Icosapent Ethyl,16,33,990,6419.97,,,16,33,6419.97,990,*,
1003121807,Neumann,Frederic,Benicia,CA,06,Pharmacist,NPPES-Taxonomy,Abrysvo,"Rsv Vacc, Pref A And Pref B/Pf",32,32,32,10610.12,32,#,,,,,#,
1003121807,Neumann,Frederic,Benicia,CA,06,Pharmacist,NPPES-Taxonomy,Arexvy,Rsvpref3 Antigen/As01e/Pf,26,26,26,8257.03,26,,26,26,8257.03,26,,26
1003121807,Neumann,Frederic,Benicia,CA,06,Pharmacist,NPPES-Taxonomy,Shingrix,Varicella-Zoster Ge/As01b/Pf,33,33,33,6988.94,29,#,,,,,#,
1003121880,Kirpekar,Kapil,San Francisco,CA,06,Dentist,NPPES-Specialty,Ibuprofen,Ibuprofen,13,13,58,32.14,13,#,,,,,#,
1003123076,Arzaga,Wendy,Porterville,CA,06,Physician Assistant,NPPES-Specialty,Acetaminophen-Codeine,Acetaminophen With Codeine,14,14,103,82.02,,*,,,,,*,
1003123076,Arzaga,Wendy,Porterville,CA,06,Physician Assistant,NPPES-Specialty,Albuterol Sulfate Hfa,Albuterol Sulfate,16,16,320,599.21,12,*,,,,,*,
1003123076,Arzaga,Wendy,Porterville,CA,06,Physician Assistant,NPPES-Specialty,Alendronate Sodium,Alendronate Sodium,16,34,1008,287.59,,,16,34,287.59,1008,*,
1003123076,Arzaga,Wendy,Porterville,CA,06,Physician Assistant,NPPES-Specialty,Amitriptyline Hcl,Amitriptyline Hcl,16,24,720,159.97,,#,,,,,*,
1003123076,Arzaga,Wendy,Porterville,CA,06,Physician Assistant,NPPES-Specialty,Amlodipine Besylate,Amlodipine Besylate,37,91,2730,686.69,17,,26,72,325.06,2160,#,
1003123076,Arzaga,Wendy,Porterville,CA,06,Physician Assistant,NPPES-Specialty,Atorvastatin Calcium,Atorvastatin Calcium,180,463,13877,4437.83,56,,147,386,3271.32,11580,#,
1003123076,Arzaga,Wendy,Porterville,CA,06,Physician Assistant,NPPES-Specialty,Azelastine Hcl,Azelastine Hcl,23,34.5,1023,1324.16,,#,,,,,*,
1003123076,Arzaga,Wendy,Porterville,CA,06,Physician Assistant,NPPES-Specialty,Benazepril Hcl,Benazepril Hcl,45,115,3437,910.74,13,#,,,,,#,
1003123076,Arzaga,Wendy,Porterville,CA,06,Physician Assistant,NPPES-Specialty,Carvedilol,Carvedilol,30,86.5,2595,926.57,12,#,,,,,*,
1003123076,Arzaga,Wendy,Porterville,CA,06,Physician Assistant,NPPES-Specialty,Chlorthalidone,Chlorthalidone,36,92,2760,1216.08,,,25,67,815.92,2010,*,
1003123076,Arzaga,Wendy,Porterville,CA,06,Physician Assistant,NPPES-Specialty,Clonazepam,Clonazepam,23,23,661,194.68,,,11,11,71.34,330,*,
1003123076,Arzaga,Wendy,Porterville,CA,06,Physician Assistant,NPPES-Specialty,Diclofenac Sodium,Diclofenac Sodium,59,65,1001,2047.12,22,,42,48,1637.99,777,#,
1003123076,Arzaga,Wendy,Porterville,CA,06,Physician Assistant,NPPES-Specialty,Duloxetine Hcl,Duloxetine Hcl,20,27.1,813,549.84,,#,,,,,*,
1003123076,Arzaga,Wendy,Porterville,CA,06,Physician Assistant,NPPES-Specialty,Eliquis,Apixaban,13,17,510,10448.72,,,13,17,10448.72,510,*,
1003123076,Arzaga,Wendy,Porterville,CA,06,Physician Assistant,NPPES-Specialty,Escitalopram Oxalate,Escitalopram Oxalate,15,31,930,413.87,,*,,,,,*,
1003123076,Arzaga,Wendy,Porterville,CA,06,Physician Assistant,NPPES-Specialty,Famotidine,Famotidine,15,31,914,528.37,,#,,,,,*,
1003123076,Arzaga,Wendy,Porterville,CA,06,Physician Assistant,NPPES-Specialty,Farxiga,Dapagliflozin Propanediol,11,27,810,16510.69,,*,,,,,*,
1003123076,Arzaga,Wendy,Porterville,CA,06,Physician Assistant,NPPES-Specialty,Fluoxetine Hcl,Fluoxetine Hcl,12,20,600,126.58,,,12,20,126.58,600,*,
1003123076,Arzaga,Wendy,Porterville,CA,06,Physician Assistant,NPPES-Specialty,Fluticasone Propionate,Fluticasone Propionate,47,76,2280,650.01,16,,33,54,470,1620,#,
1003123076,Arzaga,Wendy,Porterville,CA,06,Physician Assistant,NPPES-Specialty,Furosemide,Furosemide,19,44,1320,199.58,,#,,,,,*,
1003123076,Arzaga,Wendy,Porterville,CA,06,Physician Assistant,NPPES-Specialty,Gabapentin,Gabapentin,49,67,1975,854.75,20,#,,,,,#,
1003123076,Arzaga,Wendy,Porterville,CA,06,Physician Assistant,NPPES-Specialty,Glimepiride,Glimepiride,20,50,1500,316.89,,,20,50,316.89,1500,*,
1003123076,Arzaga,Wendy,Porterville,CA,06,Physician Assistant,NPPES-Specialty,Hydrochlorothiazide,Hydrochlorothiazide,17,49,1470,106.71,,#,,,,,*,
1003123076,Arzaga,Wendy,Porterville,CA,06,Physician Assistant,NPPES-Specialty,Hydrocodone-Acetaminophen,Hydrocodone/Acetaminophen,30,30,644,341.91,,#,,,,,*,
1003123076,Arzaga,Wendy,Porterville,CA,06,Physician Assistant,NPPES-Specialty,Ibuprofen,Ibuprofen,58,63,1092,283.22,28,,35,38,155.21,654,#,
1003123076,Arzaga,Wendy,Porterville,CA,06,Physician Assistant,NPPES-Specialty,Jardiance,Empagliflozin,14,38,1140,24447.22,,,14,38,24447.22,1140,*,
1003123076,Arzaga,Wendy,Porterville,CA,06,Physician Assistant,NPPES-Specialty,Levothyroxine Sodium,Levothyroxine Sodium,77,198,5863,2033.35,21,,65,166,1799.17,4903,#,
1003123076,Arzaga,Wendy,Porterville,CA,06,Physician Assistant,NPPES-Specialty,Lidocaine,Lidocaine,11,11,325,1429.12,,*,,,,,*,
1003123076,Arzaga,Wendy,Porterville,CA,06,Physician Assistant,NPPES-Specialty,Lisinopril,Lisinopril,84,224,6720,1671.77,29,#,,,,,#,
1003123076,Arzaga,Wendy,Porterville,CA,06,Physician Assistant,NPPES-Specialty,Lisinopril-Hydrochlorothiazide,Lisinopril/Hydrochlorothiazide,23,65,1950,471.1,,#,,,,,*,
1003123076,Arzaga,Wendy,Porterville,CA,06,Physician Assistant,NPPES-Specialty,Losartan Potassium,Losartan Potassium,61,147,4410,625,19,,47,123,437.18,3690,#,
1003123076,Arzaga,Wendy,Porterville,CA,06,Physician Assistant,NPPES-Specialty,Losartan-Hydrochlorothiazide,Losartan/Hydrochlorothiazide,15,35,1027,446.86,,*,,,,,*,
1003123076,Arzaga,Wendy,Porterville,CA,06,Physician Assistant,NPPES-Specialty,Lovastatin,Lovastatin,11,33,990,312.7,,,11,33,312.7,990,*,
1003123076,Arzaga,Wendy,Porterville,CA,06,Physician Assistant,NPPES-Specialty,Meloxicam,Meloxicam,22,62.5,1875,260.09,11,#,,,,,*,
1003123076,Arzaga,Wendy,Porterville,CA,06,Physician Assistant,NPPES-Specialty,Metformin Hcl,Metformin Hcl,64,156.5,4695,988.96,24,,51,127.5,714.2,3825,#,
1003123076,Arzaga,Wendy,Porterville,CA,06,Physician Assistant,NPPES-Specialty,Metoprolol Succinate,Metoprolol Succinate,81,189,5670,2341.39,21,,68,174,2210.13,5220,#,
1003123076,Arzaga,Wendy,Porterville,CA,06,Physician Assistant,NPPES-Specialty,Montelukast Sodium,Montelukast Sodium,11,17,510,150.39,,,11,17,150.39,510,*,
1003123076,Arzaga,Wendy,Porterville,CA,06,Physician Assistant,NPPES-Specialty,Nano 2nd Gen Pen Needle,"Pen Needle, Diabetic",18,43.3,1285,970.63,,#,,,,,*,
1003123076,Arzaga,Wendy,Porterville,CA,06,Physician Assistant,NPPES-Specialty,Naproxen,Naproxen,19,19,466,182.93,,#,,,,,*,
1003123076,Arzaga,Wendy,Porterville,CA,06,Physician Assistant,NPPES-Specialty,Nifedipine Er,Nifedipine,18,52,1560,1074.33,,,18,52,1074.33,1560,*,
1003123076,Arzaga,Wendy,Porterville,CA,06,Physician Assistant,NPPES-Specialty,Omeprazole,Omeprazole,58,105,3102,1465.95,17,,29,70,877.34,2068,#,
1003123076,Arzaga,Wendy,Porterville,CA,06,Physician Assistant,NPPES-Specialty,Ozempic,Semaglutide,27,35.5,1022,36333.7,,#,,,,,*,
1003123076,Arzaga,Wendy,Porterville,CA,06,Physician Assistant,NPPES-Specialty,Pantoprazole Sodium,Pantoprazole Sodium,29,77,2310,718.1,11,#,,,,,*,
1003123076,Arzaga,Wendy,Porterville,CA,06,Physician Assistant,NPPES-Specialty,Paroxetine Hcl,Paroxetine Hcl,14,14,420,141.41,,*,,,,,*,
1003123076,Arzaga,Wendy,Porterville,CA,06,Physician Assistant,NPPES-Specialty,Pregabalin,Pregabalin,34,34,1020,1487.17,,,34,34,1487.17,1020,*,
1003123076,Arzaga,Wendy,Porterville,CA,06,Physician Assistant,NPPES-Specialty,Propranolol Hcl,Propranolol Hcl,30,48,1440,738.15,,*,,,,,*,
1003123076,Arzaga,Wendy,Porterville,CA,06,Physician Assistant,NPPES-Specialty,Rosuvastatin Calcium,Rosuvastatin Calcium,12,36,1080,585.7,,#,,,,,*,
1003123076,Arzaga,Wendy,Porterville,CA,06,Physician Assistant,NPPES-Specialty,Rybelsus,Semaglutide,41,69,2070,69652.32,12,#,,,,,*,
1003123076,Arzaga,Wendy,Porterville,CA,06,Physician Assistant,NPPES-Specialty,Sertraline Hcl,Sertraline Hcl,42,76,2260,770.57,12,#,,,,,*,
1003123076,Arzaga,Wendy,Porterville,CA,06,Physician Assistant,NPPES-Specialty,Simvastatin,Simvastatin,53,158,4740,937.42,19,,42,125,782.65,3750,#,
1003123076,Arzaga,Wendy,Porterville,CA,06,Physician Assistant,NPPES-Specialty,Sulfamethoxazole-Trimethoprim,Sulfamethoxazole/Trimethoprim,16,16,99,130.9,14,*,,,,,*,
1003123076,Arzaga,Wendy,Porterville,CA,06,Physician Assistant,NPPES-Specialty,Synjardy,Empagliflozin/Metformin Hcl,23,59.8,1794,38918.35,,,23,59.8,38918.35,1794,*,
1003123076,Arzaga,Wendy,Porterville,CA,06,Physician Assistant,NPPES-Specialty,Synjardy Xr,Empagliflozin/Metformin Hcl,11,33,990,21789.92,,*,,,,,*,
1003123076,Arzaga,Wendy,Porterville,CA,06,Physician Assistant,NPPES-Specialty,Tamsulosin Hcl,Tamsulosin Hcl,32,92,2760,992.3,12,#,,,,,*,
1003123076,Arzaga,Wendy,Porterville,CA,06,Physician Assistant,NPPES-Specialty,Topiramate,Topiramate,13,13,390,111.72,,,0,0,0,0,#,
1003123076,Arzaga,Wendy,Porterville,CA,06,Physician Assistant,NPPES-Specialty,Toujeo Max Solostar,"Insulin Glargine,hum.Rec.Anlog",30,41.8,1213,18177.69,,,30,41.8,18177.69,1213,*,
1003123076,Arzaga,Wendy,Porterville,CA,06,Physician Assistant,NPPES-Specialty,Tradjenta,Linagliptin,29,47,1410,26679.57,,,29,47,26679.57,1410,*,
1003123076,Arzaga,Wendy,Porterville,CA,06,Physician Assistant,NPPES-Specialty,Trazodone Hcl,Trazodone Hcl,41,65,1892,1047.62,,#,,,,,*,
1003123076,Arzaga,Wendy,Porterville,CA,06,Physician Assistant,NPPES-Specialty,Tresiba Flextouch U-100,Insulin Degludec,37,65.7,1971,28611.35,13,#,,,,,#,
1003123076,Arzaga,Wendy,Porterville,CA,06,Physician Assistant,NPPES-Specialty,Tresiba Flextouch U-200,Insulin Degludec,14,22.1,642,11728,,,14,22.1,11728,642,*,
1003123076,Arzaga,Wendy,Porterville,CA,06,Physician Assistant,NPPES-Specialty,Trijardy Xr,Empaglifloz/Linaglip/Metformin,25,55,1650,35740.28,,#,,,,,*,
1003123076,Arzaga,Wendy,Porterville,CA,06,Physician Assistant,NPPES-Specialty,Trulicity,Dulaglutide,40,43.6,1242,44858.7,,#,,,,,*,
1003123076,Arzaga,Wendy,Porterville,CA,06,Physician Assistant,NPPES-Specialty,Ultra-Fine Mini Pen Needle,"Pen Needle, Diabetic",13,36.3,1090,831.84,,,13,36.3,831.84,1090,*,
1003123076,Arzaga,Wendy,Porterville,CA,06,Physician Assistant,NPPES-Specialty,Valsartan,Valsartan,50,126,3765,5328.6,17,,33,99,4151.04,2970,#,
1003123076,Arzaga,Wendy,Porterville,CA,06,Physician Assistant,NPPES-Specialty,Xifaxan,Rifaximin,19,19,570,66875.15,,,0,0,0,0,#,
1003123076,Arzaga,Wendy,Porterville,CA,06,Physician Assistant,NPPES-Specialty,Xigduo Xr,Dapaglifloz Propaned/Metformin,11,21,630,12454.87,,,11,21,12454.87,630,*,
1003123670,Gasparyan,Srpouhi,Los Angeles,CA,06,Family Practice,Claim-Specialty,Acyclovir,Acyclovir,23,32.3,530,349.33,,,23,32.3,349.33,530,*,
1003123670,Gasparyan,Srpouhi,Los Angeles,CA,06,Family Practice,Claim-Specialty,Adacel Tdap,"Diph,pertuss(Acell),tet Vac/Pf",12,12,12,630,12,,12,12,630,12,,12
1003123670,Gasparyan,Srpouhi,Los Angeles,CA,06,Family Practice,Claim-Specialty,Albuterol Sulfate Hfa,Albuterol Sulfate,23,27.7,817,436.71,14,#,,,,,#,
1003123670,Gasparyan,Srpouhi,Los Angeles,CA,06,Family Practice,Claim-Specialty,Alendronate Sodium,Alendronate Sodium,53,146.9,4403,546.52,19,,53,146.9,546.52,4403,,19
1003123670,Gasparyan,Srpouhi,Los Angeles,CA,06,Family Practice,Claim-Specialty,Amlodipine Besylate,Amlodipine Besylate,159,517.5,15515,1929.54,60,#,,,,,#,
1003123670,Gasparyan,Srpouhi,Los Angeles,CA,06,Family Practice,Claim-Specialty,Atenolol,Atenolol,53,169.5,5090,647.86,20,,53,169.5,647.86,5090,,20
1003123670,Gasparyan,Srpouhi,Los Angeles,CA,06,Family Practice,Claim-Specialty,Atorvastatin Calcium,Atorvastatin Calcium,216,707.3,21240,2763.77,78,#,,,,,#,
1003123670,Gasparyan,Srpouhi,Los Angeles,CA,06,Family Practice,Claim-Specialty,Benazepril Hcl,Benazepril Hcl,11,36.6,1100,237.05,,,11,36.6,237.05,1100,*,
1003123670,Gasparyan,Srpouhi,Los Angeles,CA,06,Family Practice,Claim-Specialty,Bupropion Xl,Bupropion Hcl,14,41.3,1240,399.86,,,14,41.3,399.86,1240,*,
1003123670,Gasparyan,Srpouhi,Los Angeles,CA,06,Family Practice,Claim-Specialty,Carvedilol,Carvedilol,18,59.9,1800,209.88,,,18,59.9,209.88,1800,*,
1003123670,Gasparyan,Srpouhi,Los Angeles,CA,06,Family Practice,Claim-Specialty,Cephalexin,Cephalexin,16,20.7,313,208.28,15,#,,,,,#,
1003123670,Gasparyan,Srpouhi,Los Angeles,CA,06,Family Practice,Claim-Specialty,Ciclopirox,Ciclopirox,16,18.3,530,322.42,,#,,,,,*,
1003123670,Gasparyan,Srpouhi,Los Angeles,CA,06,Family Practice,Claim-Specialty,Clopidogrel,Clopidogrel Bisulfate,16,47.7,1430,295.79,,,16,47.7,295.79,1430,*,
1003123670,Gasparyan,Srpouhi,Los Angeles,CA,06,Family Practice,Claim-Specialty,Colchicine,Colchicine,12,12,358,129.52,,,12,12,129.52,358,*,
1003123670,Gasparyan,Srpouhi,Los Angeles,CA,06,Family Practice,Claim-Specialty,Donepezil Hcl,Donepezil Hcl,19,19.2,575,225.12,,,19,19.2,225.12,575,*,
1003123670,Gasparyan,Srpouhi,Los Angeles,CA,06,Family Practice,Claim-Specialty,Escitalopram Oxalate,Escitalopram Oxalate,18,59.9,1800,228.74,,#,,,,,*,
1003123670,Gasparyan,Srpouhi,Los Angeles,CA,06,Family Practice,Claim-Specialty,Ezetimibe,Ezetimibe,15,33.6,1010,139.03,,,15,33.6,139.03,1010,*,
1003123670,Gasparyan,Srpouhi,Los Angeles,CA,06,Family Practice,Claim-Specialty,Fluticasone Propionate,Fluticasone Propionate,17,24,720,267.82,,#,,,,,*,
1003123670,Gasparyan,Srpouhi,Los Angeles,CA,06,Family Practice,Claim-Specialty,Furosemide,Furosemide,13,40,1200,148.38,,,13,40,148.38,1200,*,
1003123670,Gasparyan,Srpouhi,Los Angeles,CA,06,Family Practice,Claim-Specialty,Gabapentin,Gabapentin,11,36.6,1100,371.87,,*,,,,,*,
1003123670,Gasparyan,Srpouhi,Los Angeles,CA,06,Family Practice,Claim-Specialty,Glipizide,Glipizide,59,179.5,5390,733.23,21,#,,,,,#,
1003123670,Gasparyan,Srpouhi,Los Angeles,CA,06,Family Practice,Claim-Specialty,Humulin N Kwikpen,Insulin Nph Human Isophane,29,66.2,1984,6068.65,,#,,,,,*,
1003123670,Gasparyan,Srpouhi,Los Angeles,CA,06,Family Practice,Claim-Specialty,Humulin R,"Insulin Regular, Human",11,33,989,2098.6,,,11,33,2098.6,989,*,
1003123670,Gasparyan,Srpouhi,Los Angeles,CA,06,Family Practice,Claim-Specialty,Hydrochlorothiazide,Hydrochlorothiazide,64,202.5,6080,722.42,24,#,,,,,#,
1003123670,Gasparyan,Srpouhi,Los Angeles,CA,06,Family Practice,Claim-Specialty,Hydrocodone-Acetaminophen,Hydrocodone/Acetaminophen,15,15,293,249.15,,,15,15,249.15,293,*,
1003123670,Gasparyan,Srpouhi,Los Angeles,CA,06,Family Practice,Claim-Specialty,Ibuprofen,Ibuprofen,25,25.7,395,236.74,,#,,,,,*,
1003123670,Gasparyan,Srpouhi,Los Angeles,CA,06,Family Practice,Claim-Specialty,Jardiance,Empagliflozin,29,91.9,2760,21263.72,,#,,,,,*,
1003123670,Gasparyan,Srpouhi,Los Angeles,CA,06,Family Practice,Claim-Specialty,Levothyroxine Sodium,Levothyroxine Sodium,94,305.1,9159,2119.28,32,,83,268.6,1870.26,8065,#,
1003123670,Gasparyan,Srpouhi,Los Angeles,CA,06,Family Practice,Claim-Specialty,Lisinopril,Lisinopril,139,425.8,12785,1740.85,49,#,,,,,#,
1003123670,Gasparyan,Srpouhi,Los Angeles,CA,06,Family Practice,Claim-Specialty,Lisinopril-Hydrochlorothiazide,Lisinopril/Hydrochlorothiazide,62,197.1,5920,790.94,24,#,,,,,#,
1003123670,Gasparyan,Srpouhi,Los Angeles,CA,06,Family Practice,Claim-Specialty,Losartan Potassium,Losartan Potassium,127,388.3,11660,1464.09,43,#,,,,,#,
1003123670,Gasparyan,Srpouhi,Los Angeles,CA,06,Family Practice,Claim-Specialty,Losartan-Hydrochlorothiazide,Losartan/Hydrochlorothiazide,13,43.3,1300,185.05,,,13,43.3,185.05,1300,*,
1003123670,Gasparyan,Srpouhi,Los Angeles,CA,06,Family Practice,Claim-Specialty,Lovastatin,Lovastatin,16,53.3,1600,200.06,,,16,53.3,200.06,1600,*,
1003123670,Gasparyan,Srpouhi,Los Angeles,CA,06,Family Practice,Claim-Specialty,Meloxicam,Meloxicam,13,13,255,81.37,,,13,13,81.37,255,*,
1003123670,Gasparyan,Srpouhi,Los Angeles,CA,06,Family Practice,Claim-Specialty,Memantine Hcl,Memantine Hcl,12,12.2,364,745.77,,,12,12.2,745.77,364,*,
1003123670,Gasparyan,Srpouhi,Los Angeles,CA,06,Family Practice,Claim-Specialty,Metformin Hcl,Metformin Hcl,92,284.1,8531,1130.08,34,#,,,,,#,
1003123670,Gasparyan,Srpouhi,Los Angeles,CA,06,Family Practice,Claim-Specialty,Metformin Hcl Er,Metformin Hcl,36,103.9,3119,333.29,11,#,,,,,*,
1003123670,Gasparyan,Srpouhi,Los Angeles,CA,06,Family Practice,Claim-Specialty,Metoprolol Tartrate,Metoprolol Tartrate,44,146.5,4400,493.06,18,,44,146.5,493.06,4400,,18
1003123670,Gasparyan,Srpouhi,Los Angeles,CA,06,Family Practice,Claim-Specialty,Montelukast Sodium,Montelukast Sodium,12,36,1080,132,,,12,36,132,1080,*,
1003123670,Gasparyan,Srpouhi,Los Angeles,CA,06,Family Practice,Claim-Specialty,Nano 2nd Gen Pen Needle,"Pen Needle, Diabetic",13,24.3,730,296,,,13,24.3,296,730,*,
1003123670,Gasparyan,Srpouhi,Los Angeles,CA,06,Family Practice,Claim-Specialty,Nystatin,Nystatin,11,11,265,253.79,,,11,11,253.79,265,*,
1003123670,Gasparyan,Srpouhi,Los Angeles,CA,06,Family Practice,Claim-Specialty,Omeprazole,Omeprazole,53,152.9,4590,471.93,19,#,,,,,#,
1003123670,Gasparyan,Srpouhi,Los Angeles,CA,06,Family Practice,Claim-Specialty,Pantoprazole Sodium,Pantoprazole Sodium,27,68.3,2050,356.15,14,#,,,,,#,
1003123670,Gasparyan,Srpouhi,Los Angeles,CA,06,Family Practice,Claim-Specialty,Potassium Chloride,Potassium Chloride,28,91.9,2760,1398.66,13,,28,91.9,1398.66,2760,,13
1003123670,Gasparyan,Srpouhi,Los Angeles,CA,06,Family Practice,Claim-Specialty,Pradaxa,Dabigatran Etexilate Mesylate,24,70,2100,7392.08,,,24,70,7392.08,2100,*,
1003123670,Gasparyan,Srpouhi,Los Angeles,CA,06,Family Practice,Claim-Specialty,Pravastatin Sodium,Pravastatin Sodium,40,133.2,4000,970.12,14,,40,133.2,970.12,4000,,14
1003123670,Gasparyan,Srpouhi,Los Angeles,CA,06,Family Practice,Claim-Specialty,Rizatriptan,Rizatriptan Benzoate,15,23.2,696,179.81,,#,,,,,*,
1003123670,Gasparyan,Srpouhi,Los Angeles,CA,06,Family Practice,Claim-Specialty,Rosuvastatin Calcium,Rosuvastatin Calcium,113,376.3,11300,1452.44,40,#,,,,,#,
1003123670,Gasparyan,Srpouhi,Los Angeles,CA,06,Family Practice,Claim-Specialty,Sertraline Hcl,Sertraline Hcl,23,76.6,2300,371.78,11,,23,76.6,371.78,2300,,11
1003123670,Gasparyan,Srpouhi,Los Angeles,CA,06,Family Practice,Claim-Specialty,Simvastatin,Simvastatin,48,135.4,4063,634.36,15,,48,135.4,634.36,4063,,15
1003123670,Gasparyan,Srpouhi,Los Angeles,CA,06,Family Practice,Claim-Specialty,Spironolactone,Spironolactone,11,36.6,1100,128.37,,,11,36.6,128.37,1100,*,
1003123670,Gasparyan,Srpouhi,Los Angeles,CA,06,Family Practice,Claim-Specialty,Sure Comfort Pen Needle,"Pen Needle, Diabetic",12,26,780,258.04,,*,,,,,*,
1003123670,Gasparyan,Srpouhi,Los Angeles,CA,06,Family Practice,Claim-Specialty,Tamsulosin Hcl,Tamsulosin Hcl,15,50,1500,275.9,,,15,50,275.9,1500,*,
1003123670,Gasparyan,Srpouhi,Los Angeles,CA,06,Family Practice,Claim-Specialty,Terazosin Hcl,Terazosin Hcl,20,66.6,2000,1128.86,,,20,66.6,1128.86,2000,*,
1003123670,Gasparyan,Srpouhi,Los Angeles,CA,06,Family Practice,Claim-Specialty,Trazodone Hcl,Trazodone Hcl,13,33.3,1000,133.69,,,13,33.3,133.69,1000,*,
1003123670,Gasparyan,Srpouhi,Los Angeles,CA,06,Family Practice,Claim-Specialty,Triamcinolone Acetonide,Triamcinolone Acetonide,17,18.5,445,148.79,16,,17,18.5,148.79,445,,16
1003123670,Gasparyan,Srpouhi,Los Angeles,CA,06,Family Practice,Claim-Specialty,Triamterene-Hydrochlorothiazid,Triamterene/Hydrochlorothiazid,18,59.9,1800,153.31,,,18,59.9,153.31,1800,*,
1003123670,Gasparyan,Srpouhi,Los Angeles,CA,06,Family Practice,Claim-Specialty,Verapamil Sr,Verapamil Hcl,13,43.3,1300,2441,,,13,43.3,2441,1300,*,
1003125204,Nguyen,Bryant,Aliso Viejo,CA,06,Dentist,NPPES-Specialty,Cephalexin,Cephalexin,41,41,410,377.85,36,#,,,,,#,
1003125204,Nguyen,Bryant,Aliso Viejo,CA,06,Dentist,NPPES-Specialty,Hydrocodone-Acetaminophen,Hydrocodone/Acetaminophen,27,27,70,125.89,25,#,,,,,#,
1003125204,Nguyen,Bryant,Aliso Viejo,CA,06,Dentist,NPPES-Specialty,Ibuprofen,Ibuprofen,39,39,299,174.86,38,#,,,,,#,
1003126129,Hasselman,Shelley,Lake Arrowhead,CA,06,Nurse Practitioner,Claim-Specialty,Albuterol Sulfate Hfa,Albuterol Sulfate,15,15,254,410.88,13,#,,,,,*,
1003126129,Hasselman,Shelley,Lake Arrowhead,CA,06,Nurse Practitioner,Claim-Specialty,Amoxicillin-Clavulanate Potass,Amoxicillin/Potassium Clav,15,15,141,184.07,14,#,,,,,*,
1003126129,Hasselman,Shelley,Lake Arrowhead,CA,06,Nurse Practitioner,Claim-Specialty,Azithromycin,Azithromycin,29,29,145,117.59,29,#,,,,,#,
1003126129,Hasselman,Shelley,Lake Arrowhead,CA,06,Nurse Practitioner,Claim-Specialty,Cephalexin,Cephalexin,35,35,293,294.01,34,#,,,,,#,
1003126129,Hasselman,Shelley,Lake Arrowhead,CA,06,Nurse Practitioner,Claim-Specialty,Fluconazole,Fluconazole,11,11,59,44.36,11,*,,,,,*,
1003126129,Hasselman,Shelley,Lake Arrowhead,CA,06,Nurse Practitioner,Claim-Specialty,Ibuprofen,Ibuprofen,19,19,215,79.75,19,#,,,,,#,
1003126129,Hasselman,Shelley,Lake Arrowhead,CA,06,Nurse Practitioner,Claim-Specialty,Naproxen,Naproxen,16,16,265,80.5,16,#,,,,,#,
1003126129,Hasselman,Shelley,Lake Arrowhead,CA,06,Nurse Practitioner,Claim-Specialty,Prednisone,Prednisone,12,12,59,29.08,12,*,,,,,*,
1003127242,Grover,Casey,Monterey,CA,06,Emergency Medicine,Claim-Specialty,Ciprofloxacin Hcl,Ciprofloxacin Hcl,12,12,88,124.27,12,,12,12,124.27,88,,12
1003127242,Grover,Casey,Monterey,CA,06,Emergency Medicine,Claim-Specialty,Diclofenac Sodium,Diclofenac Sodium,16,16,236,359.71,16,#,,,,,#,
1003127242,Grover,Casey,Monterey,CA,06,Emergency Medicine,Claim-Specialty,Gabapentin,Gabapentin,12,12,170,128.42,11,*,,,,,*,
1003127242,Grover,Casey,Monterey,CA,06,Emergency Medicine,Claim-Specialty,Hydrocodone-Acetaminophen,Hydrocodone/Acetaminophen,14,14,58,42.83,14,#,,,,,#,
1003127242,Grover,Casey,Monterey,CA,06,Emergency Medicine,Claim-Specialty,Ibuprofen,Ibuprofen,15,15,81,35.81,15,#,,,,,#,
1003127242,Grover,Casey,Monterey,CA,06,Emergency Medicine,Claim-Specialty,Methadone Hcl,Methadone Hcl,11,11,314,79.37,,,0,0,0,0,#,
1003127242,Grover,Casey,Monterey,CA,06,Emergency Medicine,Claim-Specialty,Ondansetron Odt,Ondansetron,17,17,118,166.44,17,#,,,,,#,
1003127275,Kum,Seon,Palmdale,CA,06,Psychiatry,Claim-Specialty,Abilify Maintena,Aripiprazole,12,12,336,33964.05,,,0,0,0,0,#,
1003127275,Kum,Seon,Palmdale,CA,06,Psychiatry,Claim-Specialty,Aripiprazole,Aripiprazole,120,143.3,4267,22933.83,17,,33,47,11592.55,1410,*,
1003127275,Kum,Seon,Palmdale,CA,06,Psychiatry,Claim-Specialty,Benztropine Mesylate,Benztropine Mesylate,132,163.3,4896,2152.34,21,,23,23,403.86,690,*,
1003127275,Kum,Seon,Palmdale,CA,06,Psychiatry,Claim-Specialty,Bupropion Hcl,Bupropion Hcl,22,22,660,486.95,,*,,,,,*,
1003127275,Kum,Seon,Palmdale,CA,06,Psychiatry,Claim-Specialty,Bupropion Xl,Bupropion Hcl,67,90,2700,2400.83,,,45,65,1490.21,1950,*,
1003127275,Kum,Seon,Palmdale,CA,06,Psychiatry,Claim-Specialty,Buspirone Hcl,Buspirone Hcl,45,46,1380,881.02,,,13,14,230.41,420,*,
1003127275,Kum,Seon,Palmdale,CA,06,Psychiatry,Claim-Specialty,Carbamazepine,Carbamazepine,11,11.3,340,255.51,,,11,11.3,255.51,340,*,
1003127275,Kum,Seon,Palmdale,CA,06,Psychiatry,Claim-Specialty,Clonazepam,Clonazepam,13,13,370,216,,*,,,,,*,
1003127275,Kum,Seon,Palmdale,CA,06,Psychiatry,Claim-Specialty,Divalproex Sodium,Divalproex Sodium,46,56.3,1683,1984.1,,,0,0,0,0,#,
1003127275,Kum,Seon,Palmdale,CA,06,Psychiatry,Claim-Specialty,Divalproex Sodium Er,Divalproex Sodium,18,28.1,841,2419.84,,,0,0,0,0,#,
1003127275,Kum,Seon,Palmdale,CA,06,Psychiatry,Claim-Specialty,Donepezil Hcl,Donepezil Hcl,12,12,358,76.23,,,0,0,0,0,#,
1003127275,Kum,Seon,Palmdale,CA,06,Psychiatry,Claim-Specialty,Duloxetine Hcl,Duloxetine Hcl,71,75.7,2270,6171.06,,,20,20,2213,600,*,
1003127275,Kum,Seon,Palmdale,CA,06,Psychiatry,Claim-Specialty,Escitalopram Oxalate,Escitalopram Oxalate,48,52,1560,514.72,,*,,,,,*,
1003127275,Kum,Seon,Palmdale,CA,06,Psychiatry,Claim-Specialty,Fanapt,Iloperidone,16,23,690,39844.27,,*,,,,,*,
1003127275,Kum,Seon,Palmdale,CA,06,Psychiatry,Claim-Specialty,Fluoxetine Hcl,Fluoxetine Hcl,95,118,3540,2320.93,11,,43,51,792.67,1530,*,
1003127275,Kum,Seon,Palmdale,CA,06,Psychiatry,Claim-Specialty,Gabapentin,Gabapentin,37,43.4,1298,477.53,,,0,0,0,0,#,
1003127275,Kum,Seon,Palmdale,CA,06,Psychiatry,Claim-Specialty,Haloperidol,Haloperidol,74,75,2241,2590.77,11,,0,0,0,0,,0
1003127275,Kum,Seon,Palmdale,CA,06,Psychiatry,Claim-Specialty,Haloperidol Decanoate,Haloperidol Decanoate,41,41,1148,1711.94,,,12,12,414.65,336,*,
1003127275,Kum,Seon,Palmdale,CA,06,Psychiatry,Claim-Specialty,Hydroxyzine Hcl,Hydroxyzine Hcl,80,82,2460,1929.25,14,,29,29,733.26,870,*,
1003127275,Kum,Seon,Palmdale,CA,06,Psychiatry,Claim-Specialty,Hydroxyzine Pamoate,Hydroxyzine Pamoate,44,47.5,1425,450.55,,,13,15,98.25,450,*,
1003127275,Kum,Seon,Palmdale,CA,06,Psychiatry,Claim-Specialty,Lamotrigine,Lamotrigine,24,31,930,602.14,,*,,,,,*,
1003127275,Kum,Seon,Palmdale,CA,06,Psychiatry,Claim-Specialty,Loxapine,Loxapine Succinate,18,18,540,1521.88,,*,,,,,*,
1003127275,Kum,Seon,Palmdale,CA,06,Psychiatry,Claim-Specialty,Lurasidone Hcl,Lurasidone Hcl,28,30,900,26125.04,,*,,,,,*,
1003127275,Kum,Seon,Palmdale,CA,06,Psychiatry,Claim-Specialty,Mirtazapine,Mirtazapine,86,93,2783,1561.56,12,,29,32,579.89,960,*,
1003127275,Kum,Seon,Palmdale,CA,06,Psychiatry,Claim-Specialty,Naloxone Hcl,Naloxone Hcl,17,17,251,1562.17,,,0,0,0,0,#,
1003127275,Kum,Seon,Palmdale,CA,06,Psychiatry,Claim-Specialty,Olanzapine,Olanzapine,89,98.4,2905,4695.57,11,,19,26,511.3,780,*,
1003127275,Kum,Seon,Palmdale,CA,06,Psychiatry,Claim-Specialty,Oxcarbazepine,Oxcarbazepine,18,18,470,878.08,,*,,,,,*,
1003127275,Kum,Seon,Palmdale,CA,06,Psychiatry,Claim-Specialty,Paroxetine Hcl,Paroxetine Hcl,60,70,2100,803.21,,*,,,,,*,
1003127275,Kum,Seon,Palmdale,CA,06,Psychiatry,Claim-Specialty,Quetiapine Fumarate,Quetiapine Fumarate,95,111.1,3332,3655.95,13,,22,33,382.3,990,*,
1003127275,Kum,Seon,Palmdale,CA,06,Psychiatry,Claim-Specialty,Risperidone,Risperidone,71,87.9,2634,2033.04,12,,12,19,350.68,570,*,
1003127275,Kum,Seon,Palmdale,CA,06,Psychiatry,Claim-Specialty,Saphris,Asenapine Maleate,12,12,345,14507.82,,,0,0,0,0,#,
1003127275,Kum,Seon,Palmdale,CA,06,Psychiatry,Claim-Specialty,Sertraline Hcl,Sertraline Hcl,144,177.2,5314,2030.89,23,,76,104,1111.13,3120,#,
1003127275,Kum,Seon,Palmdale,CA,06,Psychiatry,Claim-Specialty,Trazodone Hcl,Trazodone Hcl,252,288.2,8582,5086.29,34,,75,95,2260.73,2850,*,
1003127275,Kum,Seon,Palmdale,CA,06,Psychiatry,Claim-Specialty,Trifluoperazine Hcl,Trifluoperazine Hcl,11,11,330,518.48,,,11,11,518.48,330,*,
1003127275,Kum,Seon,Palmdale,CA,06,Psychiatry,Claim-Specialty,Valproic Acid,Valproic Acid,12,12.2,365,671.6,,,0,0,0,0,#,
1003127275,Kum,Seon,Palmdale,CA,06,Psychiatry,Claim-Specialty,Venlafaxine Hcl Er,Venlafaxine Hcl,99,106,3180,1308.82,,,30,30,268.52,900,*,
1003127275,Kum,Seon,Palmdale,CA,06,Psychiatry,Claim-Specialty,Vraylar,Cariprazine Hcl,11,11.2,337,15999.14,,,0,0,0,0,#,
1003127275,Kum,Seon,Palmdale,CA,06,Psychiatry,Claim-Specialty,Ziprasidone Hcl,Ziprasidone Hcl,32,32,960,1297.64,,,14,14,374.6,420,*,
1003127846,Lai,Yu Kuang,Stanford,CA,06,Internal Medicine,Claim-Specialty,Anoro Ellipta,Umeclidinium Brm/Vilanterol Tr,26,26,780,13075.24,,,26,26,13075.24,780,*,
1003127846,Lai,Yu Kuang,Stanford,CA,06,Internal Medicine,Claim-Specialty,Breo Ellipta,Fluticasone/Vilanterol,19,21,630,8658.8,,*,,,,,*,
1003127846,Lai,Yu Kuang,Stanford,CA,06,Internal Medicine,Claim-Specialty,Eliquis,Apixaban,12,12,360,6571.8,,,12,12,6571.8,360,*,
1003127846,Lai,Yu Kuang,Stanford,CA,06,Internal Medicine,Claim-Specialty,Fluticasone-Salmeterol,Fluticasone Propion/Salmeterol,13,15,450,1695.37,,,13,15,1695.37,450,*,
1003127846,Lai,Yu Kuang,Stanford,CA,06,Internal Medicine,Claim-Specialty,Montelukast Sodium,Montelukast Sodium,26,40,1200,406.06,,#,,,,,*,
1003127846,Lai,Yu Kuang,Stanford,CA,06,Internal Medicine,Claim-Specialty,Omeprazole,Omeprazole,11,11,240,146.99,,,11,11,146.99,240,*,
1003127846,Lai,Yu Kuang,Stanford,CA,06,Internal Medicine,Claim-Specialty,Opsumit,Macitentan,35,35,1050,426679.34,,,22,22,273794.25,660,*,
1003127846,Lai,Yu Kuang,Stanford,CA,06,Internal Medicine,Claim-Specialty,Prednisone,Prednisone,13,15.5,420,165.66,,#,,,,,*,
1003127846,Lai,Yu Kuang,Stanford,CA,06,Internal Medicine,Claim-Specialty,Sildenafil Citrate,Sildenafil Citrate,23,25,749,6867,,,12,12,1704.34,360,*,
1003127846,Lai,Yu Kuang,Stanford,CA,06,Internal Medicine,Claim-Specialty,Symbicort,Budesonide/Formoterol Fumarate,12,15,450,4748.06,,#,,,,,*,
1003127846,Lai,Yu Kuang,Stanford,CA,06,Internal Medicine,Claim-Specialty,Trelegy Ellipta,Fluticasone/Umeclidin/Vilanter,33,50,1500,31832.23,,,33,50,31832.23,1500,*,
1003127846,Lai,Yu Kuang,Stanford,CA,06,Internal Medicine,Claim-Specialty,Tyvaso Dpi,Treprostinil,15,15,420,348987.33,,,15,15,348987.33,420,*,
1003127986,Worku,Assefa,San Jose,CA,06,Internal Medicine,Claim-Specialty,Acetaminophen-Codeine,Acetaminophen With Codeine,30,30,222,385.34,11,,30,30,385.34,222,,11
1003127986,Worku,Assefa,San Jose,CA,06,Internal Medicine,Claim-Specialty,Acyclovir,Acyclovir,16,18,226,253.31,,,16,18,253.31,226,*,
1003127986,Worku,Assefa,San Jose,CA,06,Internal Medicine,Claim-Specialty,Albuterol Sulfate Hfa,Albuterol Sulfate,108,109.4,3223,1861.81,63,#,,,,,#,
1003127986,Worku,Assefa,San Jose,CA,06,Internal Medicine,Claim-Specialty,Alendronate Sodium,Alendronate Sodium,41,113.7,3407,423.64,15,,41,113.7,423.64,3407,,15
1003127986,Worku,Assefa,San Jose,CA,06,Internal Medicine,Claim-Specialty,Allopurinol,Allopurinol,65,201.5,6050,824.22,26,#,,,,,#,
1003127986,Worku,Assefa,San Jose,CA,06,Internal Medicine,Claim-Specialty,Alvesco,Ciclesonide,54,97,2910,8113.82,22,#,,,,,#,
1003127986,Worku,Assefa,San Jose,CA,06,Internal Medicine,Claim-Specialty,Amlodipine Besylate,Amlodipine Besylate,329,967.1,28352,3931.86,103,,308,897.2,3620.07,26252,#,
1003127986,Worku,Assefa,San Jose,CA,06,Internal Medicine,Claim-Specialty,Amoxicillin,Amoxicillin,18,18,146,186.14,17,#,,,,,#,
1003127986,Worku,Assefa,San Jose,CA,06,Internal Medicine,Claim-Specialty,Atenolol,Atenolol,133,405.6,12178,1735.81,43,#,,,,,#,
1003127986,Worku,Assefa,San Jose,CA,06,Internal Medicine,Claim-Specialty,Atorvastatin Calcium,Atorvastatin Calcium,423,1319.4,39600,5961.36,147,,410,1276.8,5735.52,38320,#,
1003127986,Worku,Assefa,San Jose,CA,06,Internal Medicine,Claim-Specialty,Azelastine Hcl,Azelastine Hcl,25,25.7,685,422,11,,25,25.7,422,685,,11
1003127986,Worku,Assefa,San Jose,CA,06,Internal Medicine,Claim-Specialty,Azithromycin,Azithromycin,11,11,57,74.88,,,11,11,74.88,57,*,
1003127986,Worku,Assefa,San Jose,CA,06,Internal Medicine,Claim-Specialty,Baclofen,Baclofen,23,32.5,844,324.02,,,12,21.5,167.22,514,*,
1003127986,Worku,Assefa,San Jose,CA,06,Internal Medicine,Claim-Specialty,Carvedilol,Carvedilol,14,44.3,1314,157.74,,,14,44.3,157.74,1314,*,
1003127986,Worku,Assefa,San Jose,CA,06,Internal Medicine,Claim-Specialty,Cefadroxil,Cefadroxil,13,13,72,160.31,13,#,,,,,#,
1003127986,Worku,Assefa,San Jose,CA,06,Internal Medicine,Claim-Specialty,Chlorthalidone,Chlorthalidone,17,52.7,1582,252.23,,,17,52.7,252.23,1582,*,
1003127986,Worku,Assefa,San Jose,CA,06,Internal Medicine,Claim-Specialty,Clonazepam,Clonazepam,12,12,297,82.58,,,12,12,82.58,297,*,
1003127986,Worku,Assefa,San Jose,CA,06,Internal Medicine,Claim-Specialty,Clopidogrel,Clopidogrel Bisulfate,25,62.3,1870,405.73,,,25,62.3,405.73,1870,*,
1003127986,Worku,Assefa,San Jose,CA,06,Internal Medicine,Claim-Specialty,Colchicine,Colchicine,21,27.2,707,348.88,,#,,,,,*,
1003127986,Worku,Assefa,San Jose,CA,06,Internal Medicine,Claim-Specialty,Cyclobenzaprine Hcl,Cyclobenzaprine Hcl,13,13,130,82.03,,,13,13,82.03,130,*,
1003127986,Worku,Assefa,San Jose,CA,06,Internal Medicine,Claim-Specialty,Diclofenac Sodium,Diclofenac Sodium,34,34,828,1199.27,25,#,,,,,#,
1003127986,Worku,Assefa,San Jose,CA,06,Internal Medicine,Claim-Specialty,Doxycycline Monohydrate,Doxycycline Monohydrate,13,13.5,194,196.72,,#,,,,,*,
1003127986,Worku,Assefa,San Jose,CA,06,Internal Medicine,Claim-Specialty,Duloxetine Hcl,Duloxetine Hcl,11,29.6,890,191.61,,,11,29.6,191.61,890,*,
1003127986,Worku,Assefa,San Jose,CA,06,Internal Medicine,Claim-Specialty,Famotidine,Famotidine,78,192.9,5775,993.36,33,#,,,,,#,
1003127986,Worku,Assefa,San Jose,CA,06,Internal Medicine,Claim-Specialty,Finasteride,Finasteride,32,93.8,2815,473.38,,,32,93.8,473.38,2815,*,
1003127986,Worku,Assefa,San Jose,CA,06,Internal Medicine,Claim-Specialty,Fluocinonide,Fluocinonide,17,17,472,509.27,,#,,,,,*,
1003127986,Worku,Assefa,San Jose,CA,06,Internal Medicine,Claim-Specialty,Fluoxetine Hcl,Fluoxetine Hcl,18,53,1590,341.45,,#,,,,,*,
1003127986,Worku,Assefa,San Jose,CA,06,Internal Medicine,Claim-Specialty,Fluticasone Propionate,Fluticasone Propionate,183,192,5755,2460.66,91,#,,,,,#,
1003127986,Worku,Assefa,San Jose,CA,06,Internal Medicine,Claim-Specialty,Furosemide,Furosemide,45,111.9,3333,538.85,19,,45,111.9,538.85,3333,,19
1003127986,Worku,Assefa,San Jose,CA,06,Internal Medicine,Claim-Specialty,Gabapentin,Gabapentin,89,152.4,4164,2255.86,37,#,,,,,#,
1003127986,Worku,Assefa,San Jose,CA,06,Internal Medicine,Claim-Specialty,Glipizide,Glipizide,56,166.2,4944,607.38,19,#,,,,,#,
1003127986,Worku,Assefa,San Jose,CA,06,Internal Medicine,Claim-Specialty,Glipizide Er,Glipizide,20,66.6,2000,461.68,,#,,,,,*,
1003127986,Worku,Assefa,San Jose,CA,06,Internal Medicine,Claim-Specialty,Humulin N,Insulin Nph Human Isophane,15,45,1350,2765.74,,,15,45,2765.74,1350,*,
1003127986,Worku,Assefa,San Jose,CA,06,Internal Medicine,Claim-Specialty,Hydralazine Hcl,Hydralazine Hcl,28,87,2607,691.18,12,,28,87,691.18,2607,,12
1003127986,Worku,Assefa,San Jose,CA,06,Internal Medicine,Claim-Specialty,Hydrochlorothiazide,Hydrochlorothiazide,78,259.7,7800,886.95,28,#,,,,,#,
1003127986,Worku,Assefa,San Jose,CA,06,Internal Medicine,Claim-Specialty,Hydrocodone-Acetaminophen,Hydrocodone/Acetaminophen,20,20,216,201.64,,,20,20,201.64,216,*,
1003127986,Worku,Assefa,San Jose,CA,06,Internal Medicine,Claim-Specialty,Hydrocortisone,Hydrocortisone,26,26,541,288.58,13,#,,,,,#,
1003127986,Worku,Assefa,San Jose,CA,06,Internal Medicine,Claim-Specialty,Ibuprofen,Ibuprofen,57,57.6,707,484.85,26,,46,46.6,400.85,618,#,
1003127986,Worku,Assefa,San Jose,CA,06,Internal Medicine,Claim-Specialty,Isosorbide Mononitrate Er,Isosorbide Mononitrate,29,69,2039,420.67,,,29,69,420.67,2039,*,
1003127986,Worku,Assefa,San Jose,CA,06,Internal Medicine,Claim-Specialty,Jardiance,Empagliflozin,11,26,728,5579.2,,,11,26,5579.2,728,*,
1003127986,Worku,Assefa,San Jose,CA,06,Internal Medicine,Claim-Specialty,Levothyroxine Sodium,Levothyroxine Sodium,138,400.7,12009,3093.38,45,#,,,,,#,
1003127986,Worku,Assefa,San Jose,CA,06,Internal Medicine,Claim-Specialty,Lisinopril,Lisinopril,245,692.7,19985,2733.77,77,#,,,,,#,
1003127986,Worku,Assefa,San Jose,CA,06,Internal Medicine,Claim-Specialty,Lisinopril-Hydrochlorothiazide,Lisinopril/Hydrochlorothiazide,100,310.4,9300,1229.68,31,,100,310.4,1229.68,9300,,31
1003127986,Worku,Assefa,San Jose,CA,06,Internal Medicine,Claim-Specialty,Lorazepam,Lorazepam,21,21,428,148.58,,,21,21,148.58,428,*,
1003127986,Worku,Assefa,San Jose,CA,06,Internal Medicine,Claim-Specialty,Losartan Potassium,Losartan Potassium,117,368.8,11063,1640.99,41,#,,,,,#,
1003127986,Worku,Assefa,San Jose,CA,06,Internal Medicine,Claim-Specialty,Losartan-Hydrochlorothiazide,Losartan/Hydrochlorothiazide,28,93.2,2800,313.44,11,,28,93.2,313.44,2800,,11
1003127986,Worku,Assefa,San Jose,CA,06,Internal Medicine,Claim-Specialty,Lovastatin,Lovastatin,23,76.6,2300,288.42,,,23,76.6,288.42,2300,*,
1003127986,Worku,Assefa,San Jose,CA,06,Internal Medicine,Claim-Specialty,Meloxicam,Meloxicam,29,33.7,944,206.3,17,#,,,,,#,
1003127986,Worku,Assefa,San Jose,CA,06,Internal Medicine,Claim-Specialty,Metformin Hcl,Metformin Hcl,129,374.5,11214,1500.92,44,#,,,,,#,
1003127986,Worku,Assefa,San Jose,CA,06,Internal Medicine,Claim-Specialty,Metformin Hcl Er,Metformin Hcl,41,133.6,4010,411.57,17,#,,,,,#,
1003127986,Worku,Assefa,San Jose,CA,06,Internal Medicine,Claim-Specialty,Metoprolol Succinate,Metoprolol Succinate,64,185.6,5550,1291.61,25,#,,,,,#,
1003127986,Worku,Assefa,San Jose,CA,06,Internal Medicine,Claim-Specialty,Metoprolol Tartrate,Metoprolol Tartrate,136,372.8,11025,1338.08,45,#,,,,,#,
1003127986,Worku,Assefa,San Jose,CA,06,Internal Medicine,Claim-Specialty,Mirtazapine,Mirtazapine,13,27.1,813,243.99,,,13,27.1,243.99,813,*,
1003127986,Worku,Assefa,San Jose,CA,06,Internal Medicine,Claim-Specialty,Montelukast Sodium,Montelukast Sodium,18,58.3,1750,206.71,,,18,58.3,206.71,1750,*,
1003127986,Worku,Assefa,San Jose,CA,06,Internal Medicine,Claim-Specialty,Nabumetone,Nabumetone,13,13,210,186.24,,,13,13,186.24,210,*,
1003127986,Worku,Assefa,San Jose,CA,06,Internal Medicine,Claim-Specialty,Naproxen,Naproxen,11,11,330,170.76,,*,,,,,*,
1003127986,Worku,Assefa,San Jose,CA,06,Internal Medicine,Claim-Specialty,Nitroglycerin,Nitroglycerin,11,15.8,473,247.27,,,11,15.8,247.27,473,*,
1003127986,Worku,Assefa,San Jose,CA,06,Internal Medicine,Claim-Specialty,Nortriptyline Hcl,Nortriptyline Hcl,13,29.6,888,437.06,,*,,,,,*,
1003127986,Worku,Assefa,San Jose,CA,06,Internal Medicine,Claim-Specialty,Omeprazole,Omeprazole,85,174,5188,815.6,29,#,,,,,#,
1003127986,Worku,Assefa,San Jose,CA,06,Internal Medicine,Claim-Specialty,Oxycodone-Acetaminophen,Oxycodone Hcl/Acetaminophen,18,18,425,260.67,,,18,18,260.67,425,*,
1003127986,Worku,Assefa,San Jose,CA,06,Internal Medicine,Claim-Specialty,Pantoprazole Sodium,Pantoprazole Sodium,39,64.2,1925,371.3,11,,39,64.2,371.3,1925,,11
1003127986,Worku,Assefa,San Jose,CA,06,Internal Medicine,Claim-Specialty,Paxlovid (Eua),Nirmatrelvir/Ritonavir,20,20,100,333.5,20,,20,20,333.5,100,,20
1003127986,Worku,Assefa,San Jose,CA,06,Internal Medicine,Claim-Specialty,Pioglitazone Hcl,Pioglitazone Hcl,17,56.6,1700,268.03,,,17,56.6,268.03,1700,*,
1003127986,Worku,Assefa,San Jose,CA,06,Internal Medicine,Claim-Specialty,Potassium Chloride,Potassium Chloride,41,66,1900,919.69,,,41,66,919.69,1900,*,
1003127986,Worku,Assefa,San Jose,CA,06,Internal Medicine,Claim-Specialty,Pradaxa,Dabigatran Etexilate Mesylate,23,55,1650,6784.67,11,,23,55,6784.67,1650,,11
1003127986,Worku,Assefa,San Jose,CA,06,Internal Medicine,Claim-Specialty,Pramipexole Dihydrochloride,Pramipexole Di-Hcl,12,20,600,127.89,,,12,20,127.89,600,*,
1003127986,Worku,Assefa,San Jose,CA,06,Internal Medicine,Claim-Specialty,Prednisone,Prednisone,26,28.3,434,273.41,23,#,,,,,#,
1003127986,Worku,Assefa,San Jose,CA,06,Internal Medicine,Claim-Specialty,Pregabalin,Pregabalin,26,44,1320,700.82,,#,,,,,*,
1003127986,Worku,Assefa,San Jose,CA,06,Internal Medicine,Claim-Specialty,Propranolol Hcl,Propranolol Hcl,21,67.6,2030,938.32,,,21,67.6,938.32,2030,*,
1003127986,Worku,Assefa,San Jose,CA,06,Internal Medicine,Claim-Specialty,Quetiapine Fumarate,Quetiapine Fumarate,21,23.3,627,311.15,,#,,,,,*,
1003127986,Worku,Assefa,San Jose,CA,06,Internal Medicine,Claim-Specialty,Raloxifene Hcl,Raloxifene Hcl,16,27.7,816,960.66,,,16,27.7,960.66,816,*,
1003127986,Worku,Assefa,San Jose,CA,06,Internal Medicine,Claim-Specialty,Rosuvastatin Calcium,Rosuvastatin Calcium,24,67.9,2040,256.06,,,24,67.9,256.06,2040,*,
1003127986,Worku,Assefa,San Jose,CA,06,Internal Medicine,Claim-Specialty,Sertraline Hcl,Sertraline Hcl,22,56.1,1683,280.24,,#,,,,,*,
1003127986,Worku,Assefa,San Jose,CA,06,Internal Medicine,Claim-Specialty,Simvastatin,Simvastatin,115,372.3,11180,1343.39,40,#,,,,,#,
1003127986,Worku,Assefa,San Jose,CA,06,Internal Medicine,Claim-Specialty,Spiriva Respimat,Tiotropium Bromide,47,119,3568,33930.84,17,,47,119,33930.84,3568,,17
1003127986,Worku,Assefa,San Jose,CA,06,Internal Medicine,Claim-Specialty,Spironolactone,Spironolactone,15,36,1080,171.56,,,15,36,171.56,1080,*,
1003127986,Worku,Assefa,San Jose,CA,06,Internal Medicine,Claim-Specialty,Sulfamethoxazole-Trimethoprim,Sulfamethoxazole/Trimethoprim,16,16,114,103.14,14,#,,,,,#,
1003127986,Worku,Assefa,San Jose,CA,06,Internal Medicine,Claim-Specialty,Sumatriptan Succinate,Sumatriptan Succinate,13,23,690,153.96,,,13,23,153.96,690,*,
1003127986,Worku,Assefa,San Jose,CA,06,Internal Medicine,Claim-Specialty,Tamsulosin Hcl,Tamsulosin Hcl,80,214.8,6405,1299.99,36,,80,214.8,1299.99,6405,,36
1003127986,Worku,Assefa,San Jose,CA,06,Internal Medicine,Claim-Specialty,Terazosin Hcl,Terazosin Hcl,100,205.6,5734,5625.75,31,,100,205.6,5625.75,5734,,31
1003127986,Worku,Assefa,San Jose,CA,06,Internal Medicine,Claim-Specialty,Tizanidine Hcl,Tizanidine Hcl,38,40.3,605,476.5,25,,38,40.3,476.5,605,,25
1003127986,Worku,Assefa,San Jose,CA,06,Internal Medicine,Claim-Specialty,Tramadol Hcl,Tramadol Hcl,13,13,338,117.27,,,13,13,117.27,338,*,
1003127986,Worku,Assefa,San Jose,CA,06,Internal Medicine,Claim-Specialty,Trazodone Hcl,Trazodone Hcl,44,88.3,2576,446.95,16,,44,88.3,446.95,2576,,16
1003127986,Worku,Assefa,San Jose,CA,06,Internal Medicine,Claim-Specialty,Triamcinolone Acetonide,Triamcinolone Acetonide,39,39,1125,464.09,23,#,,,,,#,
1003127986,Worku,Assefa,San Jose,CA,06,Internal Medicine,Claim-Specialty,Ultra-Fine Nano Pen Needle,"Pen Needle, Diabetic",11,25,750,366.85,,,11,25,366.85,750,*,
1003127986,Worku,Assefa,San Jose,CA,06,Internal Medicine,Claim-Specialty,Veo Insulin Syringe,"Syringe-Needle,insulin,0.5 Ml",13,41,1225,289.55,,,13,41,289.55,1225,*,
1003127986,Worku,Assefa,San Jose,CA,06,Internal Medicine,Claim-Specialty,Warfarin Sodium,Warfarin Sodium,17,38.3,1150,241.76,,,17,38.3,241.76,1150,*,
1003127986,Worku,Assefa,San Jose,CA,06,Internal Medicine,Claim-Specialty,Wixela Inhub,Fluticasone Propion/Salmeterol,42,108,3240,11263.98,18,,42,108,11263.98,3240,,18
1003127986,Worku,Assefa,San Jose,CA,06,Internal Medicine,Claim-Specialty,Zenpep,Lipase/Protease/Amylase,12,12.1,308,20876.82,,,12,12.1,20876.82,308,*,
1003129842,Cao,Michelle,La Mesa,CA,06,Family Practice,Claim-Specialty,Albuterol Sulfate Hfa,Albuterol Sulfate,21,21,481,484.79,,,21,21,484.79,481,*,
1003129842,Cao,Michelle,La Mesa,CA,06,Family Practice,Claim-Specialty,Alendronate Sodium,Alendronate Sodium,16,34,991,291.08,,,16,34,291.08,991,*,
1003129842,Cao,Michelle,La Mesa,CA,06,Family Practice,Claim-Specialty,Alprazolam,Alprazolam,15,15,250,26.2,,*,,,,,*,
1003129842,Cao,Michelle,La Mesa,CA,06,Family Practice,Claim-Specialty,Amlodipine Besylate,Amlodipine Besylate,53,149.5,4486,552.73,24,,53,149.5,552.73,4486,,24
1003129842,Cao,Michelle,La Mesa,CA,06,Family Practice,Claim-Specialty,Atenolol,Atenolol,11,27,810,97.42,,,11,27,97.42,810,*,
1003129842,Cao,Michelle,La Mesa,CA,06,Family Practice,Claim-Specialty,Atorvastatin Calcium,Atorvastatin Calcium,68,202.6,6080,887.04,29,#,,,,,#,
1003129842,Cao,Michelle,La Mesa,CA,06,Family Practice,Claim-Specialty,Bupropion Xl,Bupropion Hcl,12,28,840,390.71,,,12,28,390.71,840,*,
1003129842,Cao,Michelle,La Mesa,CA,06,Family Practice,Claim-Specialty,Cephalexin,Cephalexin,14,14,175,129.82,,*,,,,,*,
1003129842,Cao,Michelle,La Mesa,CA,06,Family Practice,Claim-Specialty,Eliquis,Apixaban,25,49,1470,29275.05,,#,,,,,*,
1003129842,Cao,Michelle,La Mesa,CA,06,Family Practice,Claim-Specialty,Ezetimibe,Ezetimibe,22,60.2,1806,1312.64,,,22,60.2,1312.64,1806,*,
1003129842,Cao,Michelle,La Mesa,CA,06,Family Practice,Claim-Specialty,Furosemide,Furosemide,22,31.6,728,69.45,,#,,,,,*,
1003129842,Cao,Michelle,La Mesa,CA,06,Family Practice,Claim-Specialty,Gabapentin,Gabapentin,33,59,1693,595.22,17,#,,,,,#,
1003129842,Cao,Michelle,La Mesa,CA,06,Family Practice,Claim-Specialty,Hydralazine Hcl,Hydralazine Hcl,13,31.7,950,376.69,,*,,,,,*,
1003129842,Cao,Michelle,La Mesa,CA,06,Family Practice,Claim-Specialty,Hydrochlorothiazide,Hydrochlorothiazide,28,80,2398,115.01,11,,28,80,115.01,2398,,11
1003129842,Cao,Michelle,La Mesa,CA,06,Family Practice,Claim-Specialty,Hydrocodone-Acetaminophen,Hydrocodone/Acetaminophen,17,17,294,306.7,12,#,,,,,#,
1003129842,Cao,Michelle,La Mesa,CA,06,Family Practice,Claim-Specialty,Hydroxyzine Hcl,Hydroxyzine Hcl,16,16,400,462.46,,*,,,,,*,
1003129842,Cao,Michelle,La Mesa,CA,06,Family Practice,Claim-Specialty,Ibuprofen,Ibuprofen,11,21.5,645,196.5,,*,,,,,*,
1003129842,Cao,Michelle,La Mesa,CA,06,Family Practice,Claim-Specialty,Levothyroxine Sodium,Levothyroxine Sodium,34,100,3000,745.6,19,#,,,,,#,
1003129842,Cao,Michelle,La Mesa,CA,06,Family Practice,Claim-Specialty,Lisinopril,Lisinopril,41,116.8,3503,523.57,20,,41,116.8,523.57,3503,,20
1003129842,Cao,Michelle,La Mesa,CA,06,Family Practice,Claim-Specialty,Lorazepam,Lorazepam,17,17,393,206.67,,,17,17,206.67,393,*,
1003129842,Cao,Michelle,La Mesa,CA,06,Family Practice,Claim-Specialty,Losartan Potassium,Losartan Potassium,61,153.7,4588,994.54,21,,48,134.7,960.63,4018,#,
1003129842,Cao,Michelle,La Mesa,CA,06,Family Practice,Claim-Specialty,Metformin Hcl,Metformin Hcl,44,106,3166,481.19,14,,22,67.3,309,2020,*,
1003129842,Cao,Michelle,La Mesa,CA,06,Family Practice,Claim-Specialty,Metformin Hcl Er,Metformin Hcl,33,93,2790,559.47,15,#,,,,,#,
1003129842,Cao,Michelle,La Mesa,CA,06,Family Practice,Claim-Specialty,Metoprolol Succinate,Metoprolol Succinate,26,77.7,2330,449.45,11,,26,77.7,449.45,2330,,11
1003129842,Cao,Michelle,La Mesa,CA,06,Family Practice,Claim-Specialty,Metoprolol Tartrate,Metoprolol Tartrate,23,53,1590,163.55,,#,,,,,*,
1003129842,Cao,Michelle,La Mesa,CA,06,Family Practice,Claim-Specialty,Mounjaro,Tirzepatide,24,32.1,924,36001.17,,*,,,,,*,
1003129842,Cao,Michelle,La Mesa,CA,06,Family Practice,Claim-Specialty,Naltrexone Hcl,Naltrexone Hcl,22,28,840,777.01,,,22,28,777.01,840,*,
1003129842,Cao,Michelle,La Mesa,CA,06,Family Practice,Claim-Specialty,Nitrofurantoin Mono-Macro,Nitrofurantoin Monohyd/M-Cryst,11,11,86,182.68,,,11,11,182.68,86,*,
1003129842,Cao,Michelle,La Mesa,CA,06,Family Practice,Claim-Specialty,Omeprazole,Omeprazole,37,97.5,2925,817.27,22,#,,,,,#,
1003129842,Cao,Michelle,La Mesa,CA,06,Family Practice,Claim-Specialty,Oxycodone Hcl,Oxycodone Hcl,22,22,567,538.83,,*,,,,,*,
1003129842,Cao,Michelle,La Mesa,CA,06,Family Practice,Claim-Specialty,Ozempic,Semaglutide,69,85.1,2454,79564.8,17,,55,70.7,65298.68,2038,#,
1003129842,Cao,Michelle,La Mesa,CA,06,Family Practice,Claim-Specialty,Pravastatin Sodium,Pravastatin Sodium,20,60,1800,413.63,,,20,60,413.63,1800,*,
1003129842,Cao,Michelle,La Mesa,CA,06,Family Practice,Claim-Specialty,Rosuvastatin Calcium,Rosuvastatin Calcium,59,170.3,5111,2885.5,26,#,,,,,#,
1003129842,Cao,Michelle,La Mesa,CA,06,Family Practice,Claim-Specialty,Simvastatin,Simvastatin,21,60,1800,208.43,,,21,60,208.43,1800,*,
1003129842,Cao,Michelle,La Mesa,CA,06,Family Practice,Claim-Specialty,Synthroid,Levothyroxine Sodium,14,36,1080,1054.49,,,14,36,1054.49,1080,*,
1003129842,Cao,Michelle,La Mesa,CA,06,Family Practice,Claim-Specialty,Tamsulosin Hcl,Tamsulosin Hcl,20,50,1455,473.38,,,20,50,473.38,1455,*,
1003129842,Cao,Michelle,La Mesa,CA,06,Family Practice,Claim-Specialty,Temazepam,Temazepam,11,11,308,99.71,,,11,11,99.71,308,*,
1003129842,Cao,Michelle,La Mesa,CA,06,Family Practice,Claim-Specialty,Topiramate,Topiramate,44,62,1860,248.6,19,,28,42,174.14,1260,#,
1003129842,Cao,Michelle,La Mesa,CA,06,Family Practice,Claim-Specialty,Trazodone Hcl,Trazodone Hcl,32,68,2040,437.32,15,,32,68,437.32,2040,,15
1003129925,Wong,Claudia,Santa Monica,CA,06,Nurse Practitioner,Claim-Specialty,Donepezil Hcl,Donepezil Hcl,160,392.2,11712,4150.21,65,,160,392.2,4150.21,11712,,65
1003129925,Wong,Claudia,Santa Monica,CA,06,Nurse Practitioner,Claim-Specialty,Duloxetine Hcl,Duloxetine Hcl,12,27,810,774.11,,*,,,,,*,
1003129925,Wong,Claudia,Santa Monica,CA,06,Nurse Practitioner,Claim-Specialty,Escitalopram Oxalate,Escitalopram Oxalate,44,64,1879,802.94,,,44,64,802.94,1879,*,
1003129925,Wong,Claudia,Santa Monica,CA,06,Nurse Practitioner,Claim-Specialty,Gabapentin,Gabapentin,11,19,570,221.55,,,11,19,221.55,570,*,
1003129925,Wong,Claudia,Santa Monica,CA,06,Nurse Practitioner,Claim-Specialty,Memantine Hcl,Memantine Hcl,103,207.2,6083,6151.38,40,,103,207.2,6151.38,6083,,40
1003129925,Wong,Claudia,Santa Monica,CA,06,Nurse Practitioner,Claim-Specialty,Memantine Hcl Er,Memantine Hcl,114,264.1,7765,18702.55,43,,114,264.1,18702.55,7765,,43
1003129925,Wong,Claudia,Santa Monica,CA,06,Nurse Practitioner,Claim-Specialty,Quetiapine Fumarate,Quetiapine Fumarate,50,69.5,1973,834.47,11,,50,69.5,834.47,1973,,11
1003129925,Wong,Claudia,Santa Monica,CA,06,Nurse Practitioner,Claim-Specialty,Rivastigmine,Rivastigmine,12,32,960,5068.26,,,12,32,5068.26,960,*,
1003129925,Wong,Claudia,Santa Monica,CA,06,Nurse Practitioner,Claim-Specialty,Sertraline Hcl,Sertraline Hcl,17,37,1096,343.87,,,17,37,343.87,1096,*,
1003129925,Wong,Claudia,Santa Monica,CA,06,Nurse Practitioner,Claim-Specialty,Trazodone Hcl,Trazodone Hcl,22,43,1275,231.4,,,22,43,231.4,1275,*,
1003130634,Grewal Pitta,Ameet,Monterey,CA,06,Otolaryngology,Claim-Specialty,Azelastine Hcl,Azelastine Hcl,39,53.7,1604,1025.23,24,,39,53.7,1025.23,1604,,24
1003130634,Grewal Pitta,Ameet,Monterey,CA,06,Otolaryngology,Claim-Specialty,Fluticasone Propionate,Fluticasone Propionate,17,24,720,280.58,14,,17,24,280.58,720,,14
1003130634,Grewal Pitta,Ameet,Monterey,CA,06,Otolaryngology,Claim-Specialty,Hydrocodone-Acetaminophen,Hydrocodone/Acetaminophen,13,13,89,167.77,11,,13,13,167.77,89,,11
1003130634,Grewal Pitta,Ameet,Monterey,CA,06,Otolaryngology,Claim-Specialty,Ipratropium Bromide,Ipratropium Bromide,66,114.6,3442,2100.79,36,,66,114.6,2100.79,3442,,36
1003130634,Grewal Pitta,Ameet,Monterey,CA,06,Otolaryngology,Claim-Specialty,Methylprednisolone,Methylprednisolone,14,14,86,144.42,13,,14,14,144.42,86,,13
1003130634,Grewal Pitta,Ameet,Monterey,CA,06,Otolaryngology,Claim-Specialty,Mupirocin,Mupirocin,18,18,210,193.7,15,,18,18,193.7,210,,15
1003130634,Grewal Pitta,Ameet,Monterey,CA,06,Otolaryngology,Claim-Specialty,Nystatin,Nystatin,15,15,164,328.35,,,15,15,328.35,164,*,
1003130634,Grewal Pitta,Ameet,Monterey,CA,06,Otolaryngology,Claim-Specialty,Ofloxacin,Ofloxacin,11,11,130,335.6,11,,11,11,335.6,130,,11
1003131228,Sawhney,Sajeet,Fountain Valley,CA,06,Nephrology,Claim-Specialty,Allopurinol,Allopurinol,84,211.2,6320,1720.84,27,#,,,,,#,
1003131228,Sawhney,Sajeet,Fountain Valley,CA,06,Nephrology,Claim-Specialty,Amlodipine Besylate,Amlodipine Besylate,240,608.9,18242,2647.35,79,,218,548.9,2370.83,16442,#,
1003131228,Sawhney,Sajeet,Fountain Valley,CA,06,Nephrology,Claim-Specialty,Atorvastatin Calcium,Atorvastatin Calcium,66,157.8,4734,730.8,18,#,,,,,#,
1003131228,Sawhney,Sajeet,Fountain Valley,CA,06,Nephrology,Claim-Specialty,Auryxia,Ferric Citrate,13,19,570,13335.01,,*,,,,,*,
1003131228,Sawhney,Sajeet,Fountain Valley,CA,06,Nephrology,Claim-Specialty,Bumetanide,Bumetanide,29,68,2040,1260.5,14,#,,,,,*,
1003131228,Sawhney,Sajeet,Fountain Valley,CA,06,Nephrology,Claim-Specialty,Calcitriol,Calcitriol,80,223.9,6689,1645.78,30,#,,,,,#,
1003131228,Sawhney,Sajeet,Fountain Valley,CA,06,Nephrology,Claim-Specialty,Calcium Acetate,Calcium Acetate,69,130.7,3921,7587.23,20,,37,64.7,2778.63,1941,*,
1003131228,Sawhney,Sajeet,Fountain Valley,CA,06,Nephrology,Claim-Specialty,Carvedilol,Carvedilol,29,59,1770,225.84,11,#,,,,,*,
1003131228,Sawhney,Sajeet,Fountain Valley,CA,06,Nephrology,Claim-Specialty,Clonidine Hcl,Clonidine Hcl,61,119.5,3550,890.83,23,#,,,,,#,
1003131228,Sawhney,Sajeet,Fountain Valley,CA,06,Nephrology,Claim-Specialty,Doxazosin Mesylate,Doxazosin Mesylate,55,157,4710,1620.12,21,#,,,,,#,
1003131228,Sawhney,Sajeet,Fountain Valley,CA,06,Nephrology,Claim-Specialty,Duloxetine Hcl,Duloxetine Hcl,16,22,660,246.34,,*,,,,,*,
1003131228,Sawhney,Sajeet,Fountain Valley,CA,06,Nephrology,Claim-Specialty,Famotidine,Famotidine,31,69,2070,623.57,16,#,,,,,#,
1003131228,Sawhney,Sajeet,Fountain Valley,CA,06,Nephrology,Claim-Specialty,Farxiga,Dapagliflozin Propanediol,33,75,2250,43427.3,13,,33,75,43427.3,2250,,13
1003131228,Sawhney,Sajeet,Fountain Valley,CA,06,Nephrology,Claim-Specialty,Finasteride,Finasteride,14,38,1140,419.45,,,14,38,419.45,1140,*,
1003131228,Sawhney,Sajeet,Fountain Valley,CA,06,Nephrology,Claim-Specialty,Furosemide,Furosemide,310,738.8,22134,2641.31,100,,274,643.8,1933.86,19284,,86
1003131228,Sawhney,Sajeet,Fountain Valley,CA,06,Nephrology,Claim-Specialty,Gabapentin,Gabapentin,43,86.5,2575,620.49,15,,23,39,174.62,1150,*,
1003131228,Sawhney,Sajeet,Fountain Valley,CA,06,Nephrology,Claim-Specialty,Glipizide,Glipizide,16,40,1200,339.5,,#,,,,,*,
1003131228,Sawhney,Sajeet,Fountain Valley,CA,06,Nephrology,Claim-Specialty,Glipizide Er,Glipizide,40,113,3390,662.09,17,#,,,,,#,
1003131228,Sawhney,Sajeet,Fountain Valley,CA,06,Nephrology,Claim-Specialty,Hydralazine Hcl,Hydralazine Hcl,215,496.5,14856,4730.58,65,,195,438.5,4293.96,13116,#,
1003131228,Sawhney,Sajeet,Fountain Valley,CA,06,Nephrology,Claim-Specialty,Hydrochlorothiazide,Hydrochlorothiazide,111,215,6431,581.74,26,#,,,,,#,
1003131228,Sawhney,Sajeet,Fountain Valley,CA,06,Nephrology,Claim-Specialty,Januvia,Sitagliptin Phosphate,29,67,2010,38384.34,11,#,,,,,*,
1003131228,Sawhney,Sajeet,Fountain Valley,CA,06,Nephrology,Claim-Specialty,Jynarque,Tolvaptan,13,13,370,251051.38,,,13,13,251051.38,370,*,
1003131228,Sawhney,Sajeet,Fountain Valley,CA,06,Nephrology,Claim-Specialty,Levothyroxine Sodium,Levothyroxine Sodium,12,34,1020,274.71,,,12,34,274.71,1020,*,
1003131228,Sawhney,Sajeet,Fountain Valley,CA,06,Nephrology,Claim-Specialty,Lidocaine-Prilocaine,Lidocaine/Prilocaine,14,14,420,219.48,,#,,,,,*,
1003131228,Sawhney,Sajeet,Fountain Valley,CA,06,Nephrology,Claim-Specialty,Lisinopril,Lisinopril,162,437,13110,1333.94,59,,147,394,977.22,11820,#,
1003131228,Sawhney,Sajeet,Fountain Valley,CA,06,Nephrology,Claim-Specialty,Lokelma,Sodium Zirconium Cyclosilicate,28,33.3,1000,23158.4,,#,,,,,*,
1003131228,Sawhney,Sajeet,Fountain Valley,CA,06,Nephrology,Claim-Specialty,Losartan Potassium,Losartan Potassium,215,545.5,16365,3244.25,73,,203,518.5,3070.38,15555,#,
1003131228,Sawhney,Sajeet,Fountain Valley,CA,06,Nephrology,Claim-Specialty,Metolazone,Metolazone,38,70.9,2090,1004.89,12,#,,,,,*,
1003131228,Sawhney,Sajeet,Fountain Valley,CA,06,Nephrology,Claim-Specialty,Metoprolol Succinate,Metoprolol Succinate,42,123.7,3710,915.54,17,#,,,,,#,
1003131228,Sawhney,Sajeet,Fountain Valley,CA,06,Nephrology,Claim-Specialty,Metoprolol Tartrate,Metoprolol Tartrate,33,85.8,2574,690.17,14,#,,,,,#,
1003131228,Sawhney,Sajeet,Fountain Valley,CA,06,Nephrology,Claim-Specialty,Nifedipine Er,Nifedipine,46,105.8,3173,2463.28,15,#,,,,,#,
1003131228,Sawhney,Sajeet,Fountain Valley,CA,06,Nephrology,Claim-Specialty,Olmesartan Medoxomil,Olmesartan Medoxomil,56,134,4020,2441.86,17,#,,,,,#,
1003131228,Sawhney,Sajeet,Fountain Valley,CA,06,Nephrology,Claim-Specialty,Omeprazole,Omeprazole,28,46,1370,305.57,,#,,,,,*,
1003131228,Sawhney,Sajeet,Fountain Valley,CA,06,Nephrology,Claim-Specialty,Pantoprazole Sodium,Pantoprazole Sodium,25,51,1514,478.65,13,#,,,,,#,
1003131228,Sawhney,Sajeet,Fountain Valley,CA,06,Nephrology,Claim-Specialty,Potassium Chloride,Potassium Chloride,68,158,4694,1805.04,28,#,,,,,#,
1003131228,Sawhney,Sajeet,Fountain Valley,CA,06,Nephrology,Claim-Specialty,Pravastatin Sodium,Pravastatin Sodium,18,52.7,1580,300.69,,#,,,,,*,
1003131228,Sawhney,Sajeet,Fountain Valley,CA,06,Nephrology,Claim-Specialty,Prednisone,Prednisone,55,120.6,3556,777.04,13,#,,,,,#,
1003131228,Sawhney,Sajeet,Fountain Valley,CA,06,Nephrology,Claim-Specialty,Procrit,Epoetin Alfa,40,57.7,1672,76666.19,12,,40,57.7,76666.19,1672,,12
1003131228,Sawhney,Sajeet,Fountain Valley,CA,06,Nephrology,Claim-Specialty,Prosol,Parenteral Amino Acid 20% No.1,53,53,365,10743.33,,,53,53,10743.33,365,*,
1003131228,Sawhney,Sajeet,Fountain Valley,CA,06,Nephrology,Claim-Specialty,Rayaldee,Calcifediol,11,11,330,12433.76,,,11,11,12433.76,330,*,
1003131228,Sawhney,Sajeet,Fountain Valley,CA,06,Nephrology,Claim-Specialty,Retacrit,Epoetin Alfa-Epbx,12,19.4,552,6515.76,,,12,19.4,6515.76,552,*,
1003131228,Sawhney,Sajeet,Fountain Valley,CA,06,Nephrology,Claim-Specialty,Sevelamer Carbonate,Sevelamer Carbonate,90,175.3,5219,39536.24,32,,69,132.3,21903.17,3929,,21
1003131228,Sawhney,Sajeet,Fountain Valley,CA,06,Nephrology,Claim-Specialty,Spironolactone,Spironolactone,13,35.5,1065,149.94,,,13,35.5,149.94,1065,*,
1003131228,Sawhney,Sajeet,Fountain Valley,CA,06,Nephrology,Claim-Specialty,Tamsulosin Hcl,Tamsulosin Hcl,57,144,4320,893.33,18,#,,,,,#,
1003131228,Sawhney,Sajeet,Fountain Valley,CA,06,Nephrology,Claim-Specialty,Tradjenta,Linagliptin,37,63.5,1905,33696.69,,,37,63.5,33696.69,1905,*,
1003131228,Sawhney,Sajeet,Fountain Valley,CA,06,Nephrology,Claim-Specialty,Valsartan,Valsartan,46,116,3480,1261.7,18,#,,,,,#,
1003131228,Sawhney,Sajeet,Fountain Valley,CA,06,Nephrology,Claim-Specialty,Velphoro,Sucroferric Oxyhydroxide,36,44,1320,135970.1,,*,,,,,*,
1003131228,Sawhney,Sajeet,Fountain Valley,CA,06,Nephrology,Claim-Specialty,Veltassa,Patiromer Calcium Sorbitex,66,106.4,3168,82453.87,20,#,,,,,#,
1003131533,Kapasi,Neel,Victorville,CA,06,Cardiology,Claim-Specialty,Amlodipine Besylate,Amlodipine Besylate,94,191.3,5740,331.93,26,#,,,,,#,
1003131533,Kapasi,Neel,Victorville,CA,06,Cardiology,Claim-Specialty,Atenolol,Atenolol,17,27,810,17.94,,#,,,,,*,
1003131533,Kapasi,Neel,Victorville,CA,06,Cardiology,Claim-Specialty,Atorvastatin Calcium,Atorvastatin Calcium,67,148.3,4450,551.77,21,#,,,,,#,
1003131533,Kapasi,Neel,Victorville,CA,06,Cardiology,Claim-Specialty,Carvedilol,Carvedilol,218,347.8,10387,959.88,51,,199,318.3,858.86,9502,#,
1003131533,Kapasi,Neel,Victorville,CA,06,Cardiology,Claim-Specialty,Chlorthalidone,Chlorthalidone,167,276,8260,1730.11,39,,128,225,1331.89,6730,#,
1003131533,Kapasi,Neel,Victorville,CA,06,Cardiology,Claim-Specialty,Clopidogrel,Clopidogrel Bisulfate,81,200.7,6004,918.08,24,,68,165.7,733.95,4954,#,
1003131533,Kapasi,Neel,Victorville,CA,06,Cardiology,Claim-Specialty,Diltiazem 24hr Er,Diltiazem Hcl,14,22,660,459.13,,,14,22,459.13,660,*,
1003131533,Kapasi,Neel,Victorville,CA,06,Cardiology,Claim-Specialty,Diltiazem 24hr Er (Cd),Diltiazem Hcl,48,78,2340,988.58,,,48,78,988.58,2340,*,
1003131533,Kapasi,Neel,Victorville,CA,06,Cardiology,Claim-Specialty,Eliquis,Apixaban,136,160,4800,95867.64,27,#,,,,,#,
1003131533,Kapasi,Neel,Victorville,CA,06,Cardiology,Claim-Specialty,Entresto,Sacubitril/Valsartan,68,76,2155,51286.84,11,#,,,,,*,
1003131533,Kapasi,Neel,Victorville,CA,06,Cardiology,Claim-Specialty,Furosemide,Furosemide,214,381.8,11435,1053.14,59,,198,353.5,907.67,10585,#,
1003131533,Kapasi,Neel,Victorville,CA,06,Cardiology,Claim-Specialty,Hydralazine Hcl,Hydralazine Hcl,21,45,1350,296.97,,#,,,,,*,
1003131533,Kapasi,Neel,Victorville,CA,06,Cardiology,Claim-Specialty,Hydrochlorothiazide,Hydrochlorothiazide,70,158.6,4745,239.95,21,#,,,,,#,
1003131533,Kapasi,Neel,Victorville,CA,06,Cardiology,Claim-Specialty,Isosorbide Mononitrate Er,Isosorbide Mononitrate,15,26,752,48.46,,#,,,,,*,
1003131533,Kapasi,Neel,Victorville,CA,06,Cardiology,Claim-Specialty,Lisinopril,Lisinopril,100,189.2,5645,334.82,31,#,,,,,#,
1003131533,Kapasi,Neel,Victorville,CA,06,Cardiology,Claim-Specialty,Losartan Potassium,Losartan Potassium,91,161.5,4845,820.61,24,#,,,,,#,
1003131533,Kapasi,Neel,Victorville,CA,06,Cardiology,Claim-Specialty,Metoprolol Succinate,Metoprolol Succinate,276,529.4,15751,3271,72,,265,513.7,3161.69,15281,#,
1003131533,Kapasi,Neel,Victorville,CA,06,Cardiology,Claim-Specialty,Metoprolol Tartrate,Metoprolol Tartrate,55,122.4,3635,217.3,20,,44,97.4,199.9,2913,#,
1003131533,Kapasi,Neel,Victorville,CA,06,Cardiology,Claim-Specialty,Nitroglycerin,Nitroglycerin,29,35.3,732,474.5,16,#,,,,,#,
1003131533,Kapasi,Neel,Victorville,CA,06,Cardiology,Claim-Specialty,Olmesartan Medoxomil,Olmesartan Medoxomil,11,25,750,236.58,,,11,25,236.58,750,*,
1003131533,Kapasi,Neel,Victorville,CA,06,Cardiology,Claim-Specialty,Potassium Chloride,Potassium Chloride,25,51,1530,367.26,,,25,51,367.26,1530,*,
1003131533,Kapasi,Neel,Victorville,CA,06,Cardiology,Claim-Specialty,Rosuvastatin Calcium,Rosuvastatin Calcium,23,39.4,1182,213.27,,,23,39.4,213.27,1182,*,
1003131533,Kapasi,Neel,Victorville,CA,06,Cardiology,Claim-Specialty,Valsartan,Valsartan,18,28,840,394.7,,,18,28,394.7,840,*,
1003131533,Kapasi,Neel,Victorville,CA,06,Cardiology,Claim-Specialty,Vascepa,Icosapent Ethyl,11,13,390,2898.38,,,11,13,2898.38,390,*,
1003131533,Kapasi,Neel,Victorville,CA,06,Cardiology,Claim-Specialty,Xarelto,Rivaroxaban,81,123.7,3687,71036.25,23,,81,123.7,71036.25,3687,,23
1003131624,Van Dyke,Lucas,Oakland,CA,06,Psychiatry,Claim-Specialty,Aripiprazole,Aripiprazole,42,93.3,2755,554.91,21,,27,58.3,397.9,1750,#,
1003131624,Van Dyke,Lucas,Oakland,CA,06,Psychiatry,Claim-Specialty,Bupropion Hcl Sr,Bupropion Hcl,13,32,960,319.73,,*,,,,,*,
1003131624,Van Dyke,Lucas,Oakland,CA,06,Psychiatry,Claim-Specialty,Bupropion Xl,Bupropion Hcl,70,219.3,6583,2321.2,21,#,,,,,#,
1003131624,Van Dyke,Lucas,Oakland,CA,06,Psychiatry,Claim-Specialty,Buspirone Hcl,Buspirone Hcl,42,97.6,2907,558.59,11,#,,,,,*,
1003131624,Van Dyke,Lucas,Oakland,CA,06,Psychiatry,Claim-Specialty,Citalopram Hbr,Citalopram Hydrobromide,16,52,1560,184.04,,#,,,,,*,
1003131624,Van Dyke,Lucas,Oakland,CA,06,Psychiatry,Claim-Specialty,Clonazepam,Clonazepam,53,53,1560,452.48,,,39,39,292.57,1140,*,
1003131624,Van Dyke,Lucas,Oakland,CA,06,Psychiatry,Claim-Specialty,Clozapine,Clozapine,27,27,738,4614.77,,,0,0,0,0,#,
1003131624,Van Dyke,Lucas,Oakland,CA,06,Psychiatry,Claim-Specialty,Dexmethylphenidate Hcl Er,Dexmethylphenidate Hcl,16,16,460,698.64,,*,,,,,*,
1003131624,Van Dyke,Lucas,Oakland,CA,06,Psychiatry,Claim-Specialty,Dextroamphetamine Sulfate,Dextroamphetamine Sulfate,12,12,360,517.4,,,12,12,517.4,360,*,
1003131624,Van Dyke,Lucas,Oakland,CA,06,Psychiatry,Claim-Specialty,Dextroamphetamine Sulfate Er,Dextroamphetamine Sulfate,13,13,390,569.45,,,13,13,569.45,390,*,
1003131624,Van Dyke,Lucas,Oakland,CA,06,Psychiatry,Claim-Specialty,Dextroamphetamine-Amphet Er,Dextroamphetamine/Amphetamine,51,51,1530,1831.39,11,,51,51,1831.39,1530,,11
1003131624,Van Dyke,Lucas,Oakland,CA,06,Psychiatry,Claim-Specialty,Diazepam,Diazepam,12,12,287,67.24,,,12,12,67.24,287,*,
1003131624,Van Dyke,Lucas,Oakland,CA,06,Psychiatry,Claim-Specialty,Divalproex Sodium,Divalproex Sodium,42,127,3814,2178.35,12,,23,65.1,1160.17,1954,*,
1003131624,Van Dyke,Lucas,Oakland,CA,06,Psychiatry,Claim-Specialty,Duloxetine Hcl,Duloxetine Hcl,35,103,3090,2405.75,11,#,,,,,*,
1003131624,Van Dyke,Lucas,Oakland,CA,06,Psychiatry,Claim-Specialty,Escitalopram Oxalate,Escitalopram Oxalate,16,53,1590,194.38,,#,,,,,*,
1003131624,Van Dyke,Lucas,Oakland,CA,06,Psychiatry,Claim-Specialty,Fluoxetine Hcl,Fluoxetine Hcl,66,203.3,6102,1113.06,23,,52,162.9,715.54,4890,#,
1003131624,Van Dyke,Lucas,Oakland,CA,06,Psychiatry,Claim-Specialty,Gabapentin,Gabapentin,29,73.6,2210,1038.19,,#,,,,,*,
1003131624,Van Dyke,Lucas,Oakland,CA,06,Psychiatry,Claim-Specialty,Ingrezza,Valbenazine Tosylate,17,23.7,710,289472.54,,,17,23.7,289472.54,710,*,
1003131624,Van Dyke,Lucas,Oakland,CA,06,Psychiatry,Claim-Specialty,Lamotrigine,Lamotrigine,28,90.3,2710,634.96,,,28,90.3,634.96,2710,*,
1003131624,Van Dyke,Lucas,Oakland,CA,06,Psychiatry,Claim-Specialty,Lithium Carbonate,Lithium Carbonate,16,41.6,1250,845.17,,*,,,,,*,
1003131624,Van Dyke,Lucas,Oakland,CA,06,Psychiatry,Claim-Specialty,Lorazepam,Lorazepam,69,69,1641,465.71,15,,48,48,303.28,1118,*,
1003131624,Van Dyke,Lucas,Oakland,CA,06,Psychiatry,Claim-Specialty,Methylphenidate Hcl,Methylphenidate Hcl,42,42,1245,1087.94,,#,,,,,*,
1003131624,Van Dyke,Lucas,Oakland,CA,06,Psychiatry,Claim-Specialty,Mirtazapine,Mirtazapine,29,82.3,2470,524.8,12,,18,53.6,368.01,1610,*,
1003131624,Van Dyke,Lucas,Oakland,CA,06,Psychiatry,Claim-Specialty,Olanzapine,Olanzapine,20,55.3,1660,441.84,,#,,,,,*,
1003131624,Van Dyke,Lucas,Oakland,CA,06,Psychiatry,Claim-Specialty,Quetiapine Fumarate,Quetiapine Fumarate,34,93.7,2797,1004.82,14,#,,,,,#,
1003131624,Van Dyke,Lucas,Oakland,CA,06,Psychiatry,Claim-Specialty,Quviviq,Daridorexant Hcl,11,23,690,12192.01,,,11,23,12192.01,690,*,
1003131624,Van Dyke,Lucas,Oakland,CA,06,Psychiatry,Claim-Specialty,Risperidone,Risperidone,27,80.6,2397,610.81,13,,15,44,350.41,1297,*,
1003131624,Van Dyke,Lucas,Oakland,CA,06,Psychiatry,Claim-Specialty,Sertraline Hcl,Sertraline Hcl,44,130,3904,749.74,19,#,,,,,#,
1003131624,Van Dyke,Lucas,Oakland,CA,06,Psychiatry,Claim-Specialty,Temazepam,Temazepam,17,17,285,249.76,,#,,,,,*,
1003131624,Van Dyke,Lucas,Oakland,CA,06,Psychiatry,Claim-Specialty,Trazodone Hcl,Trazodone Hcl,61,172.4,5176,1465.62,21,#,,,,,#,
1003131624,Van Dyke,Lucas,Oakland,CA,06,Psychiatry,Claim-Specialty,Venlafaxine Hcl Er,Venlafaxine Hcl,14,43.6,1310,683.52,,*,,,,,*,
1003131624,Van Dyke,Lucas,Oakland,CA,06,Psychiatry,Claim-Specialty,Vilazodone Hcl,Vilazodone Hcl,12,32.3,970,834.8,,,12,32.3,834.8,970,*,
1003131624,Van Dyke,Lucas,Oakland,CA,06,Psychiatry,Claim-Specialty,Ziprasidone Hcl,Ziprasidone Hcl,13,26.3,790,687.13,,#,,,,,*,
1003131624,Van Dyke,Lucas,Oakland,CA,06,Psychiatry,Claim-Specialty,Zolpidem Tartrate,Zolpidem Tartrate,42,42,1257,347.08,,,29,29,240.2,867,*,
1003132127,Oheb,Jonathan,Encino,CA,06,Orthopedic Surgery,Claim-Specialty,Cephalexin,Cephalexin,24,24,126,612.63,18,#,,,,,#,
1003132127,Oheb,Jonathan,Encino,CA,06,Orthopedic Surgery,Claim-Specialty,Hydrocodone-Acetaminophen,Hydrocodone/Acetaminophen,11,11,60,63.15,11,*,,,,,*,
1003132127,Oheb,Jonathan,Encino,CA,06,Orthopedic Surgery,Claim-Specialty,Meloxicam,Meloxicam,185,235.8,6884,1476.33,166,,154,195.6,1092.76,5678,,142
1003132234,Jonas,Nicholas,La Jolla,CA,06,Neurology,Claim-Specialty,Aimovig Autoinjector,Erenumab-Aooe,13,13,384,10283.43,,,13,13,10283.43,384,*,
1003132234,Jonas,Nicholas,La Jolla,CA,06,Neurology,Claim-Specialty,Amitriptyline Hcl,Amitriptyline Hcl,34,46,1380,746.68,,#,,,,,*,
1003132234,Jonas,Nicholas,La Jolla,CA,06,Neurology,Claim-Specialty,Atorvastatin Calcium,Atorvastatin Calcium,41,95,2850,445.11,,#,,,,,*,
1003132234,Jonas,Nicholas,La Jolla,CA,06,Neurology,Claim-Specialty,Baclofen,Baclofen,17,19,570,187.59,,,17,19,187.59,570,*,
1003132234,Jonas,Nicholas,La Jolla,CA,06,Neurology,Claim-Specialty,Carbidopa-Levodopa,Carbidopa/Levodopa,55,131.4,3918,2509.49,21,,55,131.4,2509.49,3918,,21
1003132234,Jonas,Nicholas,La Jolla,CA,06,Neurology,Claim-Specialty,Carbidopa-Levodopa Er,Carbidopa/Levodopa,16,19,570,419.72,,,16,19,419.72,570,*,
1003132234,Jonas,Nicholas,La Jolla,CA,06,Neurology,Claim-Specialty,Clonazepam,Clonazepam,31,37,1057,165.01,,,31,37,165.01,1057,*,
1003132234,Jonas,Nicholas,La Jolla,CA,06,Neurology,Claim-Specialty,Diazepam,Diazepam,14,14,331,32.79,,,14,14,32.79,331,*,
1003132234,Jonas,Nicholas,La Jolla,CA,06,Neurology,Claim-Specialty,Donepezil Hcl,Donepezil Hcl,182,320,9582,2030.95,40,#,,,,,#,
1003132234,Jonas,Nicholas,La Jolla,CA,06,Neurology,Claim-Specialty,Donepezil Hcl Odt,Donepezil Hcl,13,13,390,467.44,,,13,13,467.44,390,*,
1003132234,Jonas,Nicholas,La Jolla,CA,06,Neurology,Claim-Specialty,Duloxetine Hcl,Duloxetine Hcl,43,59.7,1775,734.34,,#,,,,,*,
1003132234,Jonas,Nicholas,La Jolla,CA,06,Neurology,Claim-Specialty,Emgality Pen,Galcanezumab-Gnlm,40,42,1184,31429.65,,#,,,,,*,
1003132234,Jonas,Nicholas,La Jolla,CA,06,Neurology,Claim-Specialty,Escitalopram Oxalate,Escitalopram Oxalate,29,43,1290,451.74,,#,,,,,*,
1003132234,Jonas,Nicholas,La Jolla,CA,06,Neurology,Claim-Specialty,Fingolimod,Fingolimod Hcl,12,12,360,66629.16,,,0,0,0,0,#,
1003132234,Jonas,Nicholas,La Jolla,CA,06,Neurology,Claim-Specialty,Fludrocortisone Acetate,Fludrocortisone Acetate,11,11,330,24.14,,,11,11,24.14,330,*,
1003132234,Jonas,Nicholas,La Jolla,CA,06,Neurology,Claim-Specialty,Fluoxetine Hcl,Fluoxetine Hcl,12,12,336,210.82,,,12,12,210.82,336,*,
1003132234,Jonas,Nicholas,La Jolla,CA,06,Neurology,Claim-Specialty,Gabapentin,Gabapentin,214,386.2,11519,3496.8,55,#,,,,,#,
1003132234,Jonas,Nicholas,La Jolla,CA,06,Neurology,Claim-Specialty,Glatiramer Acetate,Glatiramer Acetate,14,14,392,66068.38,,,0,0,0,0,#,
1003132234,Jonas,Nicholas,La Jolla,CA,06,Neurology,Claim-Specialty,Ibuprofen,Ibuprofen,12,12,180,117.84,,,0,0,0,0,#,
1003132234,Jonas,Nicholas,La Jolla,CA,06,Neurology,Claim-Specialty,Lacosamide,Lacosamide,27,37,1106,1627.47,,,15,23,849.91,690,*,
1003132234,Jonas,Nicholas,La Jolla,CA,06,Neurology,Claim-Specialty,Lamotrigine,Lamotrigine,66,107.9,3210,1204.57,11,,37,70,864.46,2075,*,
1003132234,Jonas,Nicholas,La Jolla,CA,06,Neurology,Claim-Specialty,Levetiracetam,Levetiracetam,150,247,7298,4901.27,25,,102,183,3803.52,5476,#,
1003132234,Jonas,Nicholas,La Jolla,CA,06,Neurology,Claim-Specialty,Levetiracetam Er,Levetiracetam,26,48,1440,1984.22,,,26,48,1984.22,1440,*,
1003132234,Jonas,Nicholas,La Jolla,CA,06,Neurology,Claim-Specialty,Memantine Hcl,Memantine Hcl,96,174,5190,4950.49,23,,82,160,4657.7,4769,#,
1003132234,Jonas,Nicholas,La Jolla,CA,06,Neurology,Claim-Specialty,Methocarbamol,Methocarbamol,14,14,420,98.7,,,14,14,98.7,420,*,
1003132234,Jonas,Nicholas,La Jolla,CA,06,Neurology,Claim-Specialty,Mirtazapine,Mirtazapine,24,26,780,409.18,,,24,26,409.18,780,*,
1003132234,Jonas,Nicholas,La Jolla,CA,06,Neurology,Claim-Specialty,Mycophenolate Mofetil,Mycophenolate Mofetil,12,14,420,364.38,,,12,14,364.38,420,*,
1003132234,Jonas,Nicholas,La Jolla,CA,06,Neurology,Claim-Specialty,Nortriptyline Hcl,Nortriptyline Hcl,32,42,1260,528.2,,,32,42,528.2,1260,*,
1003132234,Jonas,Nicholas,La Jolla,CA,06,Neurology,Claim-Specialty,Oxcarbazepine,Oxcarbazepine,68,130,3900,4309.96,13,,56,118,3487.16,3540,#,
1003132234,Jonas,Nicholas,La Jolla,CA,06,Neurology,Claim-Specialty,Oxtellar Xr,Oxcarbazepine,14,16,480,11179.17,,,0,0,0,0,#,
1003132234,Jonas,Nicholas,La Jolla,CA,06,Neurology,Claim-Specialty,Pramipexole Dihydrochloride,Pramipexole Di-Hcl,36,56,1608,1327.24,11,,36,56,1327.24,1608,,11
1003132234,Jonas,Nicholas,La Jolla,CA,06,Neurology,Claim-Specialty,Prednisone,Prednisone,14,14,380,110.88,,,14,14,110.88,380,*,
1003132234,Jonas,Nicholas,La Jolla,CA,06,Neurology,Claim-Specialty,Pregabalin,Pregabalin,115,149,4448,3192.41,23,#,,,,,#,
1003132234,Jonas,Nicholas,La Jolla,CA,06,Neurology,Claim-Specialty,Primidone,Primidone,16,38.7,1160,198.89,,,16,38.7,198.89,1160,*,
1003132234,Jonas,Nicholas,La Jolla,CA,06,Neurology,Claim-Specialty,Privigen,Immun Glob G(Igg)/Pro/Iga 0-50,14,14,398,78250.48,,,14,14,78250.48,398,*,
1003132234,Jonas,Nicholas,La Jolla,CA,06,Neurology,Claim-Specialty,Propranolol Hcl,Propranolol Hcl,49,86.9,2556,947.3,14,,49,86.9,947.3,2556,,14
1003132234,Jonas,Nicholas,La Jolla,CA,06,Neurology,Claim-Specialty,Propranolol Hcl Er,Propranolol Hcl,20,45,1350,946.14,,,20,45,946.14,1350,*,
1003132234,Jonas,Nicholas,La Jolla,CA,06,Neurology,Claim-Specialty,Pyridostigmine Bromide,Pyridostigmine Bromide,25,51.8,1555,3452.46,,,25,51.8,3452.46,1555,*,
1003132234,Jonas,Nicholas,La Jolla,CA,06,Neurology,Claim-Specialty,Quetiapine Fumarate,Quetiapine Fumarate,99,129,3808,3173.45,19,,87,117,3053.77,3448,#,
1003132234,Jonas,Nicholas,La Jolla,CA,06,Neurology,Claim-Specialty,Rivastigmine,Rivastigmine,12,20,600,2722.88,,,12,20,2722.88,600,*,
1003132234,Jonas,Nicholas,La Jolla,CA,06,Neurology,Claim-Specialty,Rivastigmine,Rivastigmine Tartrate,11,21,630,1230.5,,,11,21,1230.5,630,*,
1003132234,Jonas,Nicholas,La Jolla,CA,06,Neurology,Claim-Specialty,Rizatriptan,Rizatriptan Benzoate,30,30,555,768.39,12,#,,,,,*,
1003132234,Jonas,Nicholas,La Jolla,CA,06,Neurology,Claim-Specialty,Ropinirole Hcl,Ropinirole Hcl,12,24,720,296.77,,,12,24,296.77,720,*,
1003132234,Jonas,Nicholas,La Jolla,CA,06,Neurology,Claim-Specialty,Sertraline Hcl,Sertraline Hcl,39,45,1338,293.32,,,25,31,98.12,918,*,
1003132234,Jonas,Nicholas,La Jolla,CA,06,Neurology,Claim-Specialty,Sumatriptan Succinate,Sumatriptan Succinate,18,18,515,173.11,,,18,18,173.11,515,*,
1003132234,Jonas,Nicholas,La Jolla,CA,06,Neurology,Claim-Specialty,Topiramate,Topiramate,58,106.4,2965,847.96,14,,46,82.4,643.29,2280,*,
1003132234,Jonas,Nicholas,La Jolla,CA,06,Neurology,Claim-Specialty,Trazodone Hcl,Trazodone Hcl,39,56,1652,229.25,,,24,41,114.43,1230,*,
1003132523,Mashhadian,Ardavan,Los Angeles,CA,06,Nephrology,Claim-Specialty,Amlodipine Besylate,Amlodipine Besylate,55,143,4290,812.89,24,#,,,,,#,
1003132523,Mashhadian,Ardavan,Los Angeles,CA,06,Nephrology,Claim-Specialty,Atorvastatin Calcium,Atorvastatin Calcium,66,170,5100,2057.06,34,,41,110,1343.58,3300,,21
1003132523,Mashhadian,Ardavan,Los Angeles,CA,06,Nephrology,Claim-Specialty,Calcium Acetate,Calcium Acetate,35,96.1,2884,4844.39,17,,19,55,2952.39,1650,*,
1003132523,Mashhadian,Ardavan,Los Angeles,CA,06,Nephrology,Claim-Specialty,Carvedilol,Carvedilol,32,73.5,2205,801,11,,21,48.5,584.03,1455,*,
1003132523,Mashhadian,Ardavan,Los Angeles,CA,06,Nephrology,Claim-Specialty,Chlorthalidone,Chlorthalidone,11,27,810,279.15,,*,,,,,*,
1003132523,Mashhadian,Ardavan,Los Angeles,CA,06,Nephrology,Claim-Specialty,Farxiga,Dapagliflozin Propanediol,28,63,1890,37677.18,13,,17,41,24746.03,1230,*,
1003132523,Mashhadian,Ardavan,Los Angeles,CA,06,Nephrology,Claim-Specialty,Furosemide,Furosemide,56,148,4430,1332,25,,32,88,628.53,2640,#,
1003132523,Mashhadian,Ardavan,Los Angeles,CA,06,Nephrology,Claim-Specialty,Gabapentin,Gabapentin,11,25,750,270.41,,*,,,,,*,
1003132523,Mashhadian,Ardavan,Los Angeles,CA,06,Nephrology,Claim-Specialty,Gentamicin Sulfate,Gentamicin Sulfate,23,26,770,1428.23,,*,,,,,*,
1003132523,Mashhadian,Ardavan,Los Angeles,CA,06,Nephrology,Claim-Specialty,Hydralazine Hcl,Hydralazine Hcl,17,47.4,1421,677.31,,#,,,,,*,
1003132523,Mashhadian,Ardavan,Los Angeles,CA,06,Nephrology,Claim-Specialty,Lisinopril,Lisinopril,23,65,1950,373.39,,#,,,,,*,
1003132523,Mashhadian,Ardavan,Los Angeles,CA,06,Nephrology,Claim-Specialty,Losartan Potassium,Losartan Potassium,29,81,2430,632.58,14,,13,35,208.09,1050,*,
1003132523,Mashhadian,Ardavan,Los Angeles,CA,06,Nephrology,Claim-Specialty,Pantoprazole Sodium,Pantoprazole Sodium,14,32,960,207.72,,,14,32,207.72,960,*,
1003132523,Mashhadian,Ardavan,Los Angeles,CA,06,Nephrology,Claim-Specialty,Prednisone,Prednisone,12,32,927,197.88,,*,,,,,*,
1003132523,Mashhadian,Ardavan,Los Angeles,CA,06,Nephrology,Claim-Specialty,Sevelamer Carbonate,Sevelamer Carbonate,14,30,885,3317.29,,*,,,,,*,
1003132523,Mashhadian,Ardavan,Los Angeles,CA,06,Nephrology,Claim-Specialty,Tamsulosin Hcl,Tamsulosin Hcl,21,55,1650,605.21,12,#,,,,,#,
1003132671,Chang,Christine,Oxnard,CA,06,Emergency Medicine,Claim-Specialty,Azithromycin,Azithromycin,23,23,111,125.32,23,#,,,,,#,
1003132671,Chang,Christine,Oxnard,CA,06,Emergency Medicine,Claim-Specialty,Cephalexin,Cephalexin,41,41,286,184.01,41,#,,,,,#,
1003132671,Chang,Christine,Oxnard,CA,06,Emergency Medicine,Claim-Specialty,Hydrocodone-Acetaminophen,Hydrocodone/Acetaminophen,33,33,124,131.27,33,#,,,,,#,
1003132671,Chang,Christine,Oxnard,CA,06,Emergency Medicine,Claim-Specialty,Meclizine Hcl,Meclizine Hcl,11,11,101,67.54,11,*,,,,,*,
1003132671,Chang,Christine,Oxnard,CA,06,Emergency Medicine,Claim-Specialty,Methylprednisolone,Methylprednisolone,12,12,73,129.03,12,#,,,,,#,
1003132671,Chang,Christine,Oxnard,CA,06,Emergency Medicine,Claim-Specialty,Ondansetron Odt,Ondansetron,23,23,78,172.9,23,#,,,,,#,
1003132671,Chang,Christine,Oxnard,CA,06,Emergency Medicine,Claim-Specialty,Prednisone,Prednisone,22,22,197,109.36,21,#,,,,,#,
1003133216,Leong,Tracy,Riverside,CA,06,Dermatology,Claim-Specialty,Betamethasone Diprop Augmented,Betamethasone/Propylene Glyc,19,21.2,588,1002.02,13,#,,,,,#,
1003133216,Leong,Tracy,Riverside,CA,06,Dermatology,Claim-Specialty,Betamethasone Dipropionate,Betamethasone Dipropionate,43,49,1394,3045.8,31,#,,,,,#,
1003133216,Leong,Tracy,Riverside,CA,06,Dermatology,Claim-Specialty,Ciclopirox,Ciclopirox,22,24,683,821.4,14,#,,,,,#,
1003133216,Leong,Tracy,Riverside,CA,06,Dermatology,Claim-Specialty,Clindamycin Phosphate,Clindamycin Phosphate,24,24,615,667.3,16,#,,,,,#,
1003133216,Leong,Tracy,Riverside,CA,06,Dermatology,Claim-Specialty,Clobetasol Propionate,Clobetasol Propionate,82,88.3,2411,3783.36,49,#,,,,,#,
1003133216,Leong,Tracy,Riverside,CA,06,Dermatology,Claim-Specialty,Desonide,Desonide,11,11,212,372.61,,,11,11,372.61,212,*,
1003133216,Leong,Tracy,Riverside,CA,06,Dermatology,Claim-Specialty,Doxycycline Hyclate,Doxycycline Hyclate,29,41.4,1146,890.97,19,#,,,,,#,
1003133216,Leong,Tracy,Riverside,CA,06,Dermatology,Claim-Specialty,Finasteride,Finasteride,21,48,1440,211.37,,,21,48,211.37,1440,*,
1003133216,Leong,Tracy,Riverside,CA,06,Dermatology,Claim-Specialty,Fluconazole,Fluconazole,38,101.6,3044,735.58,17,#,,,,,#,
1003133216,Leong,Tracy,Riverside,CA,06,Dermatology,Claim-Specialty,Fluocinolone Acetonide,Fluocinolone/Shower Cap,30,30,763,2145.17,14,#,,,,,#,
1003133216,Leong,Tracy,Riverside,CA,06,Dermatology,Claim-Specialty,Fluocinonide,Fluocinonide,69,76.3,2224,3248.14,35,,69,76.3,3248.14,2224,,35
1003133216,Leong,Tracy,Riverside,CA,06,Dermatology,Claim-Specialty,Fluorouracil,Fluorouracil,31,31.3,689,3064.59,25,,31,31.3,3064.59,689,,25
1003133216,Leong,Tracy,Riverside,CA,06,Dermatology,Claim-Specialty,Hydrocortisone,Hydrocortisone,25,25,404,130.16,16,#,,,,,#,
1003133216,Leong,Tracy,Riverside,CA,06,Dermatology,Claim-Specialty,Hydroxyzine Hcl,Hydroxyzine Hcl,25,47.3,1420,425.52,,#,,,,,*,
1003133216,Leong,Tracy,Riverside,CA,06,Dermatology,Claim-Specialty,Ketoconazole,Ketoconazole,237,255.3,6956,4961.62,105,,209,227.3,4556.12,6358,#,
1003133216,Leong,Tracy,Riverside,CA,06,Dermatology,Claim-Specialty,Metronidazole,Metronidazole,24,25,691,1643.28,16,#,,,,,#,
1003133216,Leong,Tracy,Riverside,CA,06,Dermatology,Claim-Specialty,Mupirocin,Mupirocin,21,21,387,132.73,16,,21,21,132.73,387,,16
1003133216,Leong,Tracy,Riverside,CA,06,Dermatology,Claim-Specialty,Tacrolimus,Tacrolimus,25,31,893,9800.11,15,#,,,,,#,
1003133216,Leong,Tracy,Riverside,CA,06,Dermatology,Claim-Specialty,Tretinoin,Tretinoin,15,15,450,1239.68,,#,,,,,*,
1003133216,Leong,Tracy,Riverside,CA,06,Dermatology,Claim-Specialty,Triamcinolone Acetonide,Triamcinolone Acetonide,65,70.2,1708,634.32,46,#,,,,,#,
1003133422,Gupta,Pritha,Beverly Hills,CA,06,Internal Medicine,Claim-Specialty,Amlodipine Besylate,Amlodipine Besylate,252,628,18840,2226.31,83,#,,,,,#,
1003133422,Gupta,Pritha,Beverly Hills,CA,06,Internal Medicine,Claim-Specialty,Amlodipine-Valsartan,Amlodipine Besylate/Valsartan,12,20,600,417.43,,,12,20,417.43,600,*,
1003133422,Gupta,Pritha,Beverly Hills,CA,06,Internal Medicine,Claim-Specialty,Atenolol,Atenolol,19,57,1710,415.31,,,19,57,415.31,1710,*,
1003133422,Gupta,Pritha,Beverly Hills,CA,06,Internal Medicine,Claim-Specialty,Atorvastatin Calcium,Atorvastatin Calcium,315,891.7,26651,6913.7,105,,291,819.7,6058.87,24491,#,
1003133422,Gupta,Pritha,Beverly Hills,CA,06,Internal Medicine,Claim-Specialty,Benazepril Hcl,Benazepril Hcl,14,42,1260,556.8,,*,,,,,*,
1003133422,Gupta,Pritha,Beverly Hills,CA,06,Internal Medicine,Claim-Specialty,Carvedilol,Carvedilol,37,107,3210,662.04,11,#,,,,,*,
1003133422,Gupta,Pritha,Beverly Hills,CA,06,Internal Medicine,Claim-Specialty,Chlorthalidone,Chlorthalidone,28,74,2220,1220.14,,,28,74,1220.14,2220,*,
1003133422,Gupta,Pritha,Beverly Hills,CA,06,Internal Medicine,Claim-Specialty,Clopidogrel,Clopidogrel Bisulfate,16,48,1440,550.22,,,16,48,550.22,1440,*,
1003133422,Gupta,Pritha,Beverly Hills,CA,06,Internal Medicine,Claim-Specialty,Eliquis,Apixaban,122,208.5,6193,120175.68,29,#,,,,,#,
1003133422,Gupta,Pritha,Beverly Hills,CA,06,Internal Medicine,Claim-Specialty,Enalapril Maleate,Enalapril Maleate,14,32,960,516.81,,,14,32,516.81,960,*,
1003133422,Gupta,Pritha,Beverly Hills,CA,06,Internal Medicine,Claim-Specialty,Ezetimibe,Ezetimibe,42,124,3695,2273.07,14,#,,,,,#,
1003133422,Gupta,Pritha,Beverly Hills,CA,06,Internal Medicine,Claim-Specialty,Furosemide,Furosemide,28,82.5,2475,275.32,12,#,,,,,#,
1003133422,Gupta,Pritha,Beverly Hills,CA,06,Internal Medicine,Claim-Specialty,Hydralazine Hcl,Hydralazine Hcl,26,50,1450,332.19,,,26,50,332.19,1450,*,
1003133422,Gupta,Pritha,Beverly Hills,CA,06,Internal Medicine,Claim-Specialty,Isosorbide Mononitrate Er,Isosorbide Mononitrate,13,37,1085,340.01,,,13,37,340.01,1085,*,
1003133422,Gupta,Pritha,Beverly Hills,CA,06,Internal Medicine,Claim-Specialty,Labetalol Hcl,Labetalol Hcl,16,32,960,563.4,,#,,,,,*,
1003133422,Gupta,Pritha,Beverly Hills,CA,06,Internal Medicine,Claim-Specialty,Lisinopril,Lisinopril,96,273,8190,944.34,32,,96,273,944.34,8190,,32
1003133422,Gupta,Pritha,Beverly Hills,CA,06,Internal Medicine,Claim-Specialty,Losartan Potassium,Losartan Potassium,149,343.5,10305,3099.5,38,#,,,,,#,
1003133422,Gupta,Pritha,Beverly Hills,CA,06,Internal Medicine,Claim-Specialty,Lovastatin,Lovastatin,15,25,750,90.86,,,15,25,90.86,750,*,
1003133422,Gupta,Pritha,Beverly Hills,CA,06,Internal Medicine,Claim-Specialty,Metformin Hcl Er,Metformin Hcl,21,51,1530,129.29,,,21,51,129.29,1530,*,
1003133422,Gupta,Pritha,Beverly Hills,CA,06,Internal Medicine,Claim-Specialty,Metoprolol Succinate,Metoprolol Succinate,169,461.5,13837,3561.9,55,#,,,,,#,
1003133422,Gupta,Pritha,Beverly Hills,CA,06,Internal Medicine,Claim-Specialty,Metoprolol Tartrate,Metoprolol Tartrate,71,196.5,5895,1002.36,29,#,,,,,#,
1003133422,Gupta,Pritha,Beverly Hills,CA,06,Internal Medicine,Claim-Specialty,Nifedipine Er,Nifedipine,12,36,1080,1092.06,,*,,,,,*,
1003133422,Gupta,Pritha,Beverly Hills,CA,06,Internal Medicine,Claim-Specialty,Praluent Pen,Alirocumab,33,54.8,1622,28170.17,,#,,,,,*,
1003133422,Gupta,Pritha,Beverly Hills,CA,06,Internal Medicine,Claim-Specialty,Propranolol Hcl,Propranolol Hcl,16,45.7,1345,625.93,,#,,,,,*,
1003133422,Gupta,Pritha,Beverly Hills,CA,06,Internal Medicine,Claim-Specialty,Ranolazine Er,Ranolazine,11,19,570,4236.27,,*,,,,,*,
1003133422,Gupta,Pritha,Beverly Hills,CA,06,Internal Medicine,Claim-Specialty,Repatha Sureclick,Evolocumab,31,56.9,1684,29456.11,,#,,,,,*,
1003133422,Gupta,Pritha,Beverly Hills,CA,06,Internal Medicine,Claim-Specialty,Rosuvastatin Calcium,Rosuvastatin Calcium,227,619.8,18565,8251.78,81,#,,,,,#,
1003133422,Gupta,Pritha,Beverly Hills,CA,06,Internal Medicine,Claim-Specialty,Sotalol,Sotalol Hcl,11,12,360,246.48,,,11,12,246.48,360,*,
1003133422,Gupta,Pritha,Beverly Hills,CA,06,Internal Medicine,Claim-Specialty,Verapamil Er,Verapamil Hcl,11,33,990,644.04,,,11,33,644.04,990,*,
1003133422,Gupta,Pritha,Beverly Hills,CA,06,Internal Medicine,Claim-Specialty,Xarelto,Rivaroxaban,46,111,3330,61314.37,12,,46,111,61314.37,3330,,12
1003133786,Studer,Karen,Loma Linda,CA,06,Preventive Medicine,Claim-Specialty,Ozempic,Semaglutide,23,25.1,714,21243.36,,#,,,,,*,
1003133984,Cardenas,Blanca,San Diego,CA,06,Nurse Practitioner,Claim-Specialty,Acetaminophen-Codeine,Acetaminophen With Codeine,15,15,375,218.31,,,15,15,218.31,375,*,
1003133984,Cardenas,Blanca,San Diego,CA,06,Nurse Practitioner,Claim-Specialty,Albuterol Sulfate Hfa,Albuterol Sulfate,16,18,457,823.1,,,16,18,823.1,457,*,
1003133984,Cardenas,Blanca,San Diego,CA,06,Nurse Practitioner,Claim-Specialty,Alendronate Sodium,Alendronate Sodium,31,31.3,902,359.54,,,20,20.3,266.1,582,*,
1003133984,Cardenas,Blanca,San Diego,CA,06,Nurse Practitioner,Claim-Specialty,Amantadine,Amantadine Hcl,23,23,690,1199.58,,,11,11,419.14,330,*,
1003133984,Cardenas,Blanca,San Diego,CA,06,Nurse Practitioner,Claim-Specialty,Amlodipine Besylate,Amlodipine Besylate,141,151.4,3804,849.48,17,,115,125.4,686.14,3052,#,
1003133984,Cardenas,Blanca,San Diego,CA,06,Nurse Practitioner,Claim-Specialty,Anastrozole,Anastrozole,13,13,390,427.14,,#,,,,,*,
1003133984,Cardenas,Blanca,San Diego,CA,06,Nurse Practitioner,Claim-Specialty,Aripiprazole,Aripiprazole,22,25.1,703,4757.42,,*,,,,,*,
1003133984,Cardenas,Blanca,San Diego,CA,06,Nurse Practitioner,Claim-Specialty,Aspirin-Dipyridamole Er,Aspirin/Dipyridamole,11,11,330,1924.97,,,11,11,1924.97,330,*,
1003133984,Cardenas,Blanca,San Diego,CA,06,Nurse Practitioner,Claim-Specialty,Atenolol,Atenolol,38,40,1137,457.11,,,24,26,364.9,760,*,
1003133984,Cardenas,Blanca,San Diego,CA,06,Nurse Practitioner,Claim-Specialty,Atorvastatin Calcium,Atorvastatin Calcium,239,257.4,6828,3483.47,30,,173,191.3,2195.51,4871,#,
1003133984,Cardenas,Blanca,San Diego,CA,06,Nurse Practitioner,Claim-Specialty,Baclofen,Baclofen,45,49,1427,1219.74,,*,,,,,*,
1003133984,Cardenas,Blanca,San Diego,CA,06,Nurse Practitioner,Claim-Specialty,Basaglar Kwikpen U-100,"Insulin Glargine,hum.Rec.Anlog",12,16.7,501,5330.49,,,12,16.7,5330.49,501,*,
1003133984,Cardenas,Blanca,San Diego,CA,06,Nurse Practitioner,Claim-Specialty,Benztropine Mesylate,Benztropine Mesylate,41,41.1,1184,537.53,,*,,,,,*,
1003133984,Cardenas,Blanca,San Diego,CA,06,Nurse Practitioner,Claim-Specialty,Bupropion Xl,Bupropion Hcl,13,13,390,368.16,,,13,13,368.16,390,*,
1003133984,Cardenas,Blanca,San Diego,CA,06,Nurse Practitioner,Claim-Specialty,Buspirone Hcl,Buspirone Hcl,21,23.1,657,629.94,,#,,,,,*,
1003133984,Cardenas,Blanca,San Diego,CA,06,Nurse Practitioner,Claim-Specialty,Carbamazepine,Carbamazepine,46,46,1354,3417.28,,,20,20,1667.65,600,*,
1003133984,Cardenas,Blanca,San Diego,CA,06,Nurse Practitioner,Claim-Specialty,Carbidopa-Levodopa,Carbidopa/Levodopa,37,37,1066,1121.63,,#,,,,,*,
1003133984,Cardenas,Blanca,San Diego,CA,06,Nurse Practitioner,Claim-Specialty,Carvedilol,Carvedilol,26,34.1,994,241.31,,,26,34.1,241.31,994,*,
1003133984,Cardenas,Blanca,San Diego,CA,06,Nurse Practitioner,Claim-Specialty,Chlorthalidone,Chlorthalidone,18,22,632,275.23,,*,,,,,*,
1003133984,Cardenas,Blanca,San Diego,CA,06,Nurse Practitioner,Claim-Specialty,Citalopram Hbr,Citalopram Hydrobromide,36,36,1054,300.06,,,11,11,166.37,330,*,
1003133984,Cardenas,Blanca,San Diego,CA,06,Nurse Practitioner,Claim-Specialty,Clobazam,Clobazam,12,12.2,364,2259.51,,,0,0,0,0,#,
1003133984,Cardenas,Blanca,San Diego,CA,06,Nurse Practitioner,Claim-Specialty,Clomipramine Hcl,Clomipramine Hcl,16,16,432,5730.86,,*,,,,,*,
1003133984,Cardenas,Blanca,San Diego,CA,06,Nurse Practitioner,Claim-Specialty,Clonazepam,Clonazepam,19,19,568,153.8,,,19,19,153.8,568,*,
1003133984,Cardenas,Blanca,San Diego,CA,06,Nurse Practitioner,Claim-Specialty,Clonidine Hcl,Clonidine Hcl,25,31.1,891,214.35,,#,,,,,*,
1003133984,Cardenas,Blanca,San Diego,CA,06,Nurse Practitioner,Claim-Specialty,Clopidogrel,Clopidogrel Bisulfate,22,24,694,224.95,,,22,24,224.95,694,*,
1003133984,Cardenas,Blanca,San Diego,CA,06,Nurse Practitioner,Claim-Specialty,Desmopressin Acetate,Desmopressin Acetate,26,26.1,741,3693.87,,,0,0,0,0,#,
1003133984,Cardenas,Blanca,San Diego,CA,06,Nurse Practitioner,Claim-Specialty,Diazepam,Diazepam,15,15,434,161.73,,*,,,,,*,
1003133984,Cardenas,Blanca,San Diego,CA,06,Nurse Practitioner,Claim-Specialty,Diclofenac Potassium,Diclofenac Potassium,25,25,175,117.56,,,25,25,117.56,175,*,
1003133984,Cardenas,Blanca,San Diego,CA,06,Nurse Practitioner,Claim-Specialty,Divalproex Sodium,Divalproex Sodium,63,63.3,1791,3532.12,,,33,33.1,1542.92,911,*,
1003133984,Cardenas,Blanca,San Diego,CA,06,Nurse Practitioner,Claim-Specialty,Divalproex Sodium Er,Divalproex Sodium,17,18.7,514,2045.34,,,0,0,0,0,#,
1003133984,Cardenas,Blanca,San Diego,CA,06,Nurse Practitioner,Claim-Specialty,Donepezil Hcl,Donepezil Hcl,50,54.1,1572,633.22,,#,,,,,*,
1003133984,Cardenas,Blanca,San Diego,CA,06,Nurse Practitioner,Claim-Specialty,Doxazosin Mesylate,Doxazosin Mesylate,11,13,390,224.19,,*,,,,,*,
1003133984,Cardenas,Blanca,San Diego,CA,06,Nurse Practitioner,Claim-Specialty,Doxycycline Hyclate,Doxycycline Hyclate,34,34,451,1437.4,26,#,,,,,#,
1003133984,Cardenas,Blanca,San Diego,CA,06,Nurse Practitioner,Claim-Specialty,Duloxetine Hcl,Duloxetine Hcl,24,24,720,869.62,,,24,24,869.62,720,*,
1003133984,Cardenas,Blanca,San Diego,CA,06,Nurse Practitioner,Claim-Specialty,Eliquis,Apixaban,69,69.1,1429,26844.92,,#,,,,,*,
1003133984,Cardenas,Blanca,San Diego,CA,06,Nurse Practitioner,Claim-Specialty,Escitalopram Oxalate,Escitalopram Oxalate,19,23.1,665,430.89,,,19,23.1,430.89,665,*,
1003133984,Cardenas,Blanca,San Diego,CA,06,Nurse Practitioner,Claim-Specialty,Famotidine,Famotidine,57,59.2,1690,705.64,,,21,23,232.62,675,*,
1003133984,Cardenas,Blanca,San Diego,CA,06,Nurse Practitioner,Claim-Specialty,Farxiga,Dapagliflozin Propanediol,12,12.3,371,7552.98,,,12,12.3,7552.98,371,*,
1003133984,Cardenas,Blanca,San Diego,CA,06,Nurse Practitioner,Claim-Specialty,Felbamate,Felbamate,12,12.1,355,4488.33,,,0,0,0,0,#,
1003133984,Cardenas,Blanca,San Diego,CA,06,Nurse Practitioner,Claim-Specialty,Fenofibrate,Fenofibrate,12,12,360,303.37,,#,,,,,*,
1003133984,Cardenas,Blanca,San Diego,CA,06,Nurse Practitioner,Claim-Specialty,Fenofibrate,Fenofibrate Nanocrystallized,28,28,822,1312.26,,,16,16,518.67,462,*,
1003133984,Cardenas,Blanca,San Diego,CA,06,Nurse Practitioner,Claim-Specialty,Fenofibrate,"Fenofibrate,micronized",11,11.1,314,1641.61,,,11,11.1,1641.61,314,*,
1003133984,Cardenas,Blanca,San Diego,CA,06,Nurse Practitioner,Claim-Specialty,Finasteride,Finasteride,51,55.1,941,311.95,,,51,55.1,311.95,941,*,
1003133984,Cardenas,Blanca,San Diego,CA,06,Nurse Practitioner,Claim-Specialty,Fludrocortisone Acetate,Fludrocortisone Acetate,31,31.1,899,628.33,,*,,,,,*,
1003133984,Cardenas,Blanca,San Diego,CA,06,Nurse Practitioner,Claim-Specialty,Fluoxetine Hcl,Fluoxetine Hcl,54,62.3,1779,912.44,,,24,32,604.18,896,*,
1003133984,Cardenas,Blanca,San Diego,CA,06,Nurse Practitioner,Claim-Specialty,Fluticasone Propionate,Fluticasone Propionate,14,16.1,483,241.81,,*,,,,,*,
1003133984,Cardenas,Blanca,San Diego,CA,06,Nurse Practitioner,Claim-Specialty,Furosemide,Furosemide,131,139.1,2989,594.19,18,#,,,,,#,
1003133984,Cardenas,Blanca,San Diego,CA,06,Nurse Practitioner,Claim-Specialty,Gabapentin,Gabapentin,97,97,2826,3025.99,18,,79,79,1991.53,2312,#,
1003133984,Cardenas,Blanca,San Diego,CA,06,Nurse Practitioner,Claim-Specialty,Glipizide,Glipizide,31,37,1082,320.46,,,16,22,248.49,660,*,
1003133984,Cardenas,Blanca,San Diego,CA,06,Nurse Practitioner,Claim-Specialty,Hydrochlorothiazide,Hydrochlorothiazide,26,26,774,138.3,,*,,,,,*,
1003133984,Cardenas,Blanca,San Diego,CA,06,Nurse Practitioner,Claim-Specialty,Hydrocodone-Acetaminophen,Hydrocodone/Acetaminophen,35,35,934,1311.05,,,35,35,1311.05,934,*,
1003133984,Cardenas,Blanca,San Diego,CA,06,Nurse Practitioner,Claim-Specialty,Ibuprofen,Ibuprofen,37,37,1002,391.45,11,*,,,,,*,
1003133984,Cardenas,Blanca,San Diego,CA,06,Nurse Practitioner,Claim-Specialty,Icosapent Ethyl,Icosapent Ethyl,14,14,400,3657.24,,,14,14,3657.24,400,*,
1003133984,Cardenas,Blanca,San Diego,CA,06,Nurse Practitioner,Claim-Specialty,Invokana,Canagliflozin,12,12.1,364,7524.88,,,0,0,0,0,#,
1003133984,Cardenas,Blanca,San Diego,CA,06,Nurse Practitioner,Claim-Specialty,Januvia,Sitagliptin Phosphate,14,14,420,7972.34,,,14,14,7972.34,420,*,
1003133984,Cardenas,Blanca,San Diego,CA,06,Nurse Practitioner,Claim-Specialty,Jardiance,Empagliflozin,20,20,577,12300.26,,*,,,,,*,
1003133984,Cardenas,Blanca,San Diego,CA,06,Nurse Practitioner,Claim-Specialty,Lacosamide,Lacosamide,11,11.1,315,3380.76,,,0,0,0,0,#,
1003133984,Cardenas,Blanca,San Diego,CA,06,Nurse Practitioner,Claim-Specialty,Lamotrigine,Lamotrigine,14,14,420,170.57,,*,,,,,*,
1003133984,Cardenas,Blanca,San Diego,CA,06,Nurse Practitioner,Claim-Specialty,Levetiracetam,Levetiracetam,95,97.7,2887,3514.15,,*,,,,,*,
1003133984,Cardenas,Blanca,San Diego,CA,06,Nurse Practitioner,Claim-Specialty,Levocetirizine Dihydrochloride,Levocetirizine Dihydrochloride,11,11.1,334,240.95,,,11,11.1,240.95,334,*,
1003133984,Cardenas,Blanca,San Diego,CA,06,Nurse Practitioner,Claim-Specialty,Levofloxacin,Levofloxacin,11,11,92,144.34,11,*,,,,,*,
1003133984,Cardenas,Blanca,San Diego,CA,06,Nurse Practitioner,Claim-Specialty,Levothyroxine Sodium,Levothyroxine Sodium,180,194.6,5663,2585.17,25,,79,93.2,1206.45,2656,#,
1003133984,Cardenas,Blanca,San Diego,CA,06,Nurse Practitioner,Claim-Specialty,Lisinopril,Lisinopril,124,130.3,3842,1015.27,19,,85,91.1,787.85,2717,#,
1003133984,Cardenas,Blanca,San Diego,CA,06,Nurse Practitioner,Claim-Specialty,Lorazepam,Lorazepam,40,40.2,1116,421.9,,*,,,,,*,
1003133984,Cardenas,Blanca,San Diego,CA,06,Nurse Practitioner,Claim-Specialty,Losartan Potassium,Losartan Potassium,56,60,1402,751.71,,,38,42,611.9,890,*,
1003133984,Cardenas,Blanca,San Diego,CA,06,Nurse Practitioner,Claim-Specialty,Lubiprostone,Lubiprostone,12,12.1,364,1209.4,,,0,0,0,0,#,
1003133984,Cardenas,Blanca,San Diego,CA,06,Nurse Practitioner,Claim-Specialty,Meloxicam,Meloxicam,13,13,378,109.33,,,13,13,109.33,378,*,
1003133984,Cardenas,Blanca,San Diego,CA,06,Nurse Practitioner,Claim-Specialty,Memantine Hcl,Memantine Hcl,18,24,716,1058.73,,,18,24,1058.73,716,*,
1003133984,Cardenas,Blanca,San Diego,CA,06,Nurse Practitioner,Claim-Specialty,Mesalamine,Mesalamine,14,14,415,10125.89,,*,,,,,*,
1003133984,Cardenas,Blanca,San Diego,CA,06,Nurse Practitioner,Claim-Specialty,Metformin Hcl,Metformin Hcl,150,152.6,4484,1274.49,20,,45,47.2,464.48,1380,*,
1003133984,Cardenas,Blanca,San Diego,CA,06,Nurse Practitioner,Claim-Specialty,Metformin Hcl Er,Metformin Hcl,11,11.1,333,71.85,,,0,0,0,0,#,
1003133984,Cardenas,Blanca,San Diego,CA,06,Nurse Practitioner,Claim-Specialty,Methadone Hcl,Methadone Hcl,12,12,360,434.96,,,12,12,434.96,360,*,
1003133984,Cardenas,Blanca,San Diego,CA,06,Nurse Practitioner,Claim-Specialty,Metoprolol Succinate,Metoprolol Succinate,103,105.6,3109,1588.15,13,,71,73.6,1134.28,2149,*,
1003133984,Cardenas,Blanca,San Diego,CA,06,Nurse Practitioner,Claim-Specialty,Metoprolol Tartrate,Metoprolol Tartrate,86,94.4,2746,577.13,,,55,63.3,350.21,1849,*,
1003133984,Cardenas,Blanca,San Diego,CA,06,Nurse Practitioner,Claim-Specialty,Midodrine Hcl,Midodrine Hcl,27,27,810,4754.36,,*,,,,,*,
1003133984,Cardenas,Blanca,San Diego,CA,06,Nurse Practitioner,Claim-Specialty,Mirtazapine,Mirtazapine,60,64.1,1860,1286.1,12,,60,64.1,1286.1,1860,,12
1003133984,Cardenas,Blanca,San Diego,CA,06,Nurse Practitioner,Claim-Specialty,Montelukast Sodium,Montelukast Sodium,106,106.2,3026,1601.32,15,,27,27,428.56,756,*,
1003133984,Cardenas,Blanca,San Diego,CA,06,Nurse Practitioner,Claim-Specialty,Morphine Sulfate Er,Morphine Sulfate,27,27.3,785,2457.14,,#,,,,,*,
1003133984,Cardenas,Blanca,San Diego,CA,06,Nurse Practitioner,Claim-Specialty,Nabumetone,Nabumetone,12,12.1,364,240.67,,,12,12.1,240.67,364,*,
1003133984,Cardenas,Blanca,San Diego,CA,06,Nurse Practitioner,Claim-Specialty,Nifedipine Er,Nifedipine,16,16,480,398.95,,*,,,,,*,
1003133984,Cardenas,Blanca,San Diego,CA,06,Nurse Practitioner,Claim-Specialty,Nitrofurantoin Mono-Macro,Nitrofurantoin Monohyd/M-Cryst,19,19,210,808.88,16,#,,,,,#,
1003133984,Cardenas,Blanca,San Diego,CA,06,Nurse Practitioner,Claim-Specialty,Nyamyc,Nystatin,12,12,150,375.95,,*,,,,,*,
1003133984,Cardenas,Blanca,San Diego,CA,06,Nurse Practitioner,Claim-Specialty,Nystatin,Nystatin,26,26,432,411.73,,*,,,,,*,
1003133984,Cardenas,Blanca,San Diego,CA,06,Nurse Practitioner,Claim-Specialty,Olanzapine,Olanzapine,114,120.5,3472,2664.7,11,,48,52.1,1184.08,1500,*,
1003133984,Cardenas,Blanca,San Diego,CA,06,Nurse Practitioner,Claim-Specialty,Omeprazole,Omeprazole,136,154.2,4453,1778.87,22,,62,80.2,781.72,2289,#,
1003133984,Cardenas,Blanca,San Diego,CA,06,Nurse Practitioner,Claim-Specialty,Oxybutynin Chloride,Oxybutynin Chloride,27,27.2,797,636.42,,,27,27.2,636.42,797,*,
1003133984,Cardenas,Blanca,San Diego,CA,06,Nurse Practitioner,Claim-Specialty,Oxycodone Hcl,Oxycodone Hcl,29,29.5,828,968.15,,#,,,,,*,
1003133984,Cardenas,Blanca,San Diego,CA,06,Nurse Practitioner,Claim-Specialty,Oxycodone-Acetaminophen,Oxycodone Hcl/Acetaminophen,29,29,870,760.33,,#,,,,,*,
1003133984,Cardenas,Blanca,San Diego,CA,06,Nurse Practitioner,Claim-Specialty,Oxycontin,Oxycodone Hcl,11,11,330,9048.49,,,11,11,9048.49,330,*,
1003133984,Cardenas,Blanca,San Diego,CA,06,Nurse Practitioner,Claim-Specialty,Pantoprazole Sodium,Pantoprazole Sodium,105,107.4,2419,1045.18,17,,84,86.3,779.47,1786,#,
1003133984,Cardenas,Blanca,San Diego,CA,06,Nurse Practitioner,Claim-Specialty,Pioglitazone Hcl,Pioglitazone Hcl,17,17,496,198.09,,*,,,,,*,
1003133984,Cardenas,Blanca,San Diego,CA,06,Nurse Practitioner,Claim-Specialty,Potassium Chloride,Potassium Chloride,69,69.1,1971,883.91,11,,48,48.1,588.73,1364,*,
1003133984,Cardenas,Blanca,San Diego,CA,06,Nurse Practitioner,Claim-Specialty,Pravastatin Sodium,Pravastatin Sodium,26,30.4,912,390.39,,,26,30.4,390.39,912,*,
1003133984,Cardenas,Blanca,San Diego,CA,06,Nurse Practitioner,Claim-Specialty,Prednisone,Prednisone,19,19,418,158.57,,#,,,,,*,
1003133984,Cardenas,Blanca,San Diego,CA,06,Nurse Practitioner,Claim-Specialty,Quetiapine Fumarate,Quetiapine Fumarate,57,57.1,1615,1742.93,,,46,46.1,1629.29,1285,*,
1003133984,Cardenas,Blanca,San Diego,CA,06,Nurse Practitioner,Claim-Specialty,Risperidone,Risperidone,65,65.5,1876,914.12,,,19,19,207.13,562,*,
1003133984,Cardenas,Blanca,San Diego,CA,06,Nurse Practitioner,Claim-Specialty,Rybelsus,Semaglutide,13,15,450,14566.69,,*,,,,,*,
1003133984,Cardenas,Blanca,San Diego,CA,06,Nurse Practitioner,Claim-Specialty,Sertraline Hcl,Sertraline Hcl,50,52,1498,520.27,,#,,,,,*,
1003133984,Cardenas,Blanca,San Diego,CA,06,Nurse Practitioner,Claim-Specialty,Simvastatin,Simvastatin,113,113.2,3324,730.23,13,,41,41.2,254.04,1225,*,
1003133984,Cardenas,Blanca,San Diego,CA,06,Nurse Practitioner,Claim-Specialty,Sulfamethoxazole-Trimethoprim,Sulfamethoxazole/Trimethoprim,14,14,311,137.14,,#,,,,,*,
1003133984,Cardenas,Blanca,San Diego,CA,06,Nurse Practitioner,Claim-Specialty,Tamsulosin Hcl,Tamsulosin Hcl,64,74.3,2205,1431.79,13,#,,,,,#,
1003133984,Cardenas,Blanca,San Diego,CA,06,Nurse Practitioner,Claim-Specialty,Tolterodine Tartrate Er,Tolterodine Tartrate,12,12,360,1186.24,,,12,12,1186.24,360,*,
1003133984,Cardenas,Blanca,San Diego,CA,06,Nurse Practitioner,Claim-Specialty,Topiramate,Topiramate,30,30.3,907,407.36,,*,,,,,*,
1003133984,Cardenas,Blanca,San Diego,CA,06,Nurse Practitioner,Claim-Specialty,Toujeo Solostar,"Insulin Glargine,hum.Rec.Anlog",25,26,645,12984.84,,,14,14,7158.79,348,*,
1003133984,Cardenas,Blanca,San Diego,CA,06,Nurse Practitioner,Claim-Specialty,Tradjenta,Linagliptin,19,19,542,9968.1,,*,,,,,*,
1003133984,Cardenas,Blanca,San Diego,CA,06,Nurse Practitioner,Claim-Specialty,Tramadol Hcl,Tramadol Hcl,32,32,777,194.06,,#,,,,,*,
1003133984,Cardenas,Blanca,San Diego,CA,06,Nurse Practitioner,Claim-Specialty,Trazodone Hcl,Trazodone Hcl,114,116.1,3329,1309.94,21,,37,37,398.11,1031,*,
1003133984,Cardenas,Blanca,San Diego,CA,06,Nurse Practitioner,Claim-Specialty,Triamcinolone Acetonide,Triamcinolone Acetonide,14,14,405,112.83,,#,,,,,*,
1003133984,Cardenas,Blanca,San Diego,CA,06,Nurse Practitioner,Claim-Specialty,Triamterene-Hydrochlorothiazid,Triamterene/Hydrochlorothiazid,22,22,640,202.75,,,22,22,202.75,640,*,
1003133984,Cardenas,Blanca,San Diego,CA,06,Nurse Practitioner,Claim-Specialty,Trulicity,Dulaglutide,46,46,1304,44096.5,,,34,34,32296.78,968,*,
1003133984,Cardenas,Blanca,San Diego,CA,06,Nurse Practitioner,Claim-Specialty,Ventolin Hfa,Albuterol Sulfate,15,19.3,525,988.95,,,15,19.3,988.95,525,*,
1003133984,Cardenas,Blanca,San Diego,CA,06,Nurse Practitioner,Claim-Specialty,Zolpidem Tartrate,Zolpidem Tartrate,25,25,750,215.35,,,0,0,0,0,#,
1003134180,Won,Sara,Walnut Creek,CA,06,Obstetrics & Gynecology,Claim-Specialty,Estradiol,Estradiol,29,110.6,3318,1316.12,22,,29,110.6,1316.12,3318,,22
1003134180,Won,Sara,Walnut Creek,CA,06,Obstetrics & Gynecology,Claim-Specialty,Estring,Estradiol,21,63.7,1910,12455.53,,,21,63.7,12455.53,1910,*,
1003134180,Won,Sara,Walnut Creek,CA,06,Obstetrics & Gynecology,Claim-Specialty,Yuvafem,Estradiol,46,98.7,2926,4508.56,13,,46,98.7,4508.56,2926,,13
1003134263,Cervantes,Blanca,Santa Ana,CA,06,Psychiatry & Neurology,NPPES-Taxonomy,Gabapentin,Gabapentin,19,19,547,116.86,,#,,,,,*,
1003134263,Cervantes,Blanca,Santa Ana,CA,06,Psychiatry & Neurology,NPPES-Taxonomy,Lamotrigine,Lamotrigine,36,50.4,1499,266.69,,#,,,,,*,
1003134263,Cervantes,Blanca,Santa Ana,CA,06,Psychiatry & Neurology,NPPES-Taxonomy,Lithium Carbonate Er,Lithium Carbonate,15,15.1,454,191.34,,*,,,,,*,
1003134263,Cervantes,Blanca,Santa Ana,CA,06,Psychiatry & Neurology,NPPES-Taxonomy,Olanzapine,Olanzapine,20,21,630,548.52,,#,,,,,*,
1003134263,Cervantes,Blanca,Santa Ana,CA,06,Psychiatry & Neurology,NPPES-Taxonomy,Paroxetine Hcl,Paroxetine Hcl,12,12,360,10.2,,,12,12,10.2,360,*,
1003134263,Cervantes,Blanca,Santa Ana,CA,06,Psychiatry & Neurology,NPPES-Taxonomy,Propranolol Hcl,Propranolol Hcl,11,13.5,390,166.86,,*,,,,,*,
1003134263,Cervantes,Blanca,Santa Ana,CA,06,Psychiatry & Neurology,NPPES-Taxonomy,Trazodone Hcl,Trazodone Hcl,15,25,720,243.88,,#,,,,,*,
1003134552,Ang Lee,Romeo,Brea,CA,06,Pharmacist,NPPES-Taxonomy,Abrysvo,"Rsv Vacc, Pref A And Pref B/Pf",38,38,38,12264.57,38,,38,38,12264.57,38,,38
1003134552,Ang Lee,Romeo,Brea,CA,06,Pharmacist,NPPES-Taxonomy,Arexvy,Rsvpref3 Antigen/As01e/Pf,25,25,25,7721.96,25,#,,,,,#,
1003134552,Ang Lee,Romeo,Brea,CA,06,Pharmacist,NPPES-Taxonomy,Boostrix Tdap,"Diphth,pertuss(Acell),tet Vac",18,18,18,1240,18,#,,,,,#,
1003134552,Ang Lee,Romeo,Brea,CA,06,Pharmacist,NPPES-Taxonomy,Shingrix,Varicella-Zoster Ge/As01b/Pf,44,44,44,9319.69,44,#,,,,,#,
1003135823,Schiltz,Clayton,Gilroy,CA,06,Dermatology,Claim-Specialty,Betamethasone Dipropionate,Betamethasone Dipropionate,61,62,1557,3503.76,25,,61,62,3503.76,1557,,25
1003135823,Schiltz,Clayton,Gilroy,CA,06,Dermatology,Claim-Specialty,Cephalexin,Cephalexin,34,34,315,736.7,22,#,,,,,#,
1003135823,Schiltz,Clayton,Gilroy,CA,06,Dermatology,Claim-Specialty,Clindamycin Phosphate,Clindamycin Phosphate,40,40,1034,1938.61,17,,18,18,545.06,500,*,
1003135823,Schiltz,Clayton,Gilroy,CA,06,Dermatology,Claim-Specialty,Doxycycline Monohydrate,Doxycycline Monohydrate,20,24,656,1009,,#,,,,,*,
1003135823,Schiltz,Clayton,Gilroy,CA,06,Dermatology,Claim-Specialty,Dupixent Pen,Dupilumab,14,14,392,56362.46,,,14,14,56362.46,392,*,
1003135823,Schiltz,Clayton,Gilroy,CA,06,Dermatology,Claim-Specialty,Fluocinonide,Fluocinonide,40,44.7,1310,3473.92,25,,40,44.7,3473.92,1310,,25
1003135823,Schiltz,Clayton,Gilroy,CA,06,Dermatology,Claim-Specialty,Fluorouracil,Fluorouracil,33,36,848,3929.1,29,#,,,,,#,
1003135823,Schiltz,Clayton,Gilroy,CA,06,Dermatology,Claim-Specialty,Jublia,Efinaconazole,12,13,390,10009.41,,,12,13,10009.41,390,*,
1003135823,Schiltz,Clayton,Gilroy,CA,06,Dermatology,Claim-Specialty,Ketoconazole,Ketoconazole,33,35,1034,1044.64,19,#,,,,,#,
1003135823,Schiltz,Clayton,Gilroy,CA,06,Dermatology,Claim-Specialty,Metronidazole,Metronidazole,16,16,465,1794.82,12,*,,,,,*,
1003135823,Schiltz,Clayton,Gilroy,CA,06,Dermatology,Claim-Specialty,Mometasone Furoate,Mometasone Furoate,23,23,595,863.22,18,#,,,,,#,
1003135823,Schiltz,Clayton,Gilroy,CA,06,Dermatology,Claim-Specialty,Mupirocin,Mupirocin,24,24,484,367,16,#,,,,,#,
1003135823,Schiltz,Clayton,Gilroy,CA,06,Dermatology,Claim-Specialty,Nystatin,Nystatin,18,18,470,294.73,14,#,,,,,#,
1003135823,Schiltz,Clayton,Gilroy,CA,06,Dermatology,Claim-Specialty,Opzelura,Ruxolitinib Phosphate,11,11,330,22003.31,,*,,,,,*,
1003135823,Schiltz,Clayton,Gilroy,CA,06,Dermatology,Claim-Specialty,Prednisone,Prednisone,24,24,256,83.77,,,24,24,83.77,256,*,
1003135823,Schiltz,Clayton,Gilroy,CA,06,Dermatology,Claim-Specialty,Skyrizi Pen,Risankizumab-Rzaa,15,40.2,1204,323492.27,,*,,,,,*,
1003135823,Schiltz,Clayton,Gilroy,CA,06,Dermatology,Claim-Specialty,Triamcinolone Acetonide,Triamcinolone Acetonide,139,159.2,4273,1266.36,107,,128,148.2,1154.87,4046,#,
1003135930,Broschard,Lewis,Fairfield,CA,06,General Practice,NPPES-Taxonomy,Nebivolol Hcl,Nebivolol Hcl,12,12,360,988.84,,,12,12,988.84,360,*,
1003135930,Broschard,Lewis,Fairfield,CA,06,General Practice,NPPES-Taxonomy,Rosuvastatin Calcium,Rosuvastatin Calcium,12,12,360,173.54,,,12,12,173.54,360,*,
1003136144,Jun,Hee,Hesperia,CA,06,Pharmacist,NPPES-Taxonomy,Abrysvo,"Rsv Vacc, Pref A And Pref B/Pf",29,29,29,9393.22,29,#,,,,,#,
1003136144,Jun,Hee,Hesperia,CA,06,Pharmacist,NPPES-Taxonomy,Boostrix Tdap,"Diphth,pertuss(Acell),tet Vac",11,11,11,752.43,11,*,,,,,*,
1003136144,Jun,Hee,Hesperia,CA,06,Pharmacist,NPPES-Taxonomy,Shingrix,Varicella-Zoster Ge/As01b/Pf,23,23,23,4911.28,20,#,,,,,#,
1003136565,Petrossian,Albert,Long Beach,CA,06,Urology,Claim-Specialty,Alfuzosin Hcl Er,Alfuzosin Hcl,40,116,3480,1870.89,15,,40,116,1870.89,3480,,15
1003136565,Petrossian,Albert,Long Beach,CA,06,Urology,Claim-Specialty,Amoxicillin-Clavulanate Potass,Amoxicillin/Potassium Clav,34,34,229,304.53,26,#,,,,,#,
1003136565,Petrossian,Albert,Long Beach,CA,06,Urology,Claim-Specialty,Cefpodoxime Proxetil,Cefpodoxime Proxetil,18,18,109,711.04,12,,18,18,711.04,109,,12
1003136565,Petrossian,Albert,Long Beach,CA,06,Urology,Claim-Specialty,Cephalexin,Cephalexin,18,18,105,74.71,14,,18,18,74.71,105,,14
1003136565,Petrossian,Albert,Long Beach,CA,06,Urology,Claim-Specialty,Ciprofloxacin Hcl,Ciprofloxacin Hcl,107,107,604,770.17,73,#,,,,,#,
1003136565,Petrossian,Albert,Long Beach,CA,06,Urology,Claim-Specialty,Dutasteride,Dutasteride,33,75,2250,2269.32,,#,,,,,*,
1003136565,Petrossian,Albert,Long Beach,CA,06,Urology,Claim-Specialty,Dutasteride-Tamsulosin,Dutasteride/Tamsulosin Hcl,18,34,1020,1058.88,,,18,34,1058.88,1020,*,
1003136565,Petrossian,Albert,Long Beach,CA,06,Urology,Claim-Specialty,Estradiol,Estradiol,18,46.1,1380,1655.15,,,18,46.1,1655.15,1380,*,
1003136565,Petrossian,Albert,Long Beach,CA,06,Urology,Claim-Specialty,Finasteride,Finasteride,292,808.4,24249,7521.5,91,#,,,,,#,
1003136565,Petrossian,Albert,Long Beach,CA,06,Urology,Claim-Specialty,Fosfomycin Tromethamine,Fosfomycin Tromethamine,11,11,189,684.56,,,11,11,684.56,189,*,
1003136565,Petrossian,Albert,Long Beach,CA,06,Urology,Claim-Specialty,Gemtesa,Vibegron,26,59,1770,28986.91,11,,26,59,28986.91,1770,,11
1003136565,Petrossian,Albert,Long Beach,CA,06,Urology,Claim-Specialty,Gentamicin Sulfate,Gentamicin Sulfate,18,18,481,73.02,,,18,18,73.02,481,*,
1003136565,Petrossian,Albert,Long Beach,CA,06,Urology,Claim-Specialty,Hydrocodone-Acetaminophen,Hydrocodone/Acetaminophen,27,27,101,132.53,27,,27,27,132.53,101,,27
1003136565,Petrossian,Albert,Long Beach,CA,06,Urology,Claim-Specialty,Levofloxacin,Levofloxacin,59,59,232,258.85,50,#,,,,,#,
1003136565,Petrossian,Albert,Long Beach,CA,06,Urology,Claim-Specialty,Methenamine Hippurate,Methenamine Hippurate,25,37,1090,2168.76,,,25,37,2168.76,1090,*,
1003136565,Petrossian,Albert,Long Beach,CA,06,Urology,Claim-Specialty,Myrbetriq,Mirabegron,191,322.3,8176,126968.64,50,,169,298,115273.12,7450,#,
1003136565,Petrossian,Albert,Long Beach,CA,06,Urology,Claim-Specialty,Nitrofurantoin Mono-Macro,Nitrofurantoin Monohyd/M-Cryst,13,13,175,385.03,11,,13,13,385.03,175,,11
1003136565,Petrossian,Albert,Long Beach,CA,06,Urology,Claim-Specialty,Orgovyx,Relugolix,15,15,446,40882.91,,,15,15,40882.91,446,*,
1003136565,Petrossian,Albert,Long Beach,CA,06,Urology,Claim-Specialty,Oxybutynin Chloride,Oxybutynin Chloride,99,105.6,2124,1450.5,,,88,94.4,1337.38,1811,*,
1003136565,Petrossian,Albert,Long Beach,CA,06,Urology,Claim-Specialty,Oxybutynin Chloride Er,Oxybutynin Chloride,86,186.2,5307,3424.26,26,#,,,,,#,
1003136565,Petrossian,Albert,Long Beach,CA,06,Urology,Claim-Specialty,Potassium Citrate Er,Potassium Citrate,93,143.3,4277,11537.98,29,,93,143.3,11537.98,4277,,29
1003136565,Petrossian,Albert,Long Beach,CA,06,Urology,Claim-Specialty,Sulfamethoxazole-Trimethoprim,Sulfamethoxazole/Trimethoprim,64,64,666,480.75,46,#,,,,,#,
1003136565,Petrossian,Albert,Long Beach,CA,06,Urology,Claim-Specialty,Tadalafil,Tadalafil,25,75,2250,3078.94,11,,25,75,3078.94,2250,,11
1003136565,Petrossian,Albert,Long Beach,CA,06,Urology,Claim-Specialty,Tamsulosin Hcl,Tamsulosin Hcl,419,1081.4,31212,9396.95,125,#,,,,,#,
1003136565,Petrossian,Albert,Long Beach,CA,06,Urology,Claim-Specialty,Terazosin Hcl,Terazosin Hcl,11,21,630,272.25,,,11,21,272.25,630,*,
1003136565,Petrossian,Albert,Long Beach,CA,06,Urology,Claim-Specialty,Testosterone Cypionate,Testosterone Cypionate,39,88.6,2636,1788.52,19,#,,,,,#,
1003136565,Petrossian,Albert,Long Beach,CA,06,Urology,Claim-Specialty,Xtandi,Enzalutamide,19,19,570,284335.32,,,19,19,284335.32,570,*,
1003136813,Patel,Nemish,Covina,CA,06,Internal Medicine,Claim-Specialty,Albuterol Sulfate Hfa,Albuterol Sulfate,18,20,600,332.4,15,#,,,,,#,
1003136813,Patel,Nemish,Covina,CA,06,Internal Medicine,Claim-Specialty,Amlodipine Besylate,Amlodipine Besylate,29,85.9,2580,340.43,18,#,,,,,#,
1003136813,Patel,Nemish,Covina,CA,06,Internal Medicine,Claim-Specialty,Atenolol,Atenolol,11,23.5,701,153.72,,,11,23.5,153.72,701,*,
1003136813,Patel,Nemish,Covina,CA,06,Internal Medicine,Claim-Specialty,Atorvastatin Calcium,Atorvastatin Calcium,12,34.9,1048,184.08,,,12,34.9,184.08,1048,*,
1003136813,Patel,Nemish,Covina,CA,06,Internal Medicine,Claim-Specialty,Bisoprolol Fumarate,Bisoprolol Fumarate,16,46.6,1400,432.75,,#,,,,,*,
1003136813,Patel,Nemish,Covina,CA,06,Internal Medicine,Claim-Specialty,Cefpodoxime Proxetil,Cefpodoxime Proxetil,26,26,113,469.16,26,,26,26,469.16,113,,26
1003136813,Patel,Nemish,Covina,CA,06,Internal Medicine,Claim-Specialty,Cephalexin,Cephalexin,16,16,59,122.72,16,#,,,,,#,
1003136813,Patel,Nemish,Covina,CA,06,Internal Medicine,Claim-Specialty,Ciprofloxacin Hcl,Ciprofloxacin Hcl,21,21,141,166.66,20,,21,21,166.66,141,,20
1003136813,Patel,Nemish,Covina,CA,06,Internal Medicine,Claim-Specialty,Doxycycline Monohydrate,Doxycycline Monohydrate,17,17,78,138.02,17,,17,17,138.02,78,,17
1003136813,Patel,Nemish,Covina,CA,06,Internal Medicine,Claim-Specialty,Eliquis,Apixaban,14,29.7,890,14381.9,,,14,29.7,14381.9,890,*,
1003136813,Patel,Nemish,Covina,CA,06,Internal Medicine,Claim-Specialty,Furosemide,Furosemide,45,126.7,3765,634.25,29,#,,,,,#,
1003136813,Patel,Nemish,Covina,CA,06,Internal Medicine,Claim-Specialty,Humulin N Kwikpen,Insulin Nph Human Isophane,16,39.5,1184,3713.3,,,16,39.5,3713.3,1184,*,
1003136813,Patel,Nemish,Covina,CA,06,Internal Medicine,Claim-Specialty,Hydralazine Hcl,Hydralazine Hcl,12,23.7,683,276.92,,*,,,,,*,
1003136813,Patel,Nemish,Covina,CA,06,Internal Medicine,Claim-Specialty,Hydrocodone-Acetaminophen,Hydrocodone/Acetaminophen,12,12,58,99.76,12,#,,,,,#,
1003136813,Patel,Nemish,Covina,CA,06,Internal Medicine,Claim-Specialty,Isosorbide Mononitrate Er,Isosorbide Mononitrate,11,26.7,800,128.37,,,11,26.7,128.37,800,*,
1003136813,Patel,Nemish,Covina,CA,06,Internal Medicine,Claim-Specialty,Losartan Potassium,Losartan Potassium,13,33.5,981,168.79,,,13,33.5,168.79,981,*,
1003136813,Patel,Nemish,Covina,CA,06,Internal Medicine,Claim-Specialty,Metoprolol Tartrate,Metoprolol Tartrate,16,30.7,895,128.62,,,16,30.7,128.62,895,*,
1003136813,Patel,Nemish,Covina,CA,06,Internal Medicine,Claim-Specialty,Metronidazole,Metronidazole,11,11,74,80.75,11,,11,11,80.75,74,,11
1003136813,Patel,Nemish,Covina,CA,06,Internal Medicine,Claim-Specialty,Omeprazole,Omeprazole,16,37.7,1130,156.31,14,,16,37.7,156.31,1130,,14
1003136813,Patel,Nemish,Covina,CA,06,Internal Medicine,Claim-Specialty,Ondansetron Odt,Ondansetron,15,15,170,197.61,15,#,,,,,#,
1003136813,Patel,Nemish,Covina,CA,06,Internal Medicine,Claim-Specialty,Potassium Chloride,Potassium Chloride,13,36,1075,654.66,,,13,36,654.66,1075,*,
1003136813,Patel,Nemish,Covina,CA,06,Internal Medicine,Claim-Specialty,Pradaxa,Dabigatran Etexilate Mesylate,20,26.3,790,2735.41,,,20,26.3,2735.41,790,*,
1003136813,Patel,Nemish,Covina,CA,06,Internal Medicine,Claim-Specialty,Prednisone,Prednisone,22,30.3,592,234.07,18,,22,30.3,234.07,592,,18
1003136813,Patel,Nemish,Covina,CA,06,Internal Medicine,Claim-Specialty,Spiriva Respimat,Tiotropium Bromide,27,33,990,9456.74,,,27,33,9456.74,990,*,
1003136813,Patel,Nemish,Covina,CA,06,Internal Medicine,Claim-Specialty,Terazosin Hcl,Terazosin Hcl,12,26,780,453.31,,#,,,,,*,
1003136813,Patel,Nemish,Covina,CA,06,Internal Medicine,Claim-Specialty,Wixela Inhub,Fluticasone Propion/Salmeterol,12,16,480,1709.96,,,12,16,1709.96,480,*,
1003136870,Shiau,Allan,Compton,CA,06,Pharmacist,NPPES-Taxonomy,Shingrix,Varicella-Zoster Ge/As01b/Pf,15,15,15,3124.82,15,#,,,,,#,
1003139445,Henry,Joseph,Walnut Creek,CA,06,Internal Medicine,Claim-Specialty,Albuterol Sulfate Hfa,Albuterol Sulfate,12,12,221,414.84,,,12,12,414.84,221,*,
1003139445,Henry,Joseph,Walnut Creek,CA,06,Internal Medicine,Claim-Specialty,Allopurinol,Allopurinol,20,20,565,216.16,,,20,20,216.16,565,*,
1003139445,Henry,Joseph,Walnut Creek,CA,06,Internal Medicine,Claim-Specialty,Amiodarone Hcl,Amiodarone Hcl,16,16.2,402,631.26,,,16,16.2,631.26,402,*,
1003139445,Henry,Joseph,Walnut Creek,CA,06,Internal Medicine,Claim-Specialty,Amlodipine Besylate,Amlodipine Besylate,109,111.5,3007,1374.05,33,#,,,,,#,
1003139445,Henry,Joseph,Walnut Creek,CA,06,Internal Medicine,Claim-Specialty,Atorvastatin Calcium,Atorvastatin Calcium,146,150.3,3863,2263.02,47,,131,135.2,2060.57,3506,#,
1003139445,Henry,Joseph,Walnut Creek,CA,06,Internal Medicine,Claim-Specialty,Baclofen,Baclofen,16,16,362,917.63,,*,,,,,*,
1003139445,Henry,Joseph,Walnut Creek,CA,06,Internal Medicine,Claim-Specialty,Brimonidine Tartrate,Brimonidine Tartrate,19,19.1,338,335.11,,,19,19.1,335.11,338,*,
1003139445,Henry,Joseph,Walnut Creek,CA,06,Internal Medicine,Claim-Specialty,Carvedilol,Carvedilol,105,108.3,2609,1455.03,26,,86,89.2,1141.73,2194,#,
1003139445,Henry,Joseph,Walnut Creek,CA,06,Internal Medicine,Claim-Specialty,Cefpodoxime Proxetil,Cefpodoxime Proxetil,13,13,66,524.6,11,,13,13,524.6,66,,11
1003139445,Henry,Joseph,Walnut Creek,CA,06,Internal Medicine,Claim-Specialty,Clopidogrel,Clopidogrel Bisulfate,92,94.1,2540,1239.01,23,#,,,,,#,
1003139445,Henry,Joseph,Walnut Creek,CA,06,Internal Medicine,Claim-Specialty,Colchicine,Colchicine,11,11,180,212.15,,,11,11,212.15,180,*,
1003139445,Henry,Joseph,Walnut Creek,CA,06,Internal Medicine,Claim-Specialty,Diclofenac Sodium,Diclofenac Sodium,11,11.7,248,429.85,,,11,11.7,429.85,248,*,
1003139445,Henry,Joseph,Walnut Creek,CA,06,Internal Medicine,Claim-Specialty,Digoxin,Digoxin,45,45.3,1114,1203.01,11,,45,45.3,1203.01,1114,,11
1003139445,Henry,Joseph,Walnut Creek,CA,06,Internal Medicine,Claim-Specialty,Divalproex Sodium,Divalproex Sodium,12,12,331,450.48,,,12,12,450.48,331,*,
1003139445,Henry,Joseph,Walnut Creek,CA,06,Internal Medicine,Claim-Specialty,Donepezil Hcl,Donepezil Hcl,16,16,366,251.82,,,16,16,251.82,366,*,
1003139445,Henry,Joseph,Walnut Creek,CA,06,Internal Medicine,Claim-Specialty,Dorzolamide Hcl,Dorzolamide Hcl,11,11,220,389.62,,,11,11,389.62,220,*,
1003139445,Henry,Joseph,Walnut Creek,CA,06,Internal Medicine,Claim-Specialty,Duloxetine Hcl,Duloxetine Hcl,21,21.2,567,421.95,,#,,,,,*,
1003139445,Henry,Joseph,Walnut Creek,CA,06,Internal Medicine,Claim-Specialty,Eliquis,Apixaban,101,104,1745,35185.58,29,#,,,,,#,
1003139445,Henry,Joseph,Walnut Creek,CA,06,Internal Medicine,Claim-Specialty,Escitalopram Oxalate,Escitalopram Oxalate,31,31,765,998.63,,,31,31,998.63,765,*,
1003139445,Henry,Joseph,Walnut Creek,CA,06,Internal Medicine,Claim-Specialty,Famotidine,Famotidine,13,13.1,355,79.61,,,13,13.1,79.61,355,*,
1003139445,Henry,Joseph,Walnut Creek,CA,06,Internal Medicine,Claim-Specialty,Finasteride,Finasteride,17,17,328,252.79,,*,,,,,*,
1003139445,Henry,Joseph,Walnut Creek,CA,06,Internal Medicine,Claim-Specialty,Fluoxetine Hcl,Fluoxetine Hcl,27,27.5,730,1972.67,,#,,,,,*,
1003139445,Henry,Joseph,Walnut Creek,CA,06,Internal Medicine,Claim-Specialty,Fluticasone Propionate,Fluticasone Propionate,13,13,390,218.17,,,13,13,218.17,390,*,
1003139445,Henry,Joseph,Walnut Creek,CA,06,Internal Medicine,Claim-Specialty,Furosemide,Furosemide,97,104.1,2633,728.87,37,#,,,,,#,
1003139445,Henry,Joseph,Walnut Creek,CA,06,Internal Medicine,Claim-Specialty,Gabapentin,Gabapentin,155,155.5,4124,3242.04,33,,110,110.2,2112.05,2895,#,
1003139445,Henry,Joseph,Walnut Creek,CA,06,Internal Medicine,Claim-Specialty,Heparin Sodium,"Heparin Sodium,porcine",11,11,77,573.21,,,11,11,573.21,77,*,
1003139445,Henry,Joseph,Walnut Creek,CA,06,Internal Medicine,Claim-Specialty,Hydralazine Hcl,Hydralazine Hcl,23,23,516,554.5,,,23,23,554.5,516,*,
1003139445,Henry,Joseph,Walnut Creek,CA,06,Internal Medicine,Claim-Specialty,Hydrochlorothiazide,Hydrochlorothiazide,15,15,319,105.51,,,15,15,105.51,319,*,
1003139445,Henry,Joseph,Walnut Creek,CA,06,Internal Medicine,Claim-Specialty,Hydrocodone-Acetaminophen,Hydrocodone/Acetaminophen,35,35,403,533.73,14,,20,20,298.76,255,#,
1003139445,Henry,Joseph,Walnut Creek,CA,06,Internal Medicine,Claim-Specialty,Incruse Ellipta,Umeclidinium Bromide,25,25,359,4436.95,,,25,25,4436.95,359,*,
1003139445,Henry,Joseph,Walnut Creek,CA,06,Internal Medicine,Claim-Specialty,Insulin Glargine-Yfgn,Insulin Glargine-Yfgn,12,12,300,387.9,,,12,12,387.9,300,*,
1003139445,Henry,Joseph,Walnut Creek,CA,06,Internal Medicine,Claim-Specialty,Insulin Lispro Kwikpen U-100,Insulin Lispro,15,15,139,594.63,,#,,,,,*,
1003139445,Henry,Joseph,Walnut Creek,CA,06,Internal Medicine,Claim-Specialty,Isosorbide Mononitrate Er,Isosorbide Mononitrate,18,18,518,357.7,,,18,18,357.7,518,*,
1003139445,Henry,Joseph,Walnut Creek,CA,06,Internal Medicine,Claim-Specialty,Klor-Con 10,Potassium Chloride,13,13,182,164.09,,#,,,,,*,
1003139445,Henry,Joseph,Walnut Creek,CA,06,Internal Medicine,Claim-Specialty,Labetalol Hcl,Labetalol Hcl,16,16,312,413.47,,,16,16,413.47,312,*,
1003139445,Henry,Joseph,Walnut Creek,CA,06,Internal Medicine,Claim-Specialty,Lacosamide,Lacosamide,31,31,810,4706.56,,#,,,,,*,
1003139445,Henry,Joseph,Walnut Creek,CA,06,Internal Medicine,Claim-Specialty,Lactulose,Lactulose,12,12,300,505.12,,,12,12,505.12,300,*,
1003139445,Henry,Joseph,Walnut Creek,CA,06,Internal Medicine,Claim-Specialty,Latanoprost,Latanoprost,17,17.9,462,372.49,,,17,17.9,372.49,462,*,
1003139445,Henry,Joseph,Walnut Creek,CA,06,Internal Medicine,Claim-Specialty,Levetiracetam,Levetiracetam,33,33,733,2556.18,,*,,,,,*,
1003139445,Henry,Joseph,Walnut Creek,CA,06,Internal Medicine,Claim-Specialty,Levofloxacin,Levofloxacin,13,13,67,163.6,,,13,13,163.6,67,*,
1003139445,Henry,Joseph,Walnut Creek,CA,06,Internal Medicine,Claim-Specialty,Levothyroxine Sodium,Levothyroxine Sodium,102,102,2527,1552.14,21,#,,,,,#,
1003139445,Henry,Joseph,Walnut Creek,CA,06,Internal Medicine,Claim-Specialty,Lisinopril,Lisinopril,56,56.1,1361,502.46,22,#,,,,,#,
1003139445,Henry,Joseph,Walnut Creek,CA,06,Internal Medicine,Claim-Specialty,Losartan Potassium,Losartan Potassium,23,24.1,542,233.52,12,#,,,,,#,
1003139445,Henry,Joseph,Walnut Creek,CA,06,Internal Medicine,Claim-Specialty,Memantine Hcl,Memantine Hcl,32,32.1,719,1162.93,,,32,32.1,1162.93,719,*,
1003139445,Henry,Joseph,Walnut Creek,CA,06,Internal Medicine,Claim-Specialty,Metformin Hcl,Metformin Hcl,28,28.1,613,307.3,14,,28,28.1,307.3,613,,14
1003139445,Henry,Joseph,Walnut Creek,CA,06,Internal Medicine,Claim-Specialty,Metformin Hcl Er,Metformin Hcl,28,28,715,469.89,,#,,,,,*,
1003139445,Henry,Joseph,Walnut Creek,CA,06,Internal Medicine,Claim-Specialty,Metoprolol Succinate,Metoprolol Succinate,25,27,738,418.02,13,,25,27,418.02,738,,13
1003139445,Henry,Joseph,Walnut Creek,CA,06,Internal Medicine,Claim-Specialty,Metoprolol Tartrate,Metoprolol Tartrate,64,65.6,1783,392.23,24,,52,53.6,300.61,1426,#,
1003139445,Henry,Joseph,Walnut Creek,CA,06,Internal Medicine,Claim-Specialty,Mirtazapine,Mirtazapine,28,28,690,993.89,11,,28,28,993.89,690,,11
1003139445,Henry,Joseph,Walnut Creek,CA,06,Internal Medicine,Claim-Specialty,Nifedipine Er,Nifedipine,11,11,186,197.48,,,0,0,0,0,#,
1003139445,Henry,Joseph,Walnut Creek,CA,06,Internal Medicine,Claim-Specialty,Olanzapine,Olanzapine,23,23,611,829.55,,#,,,,,*,
1003139445,Henry,Joseph,Walnut Creek,CA,06,Internal Medicine,Claim-Specialty,Ondansetron Hcl,Ondansetron Hcl,14,14,98,406.74,,#,,,,,*,
1003139445,Henry,Joseph,Walnut Creek,CA,06,Internal Medicine,Claim-Specialty,Oxycodone Hcl,Oxycodone Hcl,28,28,362,361.11,,#,,,,,*,
1003139445,Henry,Joseph,Walnut Creek,CA,06,Internal Medicine,Claim-Specialty,Oxycodone-Acetaminophen,Oxycodone Hcl/Acetaminophen,65,65,537,1724.72,,,65,65,1724.72,537,*,
1003139445,Henry,Joseph,Walnut Creek,CA,06,Internal Medicine,Claim-Specialty,Pantoprazole Sodium,Pantoprazole Sodium,82,82.3,2128,2342.27,17,,69,69.1,2121.67,1766,#,
1003139445,Henry,Joseph,Walnut Creek,CA,06,Internal Medicine,Claim-Specialty,Paroxetine Hcl,Paroxetine Hcl,29,29,770,556.08,,,29,29,556.08,770,*,
1003139445,Henry,Joseph,Walnut Creek,CA,06,Internal Medicine,Claim-Specialty,Phenytoin,Phenytoin,11,11,221,248.1,,,11,11,248.1,221,*,
1003139445,Henry,Joseph,Walnut Creek,CA,06,Internal Medicine,Claim-Specialty,Potassium Chloride,Potassium Chloride,37,37,914,764.86,,,14,14,219.73,420,*,
1003139445,Henry,Joseph,Walnut Creek,CA,06,Internal Medicine,Claim-Specialty,Pravastatin Sodium,Pravastatin Sodium,36,36,1028,1276.01,,,36,36,1276.01,1028,*,
1003139445,Henry,Joseph,Walnut Creek,CA,06,Internal Medicine,Claim-Specialty,Prednisolone Acetate,Prednisolone Acetate,12,12,260,840.92,,,12,12,840.92,260,*,
1003139445,Henry,Joseph,Walnut Creek,CA,06,Internal Medicine,Claim-Specialty,Prednisone,Prednisone,14,14.3,177,59.77,12,,14,14.3,59.77,177,,12
1003139445,Henry,Joseph,Walnut Creek,CA,06,Internal Medicine,Claim-Specialty,Pregabalin,Pregabalin,15,15,410,239.74,,,15,15,239.74,410,*,
1003139445,Henry,Joseph,Walnut Creek,CA,06,Internal Medicine,Claim-Specialty,Quetiapine Fumarate,Quetiapine Fumarate,15,15,273,216.36,,#,,,,,*,
1003139445,Henry,Joseph,Walnut Creek,CA,06,Internal Medicine,Claim-Specialty,Rivastigmine,Rivastigmine Tartrate,13,13.2,364,1133.52,,,13,13.2,1133.52,364,*,
1003139445,Henry,Joseph,Walnut Creek,CA,06,Internal Medicine,Claim-Specialty,Rosuvastatin Calcium,Rosuvastatin Calcium,19,23,690,273.48,,,19,23,273.48,690,*,
1003139445,Henry,Joseph,Walnut Creek,CA,06,Internal Medicine,Claim-Specialty,Sertraline Hcl,Sertraline Hcl,16,16,398,200.44,,#,,,,,*,
1003139445,Henry,Joseph,Walnut Creek,CA,06,Internal Medicine,Claim-Specialty,Sodium Chloride,0.9 % Sodium Chloride,11,11,12,126.65,,,11,11,126.65,12,*,
1003139445,Henry,Joseph,Walnut Creek,CA,06,Internal Medicine,Claim-Specialty,Spironolactone,Spironolactone,27,29,820,269.73,,#,,,,,*,
1003139445,Henry,Joseph,Walnut Creek,CA,06,Internal Medicine,Claim-Specialty,Tamsulosin Hcl,Tamsulosin Hcl,91,91.6,2456,1863.73,18,,73,73.4,1549.05,1947,#,
1003139445,Henry,Joseph,Walnut Creek,CA,06,Internal Medicine,Claim-Specialty,Topiramate,Topiramate,14,14,398,205.3,,,14,14,205.3,398,*,
1003139445,Henry,Joseph,Walnut Creek,CA,06,Internal Medicine,Claim-Specialty,Tradjenta,Linagliptin,23,23,323,6080.42,,,23,23,6080.42,323,*,
1003139445,Henry,Joseph,Walnut Creek,CA,06,Internal Medicine,Claim-Specialty,Travoprost,Travoprost,11,11,275,1691.53,,,11,11,1691.53,275,*,
1003139445,Henry,Joseph,Walnut Creek,CA,06,Internal Medicine,Claim-Specialty,Trazodone Hcl,Trazodone Hcl,31,32.1,813,445.57,15,#,,,,,#,
1003139445,Henry,Joseph,Walnut Creek,CA,06,Internal Medicine,Claim-Specialty,Triamcinolone Acetonide,Triamcinolone Acetonide,11,11,145,112.45,,*,,,,,*,
1003139445,Henry,Joseph,Walnut Creek,CA,06,Internal Medicine,Claim-Specialty,Xarelto,Rivaroxaban,72,72,1047,20440.02,12,#,,,,,#,
1003140013,Monzon-Duller,Jomarie,Los Angeles,CA,06,Nurse Practitioner,Claim-Specialty,Clopidogrel,Clopidogrel Bisulfate,44,104,3093,860,19,#,,,,,#,
1003140153,Munjal,Gunjan,Pleasanton,CA,06,Internal Medicine,Claim-Specialty,Cefpodoxime Proxetil,Cefpodoxime Proxetil,16,16,76,354.14,16,#,,,,,#,
1003140153,Munjal,Gunjan,Pleasanton,CA,06,Internal Medicine,Claim-Specialty,Doxycycline Monohydrate,Doxycycline Monohydrate,12,12,48,92.63,11,,12,12,92.63,48,,11
1003140153,Munjal,Gunjan,Pleasanton,CA,06,Internal Medicine,Claim-Specialty,Famotidine,Famotidine,11,18,476,80.77,,,11,18,80.77,476,*,
1003140153,Munjal,Gunjan,Pleasanton,CA,06,Internal Medicine,Claim-Specialty,Furosemide,Furosemide,20,49.9,1496,259.4,17,#,,,,,#,
1003140153,Munjal,Gunjan,Pleasanton,CA,06,Internal Medicine,Claim-Specialty,Hydralazine Hcl,Hydralazine Hcl,13,30.8,909,211.11,,*,,,,,*,
1003140153,Munjal,Gunjan,Pleasanton,CA,06,Internal Medicine,Claim-Specialty,Losartan Potassium,Losartan Potassium,13,40.6,1220,156.36,,#,,,,,*,
1003140153,Munjal,Gunjan,Pleasanton,CA,06,Internal Medicine,Claim-Specialty,Prednisone,Prednisone,12,12,104,92.72,11,,12,12,92.72,104,,11
1003140336,Iacoviello,Cecilia,Temecula,CA,06,Nurse Practitioner,NPPES-Specialty,Aripiprazole,Aripiprazole,13,21,630,1220.54,,*,,,,,*,
1003140336,Iacoviello,Cecilia,Temecula,CA,06,Nurse Practitioner,NPPES-Specialty,Bupropion Hcl Sr,Bupropion Hcl,13,22,660,440.91,,*,,,,,*,
1003140336,Iacoviello,Cecilia,Temecula,CA,06,Nurse Practitioner,NPPES-Specialty,Buspirone Hcl,Buspirone Hcl,38,83,2490,1385.13,,,23,43,262.16,1290,*,
1003140336,Iacoviello,Cecilia,Temecula,CA,06,Nurse Practitioner,NPPES-Specialty,Escitalopram Oxalate,Escitalopram Oxalate,15,34,1020,535.12,,#,,,,,*,
1003140336,Iacoviello,Cecilia,Temecula,CA,06,Nurse Practitioner,NPPES-Specialty,Fluoxetine Hcl,Fluoxetine Hcl,11,31,930,183.79,,*,,,,,*,
1003140336,Iacoviello,Cecilia,Temecula,CA,06,Nurse Practitioner,NPPES-Specialty,Hydroxyzine Hcl,Hydroxyzine Hcl,23,30.8,796,1466.49,,*,,,,,*,
1003140336,Iacoviello,Cecilia,Temecula,CA,06,Nurse Practitioner,NPPES-Specialty,Quetiapine Fumarate,Quetiapine Fumarate,32,82.1,2438,2609.36,,*,,,,,*,
1003140336,Iacoviello,Cecilia,Temecula,CA,06,Nurse Practitioner,NPPES-Specialty,Risperidone,Risperidone,31,47.5,1425,912.79,,,19,29,772.46,870,*,
1003140336,Iacoviello,Cecilia,Temecula,CA,06,Nurse Practitioner,NPPES-Specialty,Sertraline Hcl,Sertraline Hcl,23,41,1230,769.92,,,12,12,72.86,360,*,
1003140336,Iacoviello,Cecilia,Temecula,CA,06,Nurse Practitioner,NPPES-Specialty,Trazodone Hcl,Trazodone Hcl,25,62.5,1876,763.79,,,11,31,205.2,930,*,
1003140336,Iacoviello,Cecilia,Temecula,CA,06,Nurse Practitioner,NPPES-Specialty,Venlafaxine Hcl Er,Venlafaxine Hcl,17,21,630,439.82,,*,,,,,*,
1003140922,Rezvan,Kaveh,San Juan Capistrano,CA,06,Pulmonary Disease,Claim-Specialty,Acetaminophen-Codeine,Acetaminophen With Codeine,13,13,218,406,,,13,13,406,218,*,
1003140922,Rezvan,Kaveh,San Juan Capistrano,CA,06,Pulmonary Disease,Claim-Specialty,Advair Diskus,Fluticasone Propion/Salmeterol,19,37,1110,15939.36,,,19,37,15939.36,1110,*,
1003140922,Rezvan,Kaveh,San Juan Capistrano,CA,06,Pulmonary Disease,Claim-Specialty,Albuterol Sulfate Hfa,Albuterol Sulfate,119,257.2,7424,8151.93,57,#,,,,,#,
1003140922,Rezvan,Kaveh,San Juan Capistrano,CA,06,Pulmonary Disease,Claim-Specialty,Allopurinol,Allopurinol,11,11.2,286,141.49,,,11,11.2,141.49,286,*,
1003140922,Rezvan,Kaveh,San Juan Capistrano,CA,06,Pulmonary Disease,Claim-Specialty,Alprazolam,Alprazolam,16,16,232,101.71,,,16,16,101.71,232,*,
1003140922,Rezvan,Kaveh,San Juan Capistrano,CA,06,Pulmonary Disease,Claim-Specialty,Amiodarone Hcl,Amiodarone Hcl,12,12.2,303,116.98,,,12,12.2,116.98,303,*,
1003140922,Rezvan,Kaveh,San Juan Capistrano,CA,06,Pulmonary Disease,Claim-Specialty,Amlodipine Besylate,Amlodipine Besylate,94,104.8,2544,770.45,16,,79,81.8,680.58,1974,#,
1003140922,Rezvan,Kaveh,San Juan Capistrano,CA,06,Pulmonary Disease,Claim-Specialty,Anoro Ellipta,Umeclidinium Brm/Vilanterol Tr,25,45,1350,21160.64,,,25,45,21160.64,1350,*,
1003140922,Rezvan,Kaveh,San Juan Capistrano,CA,06,Pulmonary Disease,Claim-Specialty,Atorvastatin Calcium,Atorvastatin Calcium,84,95.5,2246,936.03,14,,67,70.5,753.93,1704,#,
1003140922,Rezvan,Kaveh,San Juan Capistrano,CA,06,Pulmonary Disease,Claim-Specialty,Azelastine Hcl,Azelastine Hcl,12,32,960,1037.64,,,12,32,1037.64,960,*,
1003140922,Rezvan,Kaveh,San Juan Capistrano,CA,06,Pulmonary Disease,Claim-Specialty,Azithromycin,Azithromycin,11,11,57,79.22,,,11,11,79.22,57,*,
1003140922,Rezvan,Kaveh,San Juan Capistrano,CA,06,Pulmonary Disease,Claim-Specialty,Baclofen,Baclofen,39,39.3,885,1948.45,,,26,26.1,1082.41,506,*,
1003140922,Rezvan,Kaveh,San Juan Capistrano,CA,06,Pulmonary Disease,Claim-Specialty,Basaglar Kwikpen U-100,"Insulin Glargine,hum.Rec.Anlog",32,32,364,4058.62,,#,,,,,*,
1003140922,Rezvan,Kaveh,San Juan Capistrano,CA,06,Pulmonary Disease,Claim-Specialty,Breo Ellipta,Fluticasone/Vilanterol,21,45,1350,17625.17,,,21,45,17625.17,1350,*,
1003140922,Rezvan,Kaveh,San Juan Capistrano,CA,06,Pulmonary Disease,Claim-Specialty,Breztri Aerosphere,Budesonide/Glycopyr/Formoterol,22,42,1260,27160.16,13,,22,42,27160.16,1260,,13
1003140922,Rezvan,Kaveh,San Juan Capistrano,CA,06,Pulmonary Disease,Claim-Specialty,Buspirone Hcl,Buspirone Hcl,11,11.2,306,152.91,,,11,11.2,152.91,306,*,
1003140922,Rezvan,Kaveh,San Juan Capistrano,CA,06,Pulmonary Disease,Claim-Specialty,Carvedilol,Carvedilol,28,28.2,611,369.58,,,28,28.2,369.58,611,*,
1003140922,Rezvan,Kaveh,San Juan Capistrano,CA,06,Pulmonary Disease,Claim-Specialty,Chlorhexidine Gluconate,Chlorhexidine Gluconate,13,13,208,107.46,,,0,0,0,0,#,
1003140922,Rezvan,Kaveh,San Juan Capistrano,CA,06,Pulmonary Disease,Claim-Specialty,Citalopram Hbr,Citalopram Hydrobromide,32,32.1,598,210.45,,,32,32.1,210.45,598,*,
1003140922,Rezvan,Kaveh,San Juan Capistrano,CA,06,Pulmonary Disease,Claim-Specialty,Clonazepam,Clonazepam,12,15,413,213.64,,,12,15,213.64,413,*,
1003140922,Rezvan,Kaveh,San Juan Capistrano,CA,06,Pulmonary Disease,Claim-Specialty,Clonidine Hcl,Clonidine Hcl,12,12,176,129.17,,,12,12,129.17,176,*,
1003140922,Rezvan,Kaveh,San Juan Capistrano,CA,06,Pulmonary Disease,Claim-Specialty,Clopidogrel,Clopidogrel Bisulfate,22,22.2,572,187.5,,#,,,,,*,
1003140922,Rezvan,Kaveh,San Juan Capistrano,CA,06,Pulmonary Disease,Claim-Specialty,Clotrimazole-Betamethasone,Clotrimazole/Betamethasone Dip,13,13,259,239.8,,,13,13,239.8,259,*,
1003140922,Rezvan,Kaveh,San Juan Capistrano,CA,06,Pulmonary Disease,Claim-Specialty,Clozapine,Clozapine,12,12,124,324.49,,,12,12,324.49,124,*,
1003140922,Rezvan,Kaveh,San Juan Capistrano,CA,06,Pulmonary Disease,Claim-Specialty,Diclofenac Sodium,Diclofenac Sodium,11,11,134,451.57,,*,,,,,*,
1003140922,Rezvan,Kaveh,San Juan Capistrano,CA,06,Pulmonary Disease,Claim-Specialty,Diltiazem Hcl,Diltiazem Hcl,20,20,214,172.41,,,0,0,0,0,#,
1003140922,Rezvan,Kaveh,San Juan Capistrano,CA,06,Pulmonary Disease,Claim-Specialty,Divalproex Sodium,Divalproex Sodium,20,20.1,379,953.72,,#,,,,,*,
1003140922,Rezvan,Kaveh,San Juan Capistrano,CA,06,Pulmonary Disease,Claim-Specialty,Doxycycline Hyclate,Doxycycline Hyclate,34,34,269,525.71,24,#,,,,,#,
1003140922,Rezvan,Kaveh,San Juan Capistrano,CA,06,Pulmonary Disease,Claim-Specialty,Duloxetine Hcl,Duloxetine Hcl,13,13.1,244,440.81,,,13,13.1,440.81,244,*,
1003140922,Rezvan,Kaveh,San Juan Capistrano,CA,06,Pulmonary Disease,Claim-Specialty,Dutasteride,Dutasteride,12,12.2,333,121.18,,,12,12.2,121.18,333,*,
1003140922,Rezvan,Kaveh,San Juan Capistrano,CA,06,Pulmonary Disease,Claim-Specialty,Eliquis,Apixaban,103,103,1168,23233.93,12,,91,91,20546.45,1035,*,
1003140922,Rezvan,Kaveh,San Juan Capistrano,CA,06,Pulmonary Disease,Claim-Specialty,Entresto,Sacubitril/Valsartan,11,11,140,3275.1,,,11,11,3275.1,140,*,
1003140922,Rezvan,Kaveh,San Juan Capistrano,CA,06,Pulmonary Disease,Claim-Specialty,Escitalopram Oxalate,Escitalopram Oxalate,17,17,315,128.52,,,17,17,128.52,315,*,
1003140922,Rezvan,Kaveh,San Juan Capistrano,CA,06,Pulmonary Disease,Claim-Specialty,Famotidine,Famotidine,57,65.6,1747,579.84,,,43,51.4,484.87,1354,*,
1003140922,Rezvan,Kaveh,San Juan Capistrano,CA,06,Pulmonary Disease,Claim-Specialty,Finasteride,Finasteride,28,28.3,730,466.21,,,28,28.3,466.21,730,*,
1003140922,Rezvan,Kaveh,San Juan Capistrano,CA,06,Pulmonary Disease,Claim-Specialty,Fluticasone Propionate,Fluticasone Propionate,30,72,2160,818.48,14,,30,72,818.48,2160,,14
1003140922,Rezvan,Kaveh,San Juan Capistrano,CA,06,Pulmonary Disease,Claim-Specialty,Furosemide,Furosemide,73,107.5,2840,430.9,17,#,,,,,#,
1003140922,Rezvan,Kaveh,San Juan Capistrano,CA,06,Pulmonary Disease,Claim-Specialty,Gabapentin,Gabapentin,92,112.3,2734,1687.84,16,,75,91.3,1499.11,2224,#,
1003140922,Rezvan,Kaveh,San Juan Capistrano,CA,06,Pulmonary Disease,Claim-Specialty,Glipizide,Glipizide,20,28.1,671,118.67,,#,,,,,*,
1003140922,Rezvan,Kaveh,San Juan Capistrano,CA,06,Pulmonary Disease,Claim-Specialty,Glycopyrrolate,Glycopyrrolate,12,12.2,365,395.4,,,12,12.2,395.4,365,*,
1003140922,Rezvan,Kaveh,San Juan Capistrano,CA,06,Pulmonary Disease,Claim-Specialty,Humalog Kwikpen U-100,Insulin Lispro,25,25,206,2854.55,,#,,,,,*,
1003140922,Rezvan,Kaveh,San Juan Capistrano,CA,06,Pulmonary Disease,Claim-Specialty,Hydralazine Hcl,Hydralazine Hcl,23,23.1,506,409.54,,,23,23.1,409.54,506,*,
1003140922,Rezvan,Kaveh,San Juan Capistrano,CA,06,Pulmonary Disease,Claim-Specialty,Hydrocodone-Acetaminophen,Hydrocodone/Acetaminophen,55,55,515,501.73,11,#,,,,,*,
1003140922,Rezvan,Kaveh,San Juan Capistrano,CA,06,Pulmonary Disease,Claim-Specialty,Ibuprofen,Ibuprofen,13,13,305,127.96,,*,,,,,*,
1003140922,Rezvan,Kaveh,San Juan Capistrano,CA,06,Pulmonary Disease,Claim-Specialty,Incruse Ellipta,Umeclidinium Bromide,13,23,690,9041.24,,#,,,,,*,
1003140922,Rezvan,Kaveh,San Juan Capistrano,CA,06,Pulmonary Disease,Claim-Specialty,Insulin Glargine-Yfgn,Insulin Glargine-Yfgn,35,35,443,2109.61,,,35,35,2109.61,443,*,
1003140922,Rezvan,Kaveh,San Juan Capistrano,CA,06,Pulmonary Disease,Claim-Specialty,Insulin Lispro Kwikpen U-100,Insulin Lispro,23,23,191,869.53,,#,,,,,*,
1003140922,Rezvan,Kaveh,San Juan Capistrano,CA,06,Pulmonary Disease,Claim-Specialty,Ipratropium-Albuterol,Ipratropium/Albuterol Sulfate,21,21,192,526.12,13,#,,,,,*,
1003140922,Rezvan,Kaveh,San Juan Capistrano,CA,06,Pulmonary Disease,Claim-Specialty,Lantus Solostar,"Insulin Glargine,hum.Rec.Anlog",11,11,154,915.46,,,11,11,915.46,154,*,
1003140922,Rezvan,Kaveh,San Juan Capistrano,CA,06,Pulmonary Disease,Claim-Specialty,Levalbuterol Hcl,Levalbuterol Hcl,13,13,61,1120.4,,*,,,,,*,
1003140922,Rezvan,Kaveh,San Juan Capistrano,CA,06,Pulmonary Disease,Claim-Specialty,Levalbuterol Tartrate Hfa,Levalbuterol Tartrate,38,68.5,2005,3875.15,20,,38,68.5,3875.15,2005,,20
1003140922,Rezvan,Kaveh,San Juan Capistrano,CA,06,Pulmonary Disease,Claim-Specialty,Levetiracetam,Levetiracetam,70,70,1527,3164.66,,,41,41,2223.63,864,*,
1003140922,Rezvan,Kaveh,San Juan Capistrano,CA,06,Pulmonary Disease,Claim-Specialty,Levofloxacin,Levofloxacin,11,11,75,129.33,,*,,,,,*,
1003140922,Rezvan,Kaveh,San Juan Capistrano,CA,06,Pulmonary Disease,Claim-Specialty,Levothyroxine Sodium,Levothyroxine Sodium,28,34.2,932,481.85,,,28,34.2,481.85,932,*,
1003140922,Rezvan,Kaveh,San Juan Capistrano,CA,06,Pulmonary Disease,Claim-Specialty,Lisinopril,Lisinopril,47,47.2,1023,398.46,,#,,,,,*,
1003140922,Rezvan,Kaveh,San Juan Capistrano,CA,06,Pulmonary Disease,Claim-Specialty,Meloxicam,Meloxicam,12,12.2,348,50.88,,,12,12.2,50.88,348,*,
1003140922,Rezvan,Kaveh,San Juan Capistrano,CA,06,Pulmonary Disease,Claim-Specialty,Metformin Hcl,Metformin Hcl,66,66.6,1494,351.43,,,66,66.6,351.43,1494,*,
1003140922,Rezvan,Kaveh,San Juan Capistrano,CA,06,Pulmonary Disease,Claim-Specialty,Methocarbamol,Methocarbamol,23,23.1,417,219.06,,,23,23.1,219.06,417,*,
1003140922,Rezvan,Kaveh,San Juan Capistrano,CA,06,Pulmonary Disease,Claim-Specialty,Methylprednisolone,Methylprednisolone,33,33,199,325.25,23,#,,,,,#,
1003140922,Rezvan,Kaveh,San Juan Capistrano,CA,06,Pulmonary Disease,Claim-Specialty,Metoprolol Tartrate,Metoprolol Tartrate,74,74.4,1442,483.83,,,59,59.4,399.61,1232,*,
1003140922,Rezvan,Kaveh,San Juan Capistrano,CA,06,Pulmonary Disease,Claim-Specialty,Midodrine Hcl,Midodrine Hcl,16,16.1,310,1844.57,,#,,,,,*,
1003140922,Rezvan,Kaveh,San Juan Capistrano,CA,06,Pulmonary Disease,Claim-Specialty,Mirtazapine,Mirtazapine,52,52.4,1121,1041.07,,,52,52.4,1041.07,1121,*,
1003140922,Rezvan,Kaveh,San Juan Capistrano,CA,06,Pulmonary Disease,Claim-Specialty,Montelukast Sodium,Montelukast Sodium,113,287.7,8601,2406.23,40,,96,268.7,2274.08,8050,#,
1003140922,Rezvan,Kaveh,San Juan Capistrano,CA,06,Pulmonary Disease,Claim-Specialty,Olanzapine,Olanzapine,33,33.3,747,1248.27,,,33,33.3,1248.27,747,*,
1003140922,Rezvan,Kaveh,San Juan Capistrano,CA,06,Pulmonary Disease,Claim-Specialty,Omeprazole,Omeprazole,66,104.2,2741,1041.89,17,,54,86.2,935.66,2345,#,
1003140922,Rezvan,Kaveh,San Juan Capistrano,CA,06,Pulmonary Disease,Claim-Specialty,Ondansetron Hcl,Ondansetron Hcl,19,19,69,258.99,11,#,,,,,*,
1003140922,Rezvan,Kaveh,San Juan Capistrano,CA,06,Pulmonary Disease,Claim-Specialty,Oxybutynin Chloride Er,Oxybutynin Chloride,14,14.2,392,153.03,,,14,14.2,153.03,392,*,
1003140922,Rezvan,Kaveh,San Juan Capistrano,CA,06,Pulmonary Disease,Claim-Specialty,Pantoprazole Sodium,Pantoprazole Sodium,83,115.8,2880,984.86,21,,68,100.7,859.14,2578,#,
1003140922,Rezvan,Kaveh,San Juan Capistrano,CA,06,Pulmonary Disease,Claim-Specialty,Potassium Chloride,Potassium Chloride,33,50.2,1435,537.04,,,33,50.2,537.04,1435,*,
1003140922,Rezvan,Kaveh,San Juan Capistrano,CA,06,Pulmonary Disease,Claim-Specialty,Pravastatin Sodium,Pravastatin Sodium,13,13.2,362,73.46,,,13,13.2,73.46,362,*,
1003140922,Rezvan,Kaveh,San Juan Capistrano,CA,06,Pulmonary Disease,Claim-Specialty,Prednisone,Prednisone,46,70.9,1744,398.28,18,,31,47.9,257.72,1224,#,
1003140922,Rezvan,Kaveh,San Juan Capistrano,CA,06,Pulmonary Disease,Claim-Specialty,Primidone,Primidone,11,11,150,188.98,,,11,11,188.98,150,*,
1003140922,Rezvan,Kaveh,San Juan Capistrano,CA,06,Pulmonary Disease,Claim-Specialty,Quetiapine Fumarate,Quetiapine Fumarate,16,16,305,621.77,,,16,16,621.77,305,*,
1003140922,Rezvan,Kaveh,San Juan Capistrano,CA,06,Pulmonary Disease,Claim-Specialty,Risperidone,Risperidone,51,51.3,1138,696.47,,,40,40.3,468.94,920,*,
1003140922,Rezvan,Kaveh,San Juan Capistrano,CA,06,Pulmonary Disease,Claim-Specialty,Santyl,Collagenase Clostridium Hist.,11,11,212,7951.95,,*,,,,,*,
1003140922,Rezvan,Kaveh,San Juan Capistrano,CA,06,Pulmonary Disease,Claim-Specialty,Scopolamine,Scopolamine,32,32,572,2743.56,,,13,13,893.91,156,*,
1003140922,Rezvan,Kaveh,San Juan Capistrano,CA,06,Pulmonary Disease,Claim-Specialty,Sertraline Hcl,Sertraline Hcl,24,24.2,440,171.27,,,11,11.1,101.2,229,*,
1003140922,Rezvan,Kaveh,San Juan Capistrano,CA,06,Pulmonary Disease,Claim-Specialty,Sevelamer Carbonate,Sevelamer Carbonate,14,14.1,225,4433.37,,*,,,,,*,
1003140922,Rezvan,Kaveh,San Juan Capistrano,CA,06,Pulmonary Disease,Claim-Specialty,Sodium Chloride,0.9 % Sodium Chloride,29,29,81,566.93,,*,,,,,*,
1003140922,Rezvan,Kaveh,San Juan Capistrano,CA,06,Pulmonary Disease,Claim-Specialty,Spiriva Respimat,Tiotropium Bromide,12,26,780,13404.94,,,12,26,13404.94,780,*,
1003140922,Rezvan,Kaveh,San Juan Capistrano,CA,06,Pulmonary Disease,Claim-Specialty,Spironolactone,Spironolactone,13,15.2,409,110.45,,*,,,,,*,
1003140922,Rezvan,Kaveh,San Juan Capistrano,CA,06,Pulmonary Disease,Claim-Specialty,Stiolto Respimat,Tiotropium Br/Olodaterol Hcl,12,20,600,9346.19,,,12,20,9346.19,600,*,
1003140922,Rezvan,Kaveh,San Juan Capistrano,CA,06,Pulmonary Disease,Claim-Specialty,Sucralfate,Sucralfate,14,14,138,1809.4,,,14,14,1809.4,138,*,
1003140922,Rezvan,Kaveh,San Juan Capistrano,CA,06,Pulmonary Disease,Claim-Specialty,Sulfamethoxazole-Trimethoprim,Sulfamethoxazole/Trimethoprim,15,15,102,130.72,,#,,,,,*,
1003140922,Rezvan,Kaveh,San Juan Capistrano,CA,06,Pulmonary Disease,Claim-Specialty,Symbicort,Budesonide/Formoterol Fumarate,16,32,960,8778.45,,#,,,,,*,
1003140922,Rezvan,Kaveh,San Juan Capistrano,CA,06,Pulmonary Disease,Claim-Specialty,Tamsulosin Hcl,Tamsulosin Hcl,109,109.8,2411,1484.07,13,,97,97.8,1403.47,2212,#,
1003140922,Rezvan,Kaveh,San Juan Capistrano,CA,06,Pulmonary Disease,Claim-Specialty,Tramadol Hcl,Tramadol Hcl,17,17,194,178.04,,#,,,,,*,
1003140922,Rezvan,Kaveh,San Juan Capistrano,CA,06,Pulmonary Disease,Claim-Specialty,Trazodone Hcl,Trazodone Hcl,41,41.3,923,504.05,,#,,,,,*,
1003140922,Rezvan,Kaveh,San Juan Capistrano,CA,06,Pulmonary Disease,Claim-Specialty,Trelegy Ellipta,Fluticasone/Umeclidin/Vilanter,102,203,5956,130594.71,37,#,,,,,#,
1003140922,Rezvan,Kaveh,San Juan Capistrano,CA,06,Pulmonary Disease,Claim-Specialty,Valproic Acid,Valproic Acid (As Sodium Salt),11,11,190,177.04,,,11,11,177.04,190,*,
1003140922,Rezvan,Kaveh,San Juan Capistrano,CA,06,Pulmonary Disease,Claim-Specialty,Venlafaxine Hcl,Venlafaxine Hcl,22,22.1,415,270.04,,*,,,,,*,
1003140922,Rezvan,Kaveh,San Juan Capistrano,CA,06,Pulmonary Disease,Claim-Specialty,Venlafaxine Hcl Er,Venlafaxine Hcl,12,12.1,234,185.6,,,12,12.1,185.6,234,*,
1003140922,Rezvan,Kaveh,San Juan Capistrano,CA,06,Pulmonary Disease,Claim-Specialty,Xarelto,Rivaroxaban,25,25,336,6466.7,,,25,25,6466.7,336,*,
1003140922,Rezvan,Kaveh,San Juan Capistrano,CA,06,Pulmonary Disease,Claim-Specialty,Zolpidem Tartrate,Zolpidem Tartrate,17,17,510,133.36,,,17,17,133.36,510,*,
1003141102,Nguyen,Khoi,Arcata,CA,06,Family Practice,Claim-Specialty,Alendronate Sodium,Alendronate Sodium,25,69.1,2072,355.74,11,,25,69.1,355.74,2072,,11
1003141102,Nguyen,Khoi,Arcata,CA,06,Family Practice,Claim-Specialty,Allopurinol,Allopurinol,23,45,1350,327.3,,#,,,,,*,
1003141102,Nguyen,Khoi,Arcata,CA,06,Family Practice,Claim-Specialty,Amlodipine Besylate,Amlodipine Besylate,131,364,10920,2591.92,46,#,,,,,#,
1003141102,Nguyen,Khoi,Arcata,CA,06,Family Practice,Claim-Specialty,Atenolol,Atenolol,23,61,1830,478.34,,#,,,,,*,
1003141102,Nguyen,Khoi,Arcata,CA,06,Family Practice,Claim-Specialty,Atorvastatin Calcium,Atorvastatin Calcium,197,562,16860,5810.89,70,#,,,,,#,
1003141102,Nguyen,Khoi,Arcata,CA,06,Family Practice,Claim-Specialty,Azithromycin,Azithromycin,12,12,60,88.54,,,12,12,88.54,60,*,
1003141102,Nguyen,Khoi,Arcata,CA,06,Family Practice,Claim-Specialty,Brilinta,Ticagrelor,11,11,330,5107.96,,,0,0,0,0,#,
1003141102,Nguyen,Khoi,Arcata,CA,06,Family Practice,Claim-Specialty,Celecoxib,Celecoxib,25,27,780,2182.75,,,14,16,410.32,450,*,
1003141102,Nguyen,Khoi,Arcata,CA,06,Family Practice,Claim-Specialty,Chlorhexidine Gluconate,Chlorhexidine Gluconate,33,33,638,212.22,21,,33,33,212.22,638,,21
1003141102,Nguyen,Khoi,Arcata,CA,06,Family Practice,Claim-Specialty,Clonidine Hcl,Clonidine Hcl,34,58,1740,378.28,,,34,58,378.28,1740,*,
1003141102,Nguyen,Khoi,Arcata,CA,06,Family Practice,Claim-Specialty,Creon,Lipase/Protease/Amylase,11,11,330,24967.8,,,0,0,0,0,#,
1003141102,Nguyen,Khoi,Arcata,CA,06,Family Practice,Claim-Specialty,Cyproheptadine Hcl,Cyproheptadine Hcl,14,14,420,382.91,,,14,14,382.91,420,*,
1003141102,Nguyen,Khoi,Arcata,CA,06,Family Practice,Claim-Specialty,Diclofenac Sodium,Diclofenac Sodium,43,43,654,1063.56,27,#,,,,,#,
1003141102,Nguyen,Khoi,Arcata,CA,06,Family Practice,Claim-Specialty,Famotidine,Famotidine,23,31,915,240.41,12,#,,,,,#,
1003141102,Nguyen,Khoi,Arcata,CA,06,Family Practice,Claim-Specialty,Fenofibrate,Fenofibrate,40,102,3060,5415.9,16,,40,102,5415.9,3060,,16
1003141102,Nguyen,Khoi,Arcata,CA,06,Family Practice,Claim-Specialty,Finasteride,Finasteride,12,34,1020,237.55,,,12,34,237.55,1020,*,
1003141102,Nguyen,Khoi,Arcata,CA,06,Family Practice,Claim-Specialty,Fluticasone Propionate,Fluticasone Propionate,18,25,750,229.84,,#,,,,,*,
1003141102,Nguyen,Khoi,Arcata,CA,06,Family Practice,Claim-Specialty,Furosemide,Furosemide,16,24,720,42.48,,,16,24,42.48,720,*,
1003141102,Nguyen,Khoi,Arcata,CA,06,Family Practice,Claim-Specialty,Gabapentin,Gabapentin,23,43,1255,326.59,,#,,,,,*,
1003141102,Nguyen,Khoi,Arcata,CA,06,Family Practice,Claim-Specialty,Glipizide,Glipizide,22,64.5,1935,444.84,,#,,,,,*,
1003141102,Nguyen,Khoi,Arcata,CA,06,Family Practice,Claim-Specialty,Hydrochlorothiazide,Hydrochlorothiazide,21,63,1890,140.85,,,21,63,140.85,1890,*,
1003141102,Nguyen,Khoi,Arcata,CA,06,Family Practice,Claim-Specialty,Ibuprofen,Ibuprofen,22,22,240,123.44,12,#,,,,,*,
1003141102,Nguyen,Khoi,Arcata,CA,06,Family Practice,Claim-Specialty,Jardiance,Empagliflozin,31,42,1260,25871.53,,,31,42,25871.53,1260,*,
1003141102,Nguyen,Khoi,Arcata,CA,06,Family Practice,Claim-Specialty,Levothyroxine Sodium,Levothyroxine Sodium,18,54,1620,468.45,,,18,54,468.45,1620,*,
1003141102,Nguyen,Khoi,Arcata,CA,06,Family Practice,Claim-Specialty,Linzess,Linaclotide,11,11,330,6006,,,0,0,0,0,#,
1003141102,Nguyen,Khoi,Arcata,CA,06,Family Practice,Claim-Specialty,Lisinopril,Lisinopril,25,61,1830,439.15,,,25,61,439.15,1830,*,
1003141102,Nguyen,Khoi,Arcata,CA,06,Family Practice,Claim-Specialty,Losartan Potassium,Losartan Potassium,105,287,8610,2088.79,38,,105,287,2088.79,8610,,38
1003141102,Nguyen,Khoi,Arcata,CA,06,Family Practice,Claim-Specialty,Losartan-Hydrochlorothiazide,Losartan/Hydrochlorothiazide,22,58,1740,592.98,,#,,,,,*,
1003141102,Nguyen,Khoi,Arcata,CA,06,Family Practice,Claim-Specialty,Lovastatin,Lovastatin,12,36,1080,176.49,,,12,36,176.49,1080,*,
1003141102,Nguyen,Khoi,Arcata,CA,06,Family Practice,Claim-Specialty,Metformin Hcl,Metformin Hcl,114,313,9390,2345.87,46,#,,,,,#,
1003141102,Nguyen,Khoi,Arcata,CA,06,Family Practice,Claim-Specialty,Metformin Hcl Er,Metformin Hcl,18,44,1320,282.56,,,18,44,282.56,1320,*,
1003141102,Nguyen,Khoi,Arcata,CA,06,Family Practice,Claim-Specialty,Metoprolol Succinate,Metoprolol Succinate,34,96,2880,939.22,12,,34,96,939.22,2880,,12
1003141102,Nguyen,Khoi,Arcata,CA,06,Family Practice,Claim-Specialty,Metoprolol Tartrate,Metoprolol Tartrate,14,38,1140,151.79,,,14,38,151.79,1140,*,
1003141102,Nguyen,Khoi,Arcata,CA,06,Family Practice,Claim-Specialty,Montelukast Sodium,Montelukast Sodium,20,29,870,233.41,,#,,,,,*,
1003141102,Nguyen,Khoi,Arcata,CA,06,Family Practice,Claim-Specialty,Omeprazole,Omeprazole,23,45,1350,266.64,14,,23,45,266.64,1350,,14
1003141102,Nguyen,Khoi,Arcata,CA,06,Family Practice,Claim-Specialty,Oxybutynin Chloride Er,Oxybutynin Chloride,11,19,570,363.95,,,11,19,363.95,570,*,
1003141102,Nguyen,Khoi,Arcata,CA,06,Family Practice,Claim-Specialty,Pantoprazole Sodium,Pantoprazole Sodium,26,42,1260,461.98,,#,,,,,*,
1003141102,Nguyen,Khoi,Arcata,CA,06,Family Practice,Claim-Specialty,Pramipexole Dihydrochloride,Pramipexole Di-Hcl,17,26,780,156.45,,,17,26,156.45,780,*,
1003141102,Nguyen,Khoi,Arcata,CA,06,Family Practice,Claim-Specialty,Pravastatin Sodium,Pravastatin Sodium,13,39,1170,220.45,,*,,,,,*,
1003141102,Nguyen,Khoi,Arcata,CA,06,Family Practice,Claim-Specialty,Pregabalin,Pregabalin,16,16,450,172.39,,*,,,,,*,
1003141102,Nguyen,Khoi,Arcata,CA,06,Family Practice,Claim-Specialty,Restasis,Cyclosporine,17,17,510,10701.87,,,17,17,10701.87,510,*,
1003141102,Nguyen,Khoi,Arcata,CA,06,Family Practice,Claim-Specialty,Risedronate Sodium Dr,Risedronate Sodium,11,11,308,1736.02,,,0,0,0,0,#,
1003141102,Nguyen,Khoi,Arcata,CA,06,Family Practice,Claim-Specialty,Rosuvastatin Calcium,Rosuvastatin Calcium,20,56,1680,524.47,,,20,56,524.47,1680,*,
1003141102,Nguyen,Khoi,Arcata,CA,06,Family Practice,Claim-Specialty,Rybelsus,Semaglutide,41,69,2070,66936.88,12,,41,69,66936.88,2070,,12
1003141102,Nguyen,Khoi,Arcata,CA,06,Family Practice,Claim-Specialty,Sildenafil Citrate,Sildenafil Citrate,23,23,583,302.12,,,23,23,302.12,583,*,
1003141102,Nguyen,Khoi,Arcata,CA,06,Family Practice,Claim-Specialty,Simvastatin,Simvastatin,21,62,1860,379.17,,,21,62,379.17,1860,*,
1003141102,Nguyen,Khoi,Arcata,CA,06,Family Practice,Claim-Specialty,Tamsulosin Hcl,Tamsulosin Hcl,43,105.5,3165,1381.92,17,#,,,,,#,
1003141102,Nguyen,Khoi,Arcata,CA,06,Family Practice,Claim-Specialty,Tramadol Hcl,Tramadol Hcl,19,19,178,43.81,,#,,,,,*,
1003141102,Nguyen,Khoi,Arcata,CA,06,Family Practice,Claim-Specialty,Trazodone Hcl,Trazodone Hcl,13,20,600,64.33,,*,,,,,*,
1003141102,Nguyen,Khoi,Arcata,CA,06,Family Practice,Claim-Specialty,Triamcinolone Acetonide,Triamcinolone Acetonide,30,34.8,1010,297.55,20,#,,,,,#,
1003141102,Nguyen,Khoi,Arcata,CA,06,Family Practice,Claim-Specialty,Valsartan-Hydrochlorothiazide,Valsartan/Hydrochlorothiazide,67,180,5400,7243.22,21,,67,180,7243.22,5400,,21
1003141102,Nguyen,Khoi,Arcata,CA,06,Family Practice,Claim-Specialty,Ventolin Hfa,Albuterol Sulfate,21,21.1,409,1281.7,,,21,21.1,1281.7,409,*,
1003141102,Nguyen,Khoi,Arcata,CA,06,Family Practice,Claim-Specialty,Zolpidem Tartrate,Zolpidem Tartrate,13,13,390,78.62,,,13,13,78.62,390,*,
1003141581,Candell,Leah,Stanford,CA,06,General Surgery,Claim-Specialty,Hydrocodone-Acetaminophen,Hydrocodone/Acetaminophen,16,16,44,142.46,,,16,16,142.46,44,*,
1003141581,Candell,Leah,Stanford,CA,06,General Surgery,Claim-Specialty,Ibuprofen,Ibuprofen,57,57,722,537.26,52,,57,57,537.26,722,,52
1003141581,Candell,Leah,Stanford,CA,06,General Surgery,Claim-Specialty,Oxycodone Hcl,Oxycodone Hcl,50,50,179,386.4,43,#,,,,,#,
1003142886,Mcdonald,Heather,San Dimas,CA,06,Family Practice,Claim-Specialty,Acyclovir,Acyclovir,21,25,590,381.25,,*,,,,,*,
1003142886,Mcdonald,Heather,San Dimas,CA,06,Family Practice,Claim-Specialty,Albuterol Sulfate Hfa,Albuterol Sulfate,53,55.7,1365,1593.99,25,#,,,,,#,
1003142886,Mcdonald,Heather,San Dimas,CA,06,Family Practice,Claim-Specialty,Alendronate Sodium,Alendronate Sodium,47,127.9,3834,615.93,18,#,,,,,#,
1003142886,Mcdonald,Heather,San Dimas,CA,06,Family Practice,Claim-Specialty,Amitriptyline Hcl,Amitriptyline Hcl,12,32,960,218.66,,,12,32,218.66,960,*,
1003142886,Mcdonald,Heather,San Dimas,CA,06,Family Practice,Claim-Specialty,Amlodipine Besylate,Amlodipine Besylate,58,169,5070,508.98,26,#,,,,,#,
1003142886,Mcdonald,Heather,San Dimas,CA,06,Family Practice,Claim-Specialty,Atenolol,Atenolol,42,105,3150,521.34,14,,42,105,521.34,3150,,14
1003142886,Mcdonald,Heather,San Dimas,CA,06,Family Practice,Claim-Specialty,Atorvastatin Calcium,Atorvastatin Calcium,197,527.8,15833,3583.81,67,,183,489.8,3309.07,14693,#,
1003142886,Mcdonald,Heather,San Dimas,CA,06,Family Practice,Claim-Specialty,Azelastine Hcl,Azelastine Hcl,28,38,1135,790.6,15,#,,,,,#,
1003142886,Mcdonald,Heather,San Dimas,CA,06,Family Practice,Claim-Specialty,Baclofen,Baclofen,23,41.1,1175,868.4,,,23,41.1,868.4,1175,*,
1003142886,Mcdonald,Heather,San Dimas,CA,06,Family Practice,Claim-Specialty,Benazepril Hcl,Benazepril Hcl,38,100.2,3005,812.22,,#,,,,,*,
1003142886,Mcdonald,Heather,San Dimas,CA,06,Family Practice,Claim-Specialty,Breo Ellipta,Fluticasone/Vilanterol,17,17,510,6989.25,,,17,17,6989.25,510,*,
1003142886,Mcdonald,Heather,San Dimas,CA,06,Family Practice,Claim-Specialty,Bupropion Hcl,Bupropion Hcl,13,19,570,478.15,,,13,19,478.15,570,*,
1003142886,Mcdonald,Heather,San Dimas,CA,06,Family Practice,Claim-Specialty,Buspirone Hcl,Buspirone Hcl,19,37,1070,202.75,,,19,37,202.75,1070,*,
1003142886,Mcdonald,Heather,San Dimas,CA,06,Family Practice,Claim-Specialty,Carvedilol,Carvedilol,37,84.5,2535,322.12,13,,37,84.5,322.12,2535,,13
1003142886,Mcdonald,Heather,San Dimas,CA,06,Family Practice,Claim-Specialty,Cephalexin,Cephalexin,33,33,235,213.53,27,#,,,,,#,
1003142886,Mcdonald,Heather,San Dimas,CA,06,Family Practice,Claim-Specialty,Clopidogrel,Clopidogrel Bisulfate,24,70,2100,737.5,,,24,70,737.5,2100,*,
1003142886,Mcdonald,Heather,San Dimas,CA,06,Family Practice,Claim-Specialty,Diclofenac Sodium,Diclofenac Sodium,33,51,1347,649.34,15,#,,,,,#,
1003142886,Mcdonald,Heather,San Dimas,CA,06,Family Practice,Claim-Specialty,Diltiazem 24hr Er,Diltiazem Hcl,11,29,870,767.11,,,11,29,767.11,870,*,
1003142886,Mcdonald,Heather,San Dimas,CA,06,Family Practice,Claim-Specialty,Duloxetine Hcl,Duloxetine Hcl,21,59,1770,791.07,,#,,,,,*,
1003142886,Mcdonald,Heather,San Dimas,CA,06,Family Practice,Claim-Specialty,Eliquis,Apixaban,31,45,1328,24979.16,,,31,45,24979.16,1328,*,
1003142886,Mcdonald,Heather,San Dimas,CA,06,Family Practice,Claim-Specialty,Escitalopram Oxalate,Escitalopram Oxalate,19,53.4,1602,155.97,,#,,,,,*,
1003142886,Mcdonald,Heather,San Dimas,CA,06,Family Practice,Claim-Specialty,Famotidine,Famotidine,24,54,1619,337.49,11,#,,,,,*,
1003142886,Mcdonald,Heather,San Dimas,CA,06,Family Practice,Claim-Specialty,Farxiga,Dapagliflozin Propanediol,38,70,2100,39887.93,,#,,,,,*,
1003142886,Mcdonald,Heather,San Dimas,CA,06,Family Practice,Claim-Specialty,Fluoxetine Hcl,Fluoxetine Hcl,68,162,4860,754.17,20,,68,162,754.17,4860,,20
1003142886,Mcdonald,Heather,San Dimas,CA,06,Family Practice,Claim-Specialty,Fluticasone Propionate,Fluticasone Propionate,40,48,1440,831.64,20,#,,,,,#,
1003142886,Mcdonald,Heather,San Dimas,CA,06,Family Practice,Claim-Specialty,Furosemide,Furosemide,51,123,3670,386.09,19,#,,,,,#,
1003142886,Mcdonald,Heather,San Dimas,CA,06,Family Practice,Claim-Specialty,Gabapentin,Gabapentin,101,212.5,6241,1606.38,38,#,,,,,#,
1003142886,Mcdonald,Heather,San Dimas,CA,06,Family Practice,Claim-Specialty,Glipizide Er,Glipizide,12,35,1050,336.01,,,12,35,336.01,1050,*,
1003142886,Mcdonald,Heather,San Dimas,CA,06,Family Practice,Claim-Specialty,Hydralazine Hcl,Hydralazine Hcl,20,48,1440,364.04,,,20,48,364.04,1440,*,
1003142886,Mcdonald,Heather,San Dimas,CA,06,Family Practice,Claim-Specialty,Hydrochlorothiazide,Hydrochlorothiazide,41,117,3510,207.24,19,#,,,,,#,
1003142886,Mcdonald,Heather,San Dimas,CA,06,Family Practice,Claim-Specialty,Irbesartan,Irbesartan,34,82.1,2462,1719.4,,,34,82.1,1719.4,2462,*,
1003142886,Mcdonald,Heather,San Dimas,CA,06,Family Practice,Claim-Specialty,Januvia,Sitagliptin Phosphate,58,94,2810,50007.36,13,,58,94,50007.36,2810,,13
1003142886,Mcdonald,Heather,San Dimas,CA,06,Family Practice,Claim-Specialty,Jardiance,Empagliflozin,17,43,1290,25072.93,,#,,,,,*,
1003142886,Mcdonald,Heather,San Dimas,CA,06,Family Practice,Claim-Specialty,Levothyroxine Sodium,Levothyroxine Sodium,193,524.6,15738,4504.82,58,#,,,,,#,
1003142886,Mcdonald,Heather,San Dimas,CA,06,Family Practice,Claim-Specialty,Linzess,Linaclotide,17,23,690,12671.1,,#,,,,,*,
1003142886,Mcdonald,Heather,San Dimas,CA,06,Family Practice,Claim-Specialty,Liothyronine Sodium,Liothyronine Sodium,44,114,3417,1496.82,13,#,,,,,#,
1003142886,Mcdonald,Heather,San Dimas,CA,06,Family Practice,Claim-Specialty,Lisinopril,Lisinopril,98,270.7,8120,1099.18,35,,84,230.3,773.22,6910,#,
1003142886,Mcdonald,Heather,San Dimas,CA,06,Family Practice,Claim-Specialty,Lisinopril-Hydrochlorothiazide,Lisinopril/Hydrochlorothiazide,35,105,3150,528.65,11,,35,105,528.65,3150,,11
1003142886,Mcdonald,Heather,San Dimas,CA,06,Family Practice,Claim-Specialty,Losartan Potassium,Losartan Potassium,96,266.7,8000,1640.41,39,#,,,,,#,
1003142886,Mcdonald,Heather,San Dimas,CA,06,Family Practice,Claim-Specialty,Losartan-Hydrochlorothiazide,Losartan/Hydrochlorothiazide,26,69,2070,866,,#,,,,,*,
1003142886,Mcdonald,Heather,San Dimas,CA,06,Family Practice,Claim-Specialty,Lovastatin,Lovastatin,20,58,1740,285.68,,,20,58,285.68,1740,*,
1003142886,Mcdonald,Heather,San Dimas,CA,06,Family Practice,Claim-Specialty,Meloxicam,Meloxicam,19,44,1320,135.83,,,19,44,135.83,1320,*,
1003142886,Mcdonald,Heather,San Dimas,CA,06,Family Practice,Claim-Specialty,Metformin Hcl,Metformin Hcl,125,320,9581,1679.51,42,,104,269,1351.97,8051,#,
1003142886,Mcdonald,Heather,San Dimas,CA,06,Family Practice,Claim-Specialty,Metformin Hcl Er,Metformin Hcl,19,43.1,1292,404.12,,,19,43.1,404.12,1292,*,
1003142886,Mcdonald,Heather,San Dimas,CA,06,Family Practice,Claim-Specialty,Metoprolol Succinate,Metoprolol Succinate,56,149,4470,1217.14,19,#,,,,,#,
1003142886,Mcdonald,Heather,San Dimas,CA,06,Family Practice,Claim-Specialty,Metoprolol Tartrate,Metoprolol Tartrate,23,69,2070,187.01,,,23,69,187.01,2070,*,
1003142886,Mcdonald,Heather,San Dimas,CA,06,Family Practice,Claim-Specialty,Mometasone Furoate,Mometasone Furoate,16,16,275,456.34,14,,16,16,456.34,275,,14
1003142886,Mcdonald,Heather,San Dimas,CA,06,Family Practice,Claim-Specialty,Montelukast Sodium,Montelukast Sodium,26,58,1740,353.29,13,#,,,,,#,
1003142886,Mcdonald,Heather,San Dimas,CA,06,Family Practice,Claim-Specialty,Mupirocin,Mupirocin,18,18,368,121.75,13,#,,,,,#,
1003142886,Mcdonald,Heather,San Dimas,CA,06,Family Practice,Claim-Specialty,Myrbetriq,Mirabegron,14,18.1,542,8166.42,,,14,18.1,8166.42,542,*,
1003142886,Mcdonald,Heather,San Dimas,CA,06,Family Practice,Claim-Specialty,Nitrofurantoin Mono-Macro,Nitrofurantoin Monohyd/M-Cryst,24,24,182,370.78,20,#,,,,,#,
1003142886,Mcdonald,Heather,San Dimas,CA,06,Family Practice,Claim-Specialty,Omeprazole,Omeprazole,46,118,3540,678.51,19,,46,118,678.51,3540,,19
1003142886,Mcdonald,Heather,San Dimas,CA,06,Family Practice,Claim-Specialty,Ondansetron Hcl,Ondansetron Hcl,13,13,154,109.7,,*,,,,,*,
1003142886,Mcdonald,Heather,San Dimas,CA,06,Family Practice,Claim-Specialty,Oxybutynin Chloride Er,Oxybutynin Chloride,13,33,990,390.06,,*,,,,,*,
1003142886,Mcdonald,Heather,San Dimas,CA,06,Family Practice,Claim-Specialty,Ozempic,Semaglutide,11,14.6,424,11273.37,,*,,,,,*,
1003142886,Mcdonald,Heather,San Dimas,CA,06,Family Practice,Claim-Specialty,Pantoprazole Sodium,Pantoprazole Sodium,48,106.2,3183,1244.64,16,#,,,,,#,
1003142886,Mcdonald,Heather,San Dimas,CA,06,Family Practice,Claim-Specialty,Pioglitazone Hcl,Pioglitazone Hcl,16,26,780,173.26,,,16,26,173.26,780,*,
1003142886,Mcdonald,Heather,San Dimas,CA,06,Family Practice,Claim-Specialty,Potassium Chloride,Potassium Chloride,18,42.3,1270,482.39,,,18,42.3,482.39,1270,*,
1003142886,Mcdonald,Heather,San Dimas,CA,06,Family Practice,Claim-Specialty,Pravastatin Sodium,Pravastatin Sodium,20,54,1620,519.98,,#,,,,,*,
1003142886,Mcdonald,Heather,San Dimas,CA,06,Family Practice,Claim-Specialty,Pregabalin,Pregabalin,27,61,1830,2418.27,,,14,30,649.24,900,*,
1003142886,Mcdonald,Heather,San Dimas,CA,06,Family Practice,Claim-Specialty,Propranolol Hcl,Propranolol Hcl,17,38,1140,1184.96,,,17,38,1184.96,1140,*,
1003142886,Mcdonald,Heather,San Dimas,CA,06,Family Practice,Claim-Specialty,Ramipril,Ramipril,13,33,990,512.45,,,13,33,512.45,990,*,
1003142886,Mcdonald,Heather,San Dimas,CA,06,Family Practice,Claim-Specialty,Rosuvastatin Calcium,Rosuvastatin Calcium,36,84.3,2530,714.3,12,,36,84.3,714.3,2530,,12
1003142886,Mcdonald,Heather,San Dimas,CA,06,Family Practice,Claim-Specialty,Sertraline Hcl,Sertraline Hcl,20,60,1800,618.74,,,20,60,618.74,1800,*,
1003142886,Mcdonald,Heather,San Dimas,CA,06,Family Practice,Claim-Specialty,Simvastatin,Simvastatin,69,179.1,5351,720.09,24,,69,179.1,720.09,5351,,24
1003142886,Mcdonald,Heather,San Dimas,CA,06,Family Practice,Claim-Specialty,Sulfamethoxazole-Trimethoprim,Sulfamethoxazole/Trimethoprim,11,11,80,62.76,,*,,,,,*,
1003142886,Mcdonald,Heather,San Dimas,CA,06,Family Practice,Claim-Specialty,Synthroid,Levothyroxine Sodium,19,55,1650,2584.28,,,19,55,2584.28,1650,*,
1003142886,Mcdonald,Heather,San Dimas,CA,06,Family Practice,Claim-Specialty,Tamsulosin Hcl,Tamsulosin Hcl,35,93,2790,746.75,13,#,,,,,#,
1003142886,Mcdonald,Heather,San Dimas,CA,06,Family Practice,Claim-Specialty,Trazodone Hcl,Trazodone Hcl,60,123,3690,833.9,16,#,,,,,#,
1003142886,Mcdonald,Heather,San Dimas,CA,06,Family Practice,Claim-Specialty,Triamcinolone Acetonide,Triamcinolone Acetonide,13,13,302,117.73,,,13,13,117.73,302,*,
1003142886,Mcdonald,Heather,San Dimas,CA,06,Family Practice,Claim-Specialty,Trulicity,Dulaglutide,33,43.7,1260,42278.63,,#,,,,,*,
1003142886,Mcdonald,Heather,San Dimas,CA,06,Family Practice,Claim-Specialty,Zolpidem Tartrate,Zolpidem Tartrate,11,23,680,115.4,,*,,,,,*,
1003151085,Kuo,Anne,Glendale,CA,06,Family Practice,Claim-Specialty,Amlodipine Besylate,Amlodipine Besylate,16,48,1440,214.9,,,16,48,214.9,1440,*,
1003151085,Kuo,Anne,Glendale,CA,06,Family Practice,Claim-Specialty,Armour Thyroid,"Thyroid,pork",14,16,480,594,,,14,16,594,480,*,
1003151085,Kuo,Anne,Glendale,CA,06,Family Practice,Claim-Specialty,Escitalopram Oxalate,Escitalopram Oxalate,14,22,657,182.43,,,14,22,182.43,657,*,
1003151085,Kuo,Anne,Glendale,CA,06,Family Practice,Claim-Specialty,Gabapentin,Gabapentin,14,22,660,152.88,,*,,,,,*,
1003151085,Kuo,Anne,Glendale,CA,06,Family Practice,Claim-Specialty,Levothyroxine Sodium,Levothyroxine Sodium,51,148.3,4450,619.08,14,#,,,,,#,
1003151085,Kuo,Anne,Glendale,CA,06,Family Practice,Claim-Specialty,Liothyronine Sodium,Liothyronine Sodium,24,62,1860,1819.49,,#,,,,,*,
1003151085,Kuo,Anne,Glendale,CA,06,Family Practice,Claim-Specialty,Losartan Potassium,Losartan Potassium,11,25,750,131.55,,,11,25,131.55,750,*,
1003151085,Kuo,Anne,Glendale,CA,06,Family Practice,Claim-Specialty,Privigen,Immun Glob G(Igg)/Pro/Iga 0-50,22,22,616,250959.7,,,22,22,250959.7,616,*,
1003151085,Kuo,Anne,Glendale,CA,06,Family Practice,Claim-Specialty,Tramadol Hcl,Tramadol Hcl,12,12,360,138.38,,,0,0,0,0,#,
1003151085,Kuo,Anne,Glendale,CA,06,Family Practice,Claim-Specialty,Zolpidem Tartrate,Zolpidem Tartrate,12,16,480,57.82,,,12,16,57.82,480,*,
1003152364,Petersen,Kaylee,San Diego,CA,06,Nurse Practitioner,NPPES-Specialty,Gabapentin,Gabapentin,11,11,330,230.71,,,0,0,0,0,#,
1003152695,Chung,Caleb,Newark,CA,06,Optometry,Claim-Specialty,Latanoprost,Latanoprost,28,56,1590,327.2,,,28,56,327.2,1590,*,
1003153214,Khoury,Ghassan,Los Angeles,CA,06,Infectious Disease,Claim-Specialty,Albuterol Sulfate Hfa,Albuterol Sulfate,27,27,521,942.63,,#,,,,,*,
1003153214,Khoury,Ghassan,Los Angeles,CA,06,Infectious Disease,Claim-Specialty,Alendronate Sodium,Alendronate Sodium,18,46.7,1399,303.41,,,18,46.7,303.41,1399,*,
1003153214,Khoury,Ghassan,Los Angeles,CA,06,Infectious Disease,Claim-Specialty,Amlodipine Besylate,Amlodipine Besylate,78,228,6840,1726.15,27,#,,,,,#,
1003153214,Khoury,Ghassan,Los Angeles,CA,06,Infectious Disease,Claim-Specialty,Atorvastatin Calcium,Atorvastatin Calcium,141,410,12300,3390.89,58,,123,358,2740.64,10740,#,
1003153214,Khoury,Ghassan,Los Angeles,CA,06,Infectious Disease,Claim-Specialty,Carvedilol,Carvedilol,30,86,2580,816.41,,#,,,,,*,
1003153214,Khoury,Ghassan,Los Angeles,CA,06,Infectious Disease,Claim-Specialty,Chlorthalidone,Chlorthalidone,21,62.1,1864,878.38,,#,,,,,*,
1003153214,Khoury,Ghassan,Los Angeles,CA,06,Infectious Disease,Claim-Specialty,Descovy,Emtricitabine/Tenofov Alafenam,20,30,900,63602.39,,,20,30,63602.39,900,*,
1003153214,Khoury,Ghassan,Los Angeles,CA,06,Infectious Disease,Claim-Specialty,Diclofenac Sodium,Diclofenac Sodium,35,38.4,1005,1039.02,13,#,,,,,*,
1003153214,Khoury,Ghassan,Los Angeles,CA,06,Infectious Disease,Claim-Specialty,Enalapril Maleate,Enalapril Maleate,16,43.5,1305,687.06,,,16,43.5,687.06,1305,*,
1003153214,Khoury,Ghassan,Los Angeles,CA,06,Infectious Disease,Claim-Specialty,Famotidine,Famotidine,35,69,2070,576.86,12,#,,,,,*,
1003153214,Khoury,Ghassan,Los Angeles,CA,06,Infectious Disease,Claim-Specialty,Finasteride,Finasteride,11,33,990,395.57,,,11,33,395.57,990,*,
1003153214,Khoury,Ghassan,Los Angeles,CA,06,Infectious Disease,Claim-Specialty,Fluticasone Propionate,Fluticasone Propionate,39,58,1740,457.66,12,,26,43,325.91,1290,*,
1003153214,Khoury,Ghassan,Los Angeles,CA,06,Infectious Disease,Claim-Specialty,Gabapentin,Gabapentin,37,67,2011,962.5,16,#,,,,,#,
1003153214,Khoury,Ghassan,Los Angeles,CA,06,Infectious Disease,Claim-Specialty,Hydrochlorothiazide,Hydrochlorothiazide,24,67.3,2020,242.11,,#,,,,,*,
1003153214,Khoury,Ghassan,Los Angeles,CA,06,Infectious Disease,Claim-Specialty,Hydroxyzine Hcl,Hydroxyzine Hcl,16,16.3,368,518.58,,,16,16.3,518.58,368,*,
1003153214,Khoury,Ghassan,Los Angeles,CA,06,Infectious Disease,Claim-Specialty,Ibuprofen,Ibuprofen,15,15,340,98.67,,#,,,,,*,
1003153214,Khoury,Ghassan,Los Angeles,CA,06,Infectious Disease,Claim-Specialty,Jardiance,Empagliflozin,47,119,3570,72763.59,19,#,,,,,#,
1003153214,Khoury,Ghassan,Los Angeles,CA,06,Infectious Disease,Claim-Specialty,Ketoconazole,Ketoconazole,23,23,675,383.99,,,11,11,173.14,330,*,
1003153214,Khoury,Ghassan,Los Angeles,CA,06,Infectious Disease,Claim-Specialty,Lantus Solostar,"Insulin Glargine,hum.Rec.Anlog",23,50.5,1515,15975.75,,#,,,,,*,
1003153214,Khoury,Ghassan,Los Angeles,CA,06,Infectious Disease,Claim-Specialty,Levothyroxine Sodium,Levothyroxine Sodium,56,153,4590,1292.58,18,#,,,,,#,
1003153214,Khoury,Ghassan,Los Angeles,CA,06,Infectious Disease,Claim-Specialty,Lisinopril,Lisinopril,51,148,4440,708.55,17,#,,,,,#,
1003153214,Khoury,Ghassan,Los Angeles,CA,06,Infectious Disease,Claim-Specialty,Losartan Potassium,Losartan Potassium,67,192,5760,1694.57,28,#,,,,,#,
1003153214,Khoury,Ghassan,Los Angeles,CA,06,Infectious Disease,Claim-Specialty,Metformin Hcl,Metformin Hcl,85,244,7320,1423.09,31,,69,198,1137,5940,#,
1003153214,Khoury,Ghassan,Los Angeles,CA,06,Infectious Disease,Claim-Specialty,Metoprolol Succinate,Metoprolol Succinate,13,33,990,331.82,,*,,,,,*,
1003153214,Khoury,Ghassan,Los Angeles,CA,06,Infectious Disease,Claim-Specialty,Odefsey,Emtricitab/Rilpiviri/Tenof Ala,12,12,360,45266.64,,,0,0,0,0,#,
1003153214,Khoury,Ghassan,Los Angeles,CA,06,Infectious Disease,Claim-Specialty,Omeprazole,Omeprazole,43,115,3450,952.31,15,#,,,,,#,
1003153214,Khoury,Ghassan,Los Angeles,CA,06,Infectious Disease,Claim-Specialty,Oxybutynin Chloride,Oxybutynin Chloride,15,41,1230,596.84,,#,,,,,*,
1003153214,Khoury,Ghassan,Los Angeles,CA,06,Infectious Disease,Claim-Specialty,Ozempic,Semaglutide,27,34.5,1010,31894.23,,*,,,,,*,
1003153214,Khoury,Ghassan,Los Angeles,CA,06,Infectious Disease,Claim-Specialty,Pantoprazole Sodium,Pantoprazole Sodium,15,36,1080,315.42,,,15,36,315.42,1080,*,
1003153214,Khoury,Ghassan,Los Angeles,CA,06,Infectious Disease,Claim-Specialty,Rosuvastatin Calcium,Rosuvastatin Calcium,34,96,2880,2101.6,16,#,,,,,#,
1003153214,Khoury,Ghassan,Los Angeles,CA,06,Infectious Disease,Claim-Specialty,Sertraline Hcl,Sertraline Hcl,17,49,1470,191.15,,*,,,,,*,
1003153214,Khoury,Ghassan,Los Angeles,CA,06,Infectious Disease,Claim-Specialty,Simvastatin,Simvastatin,15,39,1170,176.35,,*,,,,,*,
1003153214,Khoury,Ghassan,Los Angeles,CA,06,Infectious Disease,Claim-Specialty,Sumatriptan Succinate,Sumatriptan Succinate,13,15,450,424.06,,,13,15,424.06,450,*,
1003153214,Khoury,Ghassan,Los Angeles,CA,06,Infectious Disease,Claim-Specialty,Tamsulosin Hcl,Tamsulosin Hcl,29,72,2152,1037.87,15,,29,72,1037.87,2152,,15
1003153214,Khoury,Ghassan,Los Angeles,CA,06,Infectious Disease,Claim-Specialty,Techlite Pen Needle,"Pen Needle, Diabetic",15,31.3,920,421.26,,*,,,,,*,
1003153214,Khoury,Ghassan,Los Angeles,CA,06,Infectious Disease,Claim-Specialty,Trazodone Hcl,Trazodone Hcl,18,26.5,795,123.56,,#,,,,,*,
1003153214,Khoury,Ghassan,Los Angeles,CA,06,Infectious Disease,Claim-Specialty,Trulicity,Dulaglutide,51,64.4,1848,67268.94,12,,33,46.4,49501.69,1344,*,
1003153214,Khoury,Ghassan,Los Angeles,CA,06,Infectious Disease,Claim-Specialty,Valacyclovir,Valacyclovir Hcl,12,22,530,540.73,,*,,,,,*,
1003154428,Gaetano,Neeru,Chino,CA,06,Physician Assistant,NPPES-Specialty,Progesterone,"Progesterone, Micronized",12,12,360,310.65,,,12,12,310.65,360,*,
1003157041,Lopez,Lissette,Riverside,CA,06,Physician Assistant,Claim-Specialty,Clindamycin Phosphate,Clindamycin Phosphate,16,16,465,480.11,,*,,,,,*,
1003157041,Lopez,Lissette,Riverside,CA,06,Physician Assistant,Claim-Specialty,Clobetasol Propionate,Clobetasol Propionate,24,24,614,3432.84,15,,24,24,3432.84,614,,15
1003157041,Lopez,Lissette,Riverside,CA,06,Physician Assistant,Claim-Specialty,Doxycycline Hyclate,Doxycycline Hyclate,17,18,517,885.48,,*,,,,,*,
1003157041,Lopez,Lissette,Riverside,CA,06,Physician Assistant,Claim-Specialty,Dupixent Pen,Dupilumab,11,11,308,43214.43,,*,,,,,*,
1003157041,Lopez,Lissette,Riverside,CA,06,Physician Assistant,Claim-Specialty,Dupixent Syringe,Dupilumab,11,11,308,36997.95,,*,,,,,*,
1003157041,Lopez,Lissette,Riverside,CA,06,Physician Assistant,Claim-Specialty,Fluocinonide,Fluocinonide,109,122.4,3428,10054.83,65,,97,106,8879.59,2954,#,
1003157041,Lopez,Lissette,Riverside,CA,06,Physician Assistant,Claim-Specialty,Hydroxyzine Hcl,Hydroxyzine Hcl,13,13,345,117.01,,*,,,,,*,
1003157041,Lopez,Lissette,Riverside,CA,06,Physician Assistant,Claim-Specialty,Ketoconazole,Ketoconazole,57,57,1594,1417.86,33,#,,,,,#,
1003157041,Lopez,Lissette,Riverside,CA,06,Physician Assistant,Claim-Specialty,Triamcinolone Acetonide,Triamcinolone Acetonide,40,52.3,1520,651.43,28,#,,,,,#,
1003158353,Carter,Angelique,Chino,CA,06,Nurse Practitioner,Claim-Specialty,Acetaminophen-Codeine,Acetaminophen With Codeine,54,58.5,1425,799.1,11,#,,,,,*,
1003158353,Carter,Angelique,Chino,CA,06,Nurse Practitioner,Claim-Specialty,Advair Diskus,Fluticasone Propion/Salmeterol,14,14,420,5959.8,,,14,14,5959.8,420,*,
1003158353,Carter,Angelique,Chino,CA,06,Nurse Practitioner,Claim-Specialty,Albuterol Sulfate Hfa,Albuterol Sulfate,11,11.8,273,459.85,,*,,,,,*,
1003158353,Carter,Angelique,Chino,CA,06,Nurse Practitioner,Claim-Specialty,Allopurinol,Allopurinol,42,48.5,1451,438.86,,,27,33.5,301.58,1004,*,
1003158353,Carter,Angelique,Chino,CA,06,Nurse Practitioner,Claim-Specialty,Alphagan P,Brimonidine Tartrate,13,15.2,457,5244.82,,,13,15.2,5244.82,457,*,
1003158353,Carter,Angelique,Chino,CA,06,Nurse Practitioner,Claim-Specialty,Amitriptyline Hcl,Amitriptyline Hcl,20,20,600,278.65,,*,,,,,*,
1003158353,Carter,Angelique,Chino,CA,06,Nurse Practitioner,Claim-Specialty,Amlodipine Besylate,Amlodipine Besylate,189,211.4,6180,1478.3,25,,66,87.5,738.6,2626,,12
1003158353,Carter,Angelique,Chino,CA,06,Nurse Practitioner,Claim-Specialty,Atorvastatin Calcium,Atorvastatin Calcium,246,307.3,9018,3527.31,39,,98,158.2,1651.27,4687,,25
1003158353,Carter,Angelique,Chino,CA,06,Nurse Practitioner,Claim-Specialty,Azithromycin,Azithromycin,17,17,85,105.42,14,*,,,,,*,
1003158353,Carter,Angelique,Chino,CA,06,Nurse Practitioner,Claim-Specialty,Baclofen,Baclofen,363,372.8,10957,7578.86,70,,262,264.8,4402.8,7782,,51
1003158353,Carter,Angelique,Chino,CA,06,Nurse Practitioner,Claim-Specialty,Benazepril Hcl,Benazepril Hcl,62,66.2,1938,557.8,,,31,35.1,336.81,1038,*,
1003158353,Carter,Angelique,Chino,CA,06,Nurse Practitioner,Claim-Specialty,Calcitriol,Calcitriol,12,12.2,365,254.07,,,0,0,0,0,#,
1003158353,Carter,Angelique,Chino,CA,06,Nurse Practitioner,Claim-Specialty,Carbamazepine,Carbamazepine,42,42.5,1243,1763.51,,,0,0,0,0,#,
1003158353,Carter,Angelique,Chino,CA,06,Nurse Practitioner,Claim-Specialty,Carvedilol,Carvedilol,31,31.3,899,272.69,,,12,12.2,84.56,365,*,
1003158353,Carter,Angelique,Chino,CA,06,Nurse Practitioner,Claim-Specialty,Chlorhexidine Gluconate,Chlorhexidine Gluconate,22,22.2,568,174.72,,,0,0,0,0,#,
1003158353,Carter,Angelique,Chino,CA,06,Nurse Practitioner,Claim-Specialty,Chlorthalidone,Chlorthalidone,22,23.3,695,539.19,,#,,,,,*,
1003158353,Carter,Angelique,Chino,CA,06,Nurse Practitioner,Claim-Specialty,Clobetasol Propionate,Clobetasol Propionate,12,12,315,2429.54,,,0,0,0,0,#,
1003158353,Carter,Angelique,Chino,CA,06,Nurse Practitioner,Claim-Specialty,Clopidogrel,Clopidogrel Bisulfate,35,35.6,1054,497.32,,#,,,,,*,
1003158353,Carter,Angelique,Chino,CA,06,Nurse Practitioner,Claim-Specialty,Clotrimazole,Clotrimazole,16,16,280,450.21,,*,,,,,*,
1003158353,Carter,Angelique,Chino,CA,06,Nurse Practitioner,Claim-Specialty,Combivent Respimat,Ipratropium/Albuterol Sulfate,11,13,390,5420.69,,,0,0,0,0,#,
1003158353,Carter,Angelique,Chino,CA,06,Nurse Practitioner,Claim-Specialty,Cyclobenzaprine Hcl,Cyclobenzaprine Hcl,91,92.6,2683,1249.58,21,,32,32.5,631.61,897,#,
1003158353,Carter,Angelique,Chino,CA,06,Nurse Practitioner,Claim-Specialty,Desmopressin Acetate,Desmopressin Acetate,14,14.2,425,2092.52,,*,,,,,*,
1003158353,Carter,Angelique,Chino,CA,06,Nurse Practitioner,Claim-Specialty,Diclofenac Sodium,Diclofenac Sodium,469,485.9,11180,12422.81,120,,302,314.8,8321.37,7321,,79
1003158353,Carter,Angelique,Chino,CA,06,Nurse Practitioner,Claim-Specialty,Donepezil Hcl,Donepezil Hcl,18,20.2,606,216.92,,,18,20.2,216.92,606,*,
1003158353,Carter,Angelique,Chino,CA,06,Nurse Practitioner,Claim-Specialty,Duloxetine Hcl,Duloxetine Hcl,164,178,5315,5322.12,33,,100,114,3459.63,3395,#,
1003158353,Carter,Angelique,Chino,CA,06,Nurse Practitioner,Claim-Specialty,Enalapril Maleate,Enalapril Maleate,12,12.2,365,903.21,,,12,12.2,903.21,365,*,
1003158353,Carter,Angelique,Chino,CA,06,Nurse Practitioner,Claim-Specialty,Famotidine,Famotidine,221,249.3,7407,1845.04,36,,121,148.3,1103.6,4441,,19
1003158353,Carter,Angelique,Chino,CA,06,Nurse Practitioner,Claim-Specialty,Fenofibrate,Fenofibrate,15,15.2,449,516.12,,#,,,,,*,
1003158353,Carter,Angelique,Chino,CA,06,Nurse Practitioner,Claim-Specialty,Fenofibrate,Fenofibrate Nanocrystallized,12,12.2,356,786.8,,,0,0,0,0,#,
1003158353,Carter,Angelique,Chino,CA,06,Nurse Practitioner,Claim-Specialty,Finasteride,Finasteride,25,27.4,820,491.89,,,25,27.4,491.89,820,*,
1003158353,Carter,Angelique,Chino,CA,06,Nurse Practitioner,Claim-Specialty,Flovent Hfa,Fluticasone Propionate,14,14,420,6434.54,,,14,14,6434.54,420,*,
1003158353,Carter,Angelique,Chino,CA,06,Nurse Practitioner,Claim-Specialty,Fluticasone Propionate,Fluticasone Propionate,69,72,2161,1290.16,17,*,,,,,*,
1003158353,Carter,Angelique,Chino,CA,06,Nurse Practitioner,Claim-Specialty,Furosemide,Furosemide,51,51.6,1538,227.85,,,37,37.6,162.47,1125,*,
1003158353,Carter,Angelique,Chino,CA,06,Nurse Practitioner,Claim-Specialty,Gabapentin,Gabapentin,782,844.8,24995,12229.79,132,,556,602.7,7866.69,17789,,99
1003158353,Carter,Angelique,Chino,CA,06,Nurse Practitioner,Claim-Specialty,Glipizide,Glipizide,40,57.8,1727,289.36,,,40,57.8,289.36,1727,*,
1003158353,Carter,Angelique,Chino,CA,06,Nurse Practitioner,Claim-Specialty,Hydrochlorothiazide,Hydrochlorothiazide,56,86.2,2562,174.09,11,,30,60,111.46,1800,*,
1003158353,Carter,Angelique,Chino,CA,06,Nurse Practitioner,Claim-Specialty,Hydrocodone-Acetaminophen,Hydrocodone/Acetaminophen,1053,1053.1,28437,20932.71,130,,785,785,15035.48,20933,,97
1003158353,Carter,Angelique,Chino,CA,06,Nurse Practitioner,Claim-Specialty,Hydroxyzine Hcl,Hydroxyzine Hcl,52,52,1489,852.87,13,*,,,,,*,
1003158353,Carter,Angelique,Chino,CA,06,Nurse Practitioner,Claim-Specialty,Ibu,Ibuprofen,12,12,360,34.41,,,12,12,34.41,360,*,
1003158353,Carter,Angelique,Chino,CA,06,Nurse Practitioner,Claim-Specialty,Ibuprofen,Ibuprofen,268,270,6370,1497.27,73,,140,142,647.16,3439,,35
1003158353,Carter,Angelique,Chino,CA,06,Nurse Practitioner,Claim-Specialty,Januvia,Sitagliptin Phosphate,31,39.3,1134,21685.12,,,18,26.3,14721.15,770,*,
1003158353,Carter,Angelique,Chino,CA,06,Nurse Practitioner,Claim-Specialty,Ketoconazole,Ketoconazole,48,48,1335,1419.18,11,,12,12,198.25,360,*,
1003158353,Carter,Angelique,Chino,CA,06,Nurse Practitioner,Claim-Specialty,Lactulose,Lactulose,97,98,2579,4303.13,20,,44,44.5,2094.65,1122,#,
1003158353,Carter,Angelique,Chino,CA,06,Nurse Practitioner,Claim-Specialty,Lamotrigine,Lamotrigine,16,16.2,481,187.07,,,0,0,0,0,#,
1003158353,Carter,Angelique,Chino,CA,06,Nurse Practitioner,Claim-Specialty,Latanoprost,Latanoprost,11,12.6,346,203.84,,*,,,,,*,
1003158353,Carter,Angelique,Chino,CA,06,Nurse Practitioner,Claim-Specialty,Levetiracetam,Levetiracetam,120,123.4,3636,3354.9,11,*,,,,,*,
1003158353,Carter,Angelique,Chino,CA,06,Nurse Practitioner,Claim-Specialty,Levothyroxine Sodium,Levothyroxine Sodium,362,398.7,11674,5129.97,45,,108,139.7,1693.32,4178,,17
1003158353,Carter,Angelique,Chino,CA,06,Nurse Practitioner,Claim-Specialty,Lidocaine,Lidocaine,56,59.7,1684,4082.4,16,,41,44.7,2846.64,1234,#,
1003158353,Carter,Angelique,Chino,CA,06,Nurse Practitioner,Claim-Specialty,Lidocaine-Prilocaine,Lidocaine/Prilocaine,192,198,5291,4518.5,47,,153,158,3525.53,4255,#,
1003158353,Carter,Angelique,Chino,CA,06,Nurse Practitioner,Claim-Specialty,Linzess,Linaclotide,13,19,531,9625.44,,*,,,,,*,
1003158353,Carter,Angelique,Chino,CA,06,Nurse Practitioner,Claim-Specialty,Lisinopril,Lisinopril,94,109.8,3223,641.16,13,,21,33.2,241.75,981,*,
1003158353,Carter,Angelique,Chino,CA,06,Nurse Practitioner,Claim-Specialty,Lisinopril-Hydrochlorothiazide,Lisinopril/Hydrochlorothiazide,14,18.2,545,64.81,,*,,,,,*,
1003158353,Carter,Angelique,Chino,CA,06,Nurse Practitioner,Claim-Specialty,Loperamide,Loperamide Hcl,11,11,238,133.91,,*,,,,,*,
1003158353,Carter,Angelique,Chino,CA,06,Nurse Practitioner,Claim-Specialty,Losartan Potassium,Losartan Potassium,69,110.4,3280,748.93,17,,48,88.2,582.34,2645,#,
1003158353,Carter,Angelique,Chino,CA,06,Nurse Practitioner,Claim-Specialty,Losartan-Hydrochlorothiazide,Losartan/Hydrochlorothiazide,22,24.2,724,364.87,,*,,,,,*,
1003158353,Carter,Angelique,Chino,CA,06,Nurse Practitioner,Claim-Specialty,Lovastatin,Lovastatin,40,52,1508,282.85,,,14,26,87.61,780,*,
1003158353,Carter,Angelique,Chino,CA,06,Nurse Practitioner,Claim-Specialty,Lumigan,Bimatoprost,13,15.6,468,6453.78,,,13,15.6,6453.78,468,*,
1003158353,Carter,Angelique,Chino,CA,06,Nurse Practitioner,Claim-Specialty,Lyrica,Pregabalin,14,14,420,9373.8,,,14,14,9373.8,420,*,
1003158353,Carter,Angelique,Chino,CA,06,Nurse Practitioner,Claim-Specialty,Medroxyprogesterone Acetate,Medroxyprogesterone Acetate,26,78,2340,1423.08,,,0,0,0,0,#,
